ARM GAS  C:\Users\843E~1\AppData\Local\Temp\ccnpSKQK.s 			page 1


   1              		.cpu cortex-m4
   2              		.arch armv7e-m
   3              		.fpu fpv4-sp-d16
   4              		.eabi_attribute 27, 1
   5              		.eabi_attribute 28, 1
   6              		.eabi_attribute 20, 1
   7              		.eabi_attribute 21, 1
   8              		.eabi_attribute 23, 3
   9              		.eabi_attribute 24, 1
  10              		.eabi_attribute 25, 1
  11              		.eabi_attribute 26, 1
  12              		.eabi_attribute 30, 1
  13              		.eabi_attribute 34, 1
  14              		.eabi_attribute 18, 4
  15              		.file	"app_ble.c"
  16              		.text
  17              	.Ltext0:
  18              		.cfi_sections	.debug_frame
  19              		.section	.text.Ble_Supervisor_Req,"ax",%progbits
  20              		.align	1
  21              		.syntax unified
  22              		.thumb
  23              		.thumb_func
  25              	Ble_Supervisor_Req:
  26              	.LFB1269:
  27              		.file 1 "STM32_WPAN/App/app_ble.c"
   1:STM32_WPAN/App/app_ble.c **** /* USER CODE BEGIN Header */
   2:STM32_WPAN/App/app_ble.c **** /**
   3:STM32_WPAN/App/app_ble.c ****   ******************************************************************************
   4:STM32_WPAN/App/app_ble.c ****   * @file    App/app_ble.c
   5:STM32_WPAN/App/app_ble.c ****   * @author  MCD Application Team
   6:STM32_WPAN/App/app_ble.c ****   * @brief   BLE Application
   7:STM32_WPAN/App/app_ble.c ****   *****************************************************************************
   8:STM32_WPAN/App/app_ble.c ****   * @attention
   9:STM32_WPAN/App/app_ble.c ****   *
  10:STM32_WPAN/App/app_ble.c ****   * Copyright (c) 2024 STMicroelectronics.
  11:STM32_WPAN/App/app_ble.c ****   * All rights reserved.
  12:STM32_WPAN/App/app_ble.c ****   *
  13:STM32_WPAN/App/app_ble.c ****   * This software is licensed under terms that can be found in the LICENSE file
  14:STM32_WPAN/App/app_ble.c ****   * in the root directory of this software component.
  15:STM32_WPAN/App/app_ble.c ****   * If no LICENSE file comes with this software, it is provided AS-IS.
  16:STM32_WPAN/App/app_ble.c ****   *
  17:STM32_WPAN/App/app_ble.c ****   ******************************************************************************
  18:STM32_WPAN/App/app_ble.c ****   */
  19:STM32_WPAN/App/app_ble.c **** /* USER CODE END Header */
  20:STM32_WPAN/App/app_ble.c **** 
  21:STM32_WPAN/App/app_ble.c **** /* Includes ------------------------------------------------------------------*/
  22:STM32_WPAN/App/app_ble.c **** #include "main.h"
  23:STM32_WPAN/App/app_ble.c **** 
  24:STM32_WPAN/App/app_ble.c **** #include "app_common.h"
  25:STM32_WPAN/App/app_ble.c **** 
  26:STM32_WPAN/App/app_ble.c **** #include "dbg_trace.h"
  27:STM32_WPAN/App/app_ble.c **** #include "ble.h"
  28:STM32_WPAN/App/app_ble.c **** #include "tl.h"
  29:STM32_WPAN/App/app_ble.c **** #include "app_ble.h"
  30:STM32_WPAN/App/app_ble.c **** #include <string.h>
  31:STM32_WPAN/App/app_ble.c **** 
ARM GAS  C:\Users\843E~1\AppData\Local\Temp\ccnpSKQK.s 			page 2


  32:STM32_WPAN/App/app_ble.c **** #include "stm32_seq.h"
  33:STM32_WPAN/App/app_ble.c **** #include "shci.h"
  34:STM32_WPAN/App/app_ble.c **** #include "stm32_lpm.h"
  35:STM32_WPAN/App/app_ble.c **** #include "otp.h"
  36:STM32_WPAN/App/app_ble.c **** 
  37:STM32_WPAN/App/app_ble.c **** #include "p2p_server_app.h"
  38:STM32_WPAN/App/app_ble.c **** #include "sensor_task.h"
  39:STM32_WPAN/App/app_ble.c **** 
  40:STM32_WPAN/App/app_ble.c **** /* Private includes ----------------------------------------------------------*/
  41:STM32_WPAN/App/app_ble.c **** /* USER CODE BEGIN Includes */
  42:STM32_WPAN/App/app_ble.c **** #include <stdio.h>
  43:STM32_WPAN/App/app_ble.c **** /* USER CODE END Includes */
  44:STM32_WPAN/App/app_ble.c **** 
  45:STM32_WPAN/App/app_ble.c **** /* Private typedef -----------------------------------------------------------*/
  46:STM32_WPAN/App/app_ble.c **** 
  47:STM32_WPAN/App/app_ble.c **** /**
  48:STM32_WPAN/App/app_ble.c ****  * security parameters structure
  49:STM32_WPAN/App/app_ble.c ****  */
  50:STM32_WPAN/App/app_ble.c **** typedef struct _tSecurityParams
  51:STM32_WPAN/App/app_ble.c **** {
  52:STM32_WPAN/App/app_ble.c ****   /**
  53:STM32_WPAN/App/app_ble.c ****    * IO capability of the device
  54:STM32_WPAN/App/app_ble.c ****    */
  55:STM32_WPAN/App/app_ble.c ****   uint8_t ioCapability;
  56:STM32_WPAN/App/app_ble.c **** 
  57:STM32_WPAN/App/app_ble.c ****   /**
  58:STM32_WPAN/App/app_ble.c ****    * Authentication requirement of the device
  59:STM32_WPAN/App/app_ble.c ****    * Man In the Middle protection required?
  60:STM32_WPAN/App/app_ble.c ****    */
  61:STM32_WPAN/App/app_ble.c ****   uint8_t mitm_mode;
  62:STM32_WPAN/App/app_ble.c **** 
  63:STM32_WPAN/App/app_ble.c ****   /**
  64:STM32_WPAN/App/app_ble.c ****    * bonding mode of the device
  65:STM32_WPAN/App/app_ble.c ****    */
  66:STM32_WPAN/App/app_ble.c ****   uint8_t bonding_mode;
  67:STM32_WPAN/App/app_ble.c **** 
  68:STM32_WPAN/App/app_ble.c ****   /**
  69:STM32_WPAN/App/app_ble.c ****    * this variable indicates whether to use a fixed pin
  70:STM32_WPAN/App/app_ble.c ****    * during the pairing process or a passkey has to be
  71:STM32_WPAN/App/app_ble.c ****    * requested to the application during the pairing process
  72:STM32_WPAN/App/app_ble.c ****    * 0 implies use fixed pin and 1 implies request for passkey
  73:STM32_WPAN/App/app_ble.c ****    */
  74:STM32_WPAN/App/app_ble.c ****   uint8_t Use_Fixed_Pin;
  75:STM32_WPAN/App/app_ble.c **** 
  76:STM32_WPAN/App/app_ble.c ****   /**
  77:STM32_WPAN/App/app_ble.c ****    * minimum encryption key size requirement
  78:STM32_WPAN/App/app_ble.c ****    */
  79:STM32_WPAN/App/app_ble.c ****   uint8_t encryptionKeySizeMin;
  80:STM32_WPAN/App/app_ble.c **** 
  81:STM32_WPAN/App/app_ble.c ****   /**
  82:STM32_WPAN/App/app_ble.c ****    * maximum encryption key size requirement
  83:STM32_WPAN/App/app_ble.c ****    */
  84:STM32_WPAN/App/app_ble.c ****   uint8_t encryptionKeySizeMax;
  85:STM32_WPAN/App/app_ble.c **** 
  86:STM32_WPAN/App/app_ble.c ****   /**
  87:STM32_WPAN/App/app_ble.c ****    * fixed pin to be used in the pairing process if
  88:STM32_WPAN/App/app_ble.c ****    * Use_Fixed_Pin is set to 1
ARM GAS  C:\Users\843E~1\AppData\Local\Temp\ccnpSKQK.s 			page 3


  89:STM32_WPAN/App/app_ble.c ****    */
  90:STM32_WPAN/App/app_ble.c ****   uint32_t Fixed_Pin;
  91:STM32_WPAN/App/app_ble.c **** 
  92:STM32_WPAN/App/app_ble.c ****   /**
  93:STM32_WPAN/App/app_ble.c ****    * this flag indicates whether the host has to initiate
  94:STM32_WPAN/App/app_ble.c ****    * the security, wait for pairing or does not have any security
  95:STM32_WPAN/App/app_ble.c ****    * requirements.
  96:STM32_WPAN/App/app_ble.c ****    * 0x00 : no security required
  97:STM32_WPAN/App/app_ble.c ****    * 0x01 : host should initiate security by sending the slave security
  98:STM32_WPAN/App/app_ble.c ****    *        request command
  99:STM32_WPAN/App/app_ble.c ****    * 0x02 : host need not send the clave security request but it
 100:STM32_WPAN/App/app_ble.c ****    * has to wait for paiirng to complete before doing any other
 101:STM32_WPAN/App/app_ble.c ****    * processing
 102:STM32_WPAN/App/app_ble.c ****    */
 103:STM32_WPAN/App/app_ble.c ****   uint8_t initiateSecurity;
 104:STM32_WPAN/App/app_ble.c ****   /* USER CODE BEGIN tSecurityParams*/
 105:STM32_WPAN/App/app_ble.c **** 
 106:STM32_WPAN/App/app_ble.c ****   /* USER CODE END tSecurityParams */
 107:STM32_WPAN/App/app_ble.c **** }tSecurityParams;
 108:STM32_WPAN/App/app_ble.c **** 
 109:STM32_WPAN/App/app_ble.c **** /**
 110:STM32_WPAN/App/app_ble.c ****  * global context
 111:STM32_WPAN/App/app_ble.c ****  * contains the variables common to all
 112:STM32_WPAN/App/app_ble.c ****  * services
 113:STM32_WPAN/App/app_ble.c ****  */
 114:STM32_WPAN/App/app_ble.c **** typedef struct _tBLEProfileGlobalContext
 115:STM32_WPAN/App/app_ble.c **** {
 116:STM32_WPAN/App/app_ble.c ****   /**
 117:STM32_WPAN/App/app_ble.c ****    * security requirements of the host
 118:STM32_WPAN/App/app_ble.c ****    */
 119:STM32_WPAN/App/app_ble.c ****   tSecurityParams bleSecurityParam;
 120:STM32_WPAN/App/app_ble.c **** 
 121:STM32_WPAN/App/app_ble.c ****   /**
 122:STM32_WPAN/App/app_ble.c ****    * gap service handle
 123:STM32_WPAN/App/app_ble.c ****    */
 124:STM32_WPAN/App/app_ble.c ****   uint16_t gapServiceHandle;
 125:STM32_WPAN/App/app_ble.c **** 
 126:STM32_WPAN/App/app_ble.c ****   /**
 127:STM32_WPAN/App/app_ble.c ****    * device name characteristic handle
 128:STM32_WPAN/App/app_ble.c ****    */
 129:STM32_WPAN/App/app_ble.c ****   uint16_t devNameCharHandle;
 130:STM32_WPAN/App/app_ble.c **** 
 131:STM32_WPAN/App/app_ble.c ****   /**
 132:STM32_WPAN/App/app_ble.c ****    * appearance characteristic handle
 133:STM32_WPAN/App/app_ble.c ****    */
 134:STM32_WPAN/App/app_ble.c ****   uint16_t appearanceCharHandle;
 135:STM32_WPAN/App/app_ble.c **** 
 136:STM32_WPAN/App/app_ble.c ****   /**
 137:STM32_WPAN/App/app_ble.c ****    * connection handle of the current active connection
 138:STM32_WPAN/App/app_ble.c ****    * When not in connection, the handle is set to 0xFFFF
 139:STM32_WPAN/App/app_ble.c ****    */
 140:STM32_WPAN/App/app_ble.c ****   uint16_t connectionHandle;
 141:STM32_WPAN/App/app_ble.c **** 
 142:STM32_WPAN/App/app_ble.c ****   /**
 143:STM32_WPAN/App/app_ble.c ****    * length of the UUID list to be used while advertising
 144:STM32_WPAN/App/app_ble.c ****    */
 145:STM32_WPAN/App/app_ble.c ****   uint8_t advtServUUIDlen;
ARM GAS  C:\Users\843E~1\AppData\Local\Temp\ccnpSKQK.s 			page 4


 146:STM32_WPAN/App/app_ble.c **** 
 147:STM32_WPAN/App/app_ble.c ****   /**
 148:STM32_WPAN/App/app_ble.c ****    * the UUID list to be used while advertising
 149:STM32_WPAN/App/app_ble.c ****    */
 150:STM32_WPAN/App/app_ble.c ****   uint8_t advtServUUID[100];
 151:STM32_WPAN/App/app_ble.c ****   /* USER CODE BEGIN BleGlobalContext_t*/
 152:STM32_WPAN/App/app_ble.c **** 
 153:STM32_WPAN/App/app_ble.c ****   /* USER CODE END BleGlobalContext_t */
 154:STM32_WPAN/App/app_ble.c **** }BleGlobalContext_t;
 155:STM32_WPAN/App/app_ble.c **** 
 156:STM32_WPAN/App/app_ble.c **** typedef struct
 157:STM32_WPAN/App/app_ble.c **** {
 158:STM32_WPAN/App/app_ble.c ****   BleGlobalContext_t BleApplicationContext_legacy;
 159:STM32_WPAN/App/app_ble.c ****   APP_BLE_ConnStatus_t Device_Connection_Status;
 160:STM32_WPAN/App/app_ble.c **** 
 161:STM32_WPAN/App/app_ble.c ****   /**
 162:STM32_WPAN/App/app_ble.c ****    * ID of the Advertising Timeout
 163:STM32_WPAN/App/app_ble.c ****    */
 164:STM32_WPAN/App/app_ble.c ****   uint8_t Advertising_mgr_timer_Id;
 165:STM32_WPAN/App/app_ble.c ****   uint8_t SwitchOffGPIO_timer_Id;
 166:STM32_WPAN/App/app_ble.c ****   /* USER CODE BEGIN PTD_1*/
 167:STM32_WPAN/App/app_ble.c **** 
 168:STM32_WPAN/App/app_ble.c ****   /* USER CODE END PTD_1 */
 169:STM32_WPAN/App/app_ble.c **** }BleApplicationContext_t;
 170:STM32_WPAN/App/app_ble.c **** 
 171:STM32_WPAN/App/app_ble.c **** /* USER CODE BEGIN PTD */
 172:STM32_WPAN/App/app_ble.c **** 
 173:STM32_WPAN/App/app_ble.c **** /* USER CODE END PTD */
 174:STM32_WPAN/App/app_ble.c **** 
 175:STM32_WPAN/App/app_ble.c **** /* Private defines -----------------------------------------------------------*/
 176:STM32_WPAN/App/app_ble.c **** #define APPBLE_GAP_DEVICE_NAME_LENGTH 10   /* "Numa-XXXX" = 9 символов */
 177:STM32_WPAN/App/app_ble.c **** #define FAST_ADV_TIMEOUT               (30*1000*1000/CFG_TS_TICK_VAL) /**< 30s */
 178:STM32_WPAN/App/app_ble.c **** #define INITIAL_ADV_TIMEOUT            (60*1000*1000/CFG_TS_TICK_VAL) /**< 60s */
 179:STM32_WPAN/App/app_ble.c **** 
 180:STM32_WPAN/App/app_ble.c **** #define BD_ADDR_SIZE_LOCAL    6
 181:STM32_WPAN/App/app_ble.c **** 
 182:STM32_WPAN/App/app_ble.c **** /* USER CODE BEGIN PD */
 183:STM32_WPAN/App/app_ble.c **** /* Reconnect supervisor: runs every BLE_SUPERVISOR_PERIOD_S seconds. */
 184:STM32_WPAN/App/app_ble.c **** #define BLE_SUPERVISOR_PERIOD_S      15U
 185:STM32_WPAN/App/app_ble.c **** #define BLE_SUPERVISOR_TICKS         ((BLE_SUPERVISOR_PERIOD_S * 1000U * 1000U) / CFG_TS_TICK_VAL)
 186:STM32_WPAN/App/app_ble.c **** /* While not connected, re-arm advertising every N supervisor periods (20 x 15 s = 5 min). */
 187:STM32_WPAN/App/app_ble.c **** #define BLE_ADV_REFRESH_PERIODS      20U
 188:STM32_WPAN/App/app_ble.c **** /* Hardware watchdog (IWDG). Set to 0 to disable. Timeout is ~32 s, kicked by the supervisor. */
 189:STM32_WPAN/App/app_ble.c **** #define APP_USE_IWDG                 1
 190:STM32_WPAN/App/app_ble.c **** /* USER CODE END PD */
 191:STM32_WPAN/App/app_ble.c **** 
 192:STM32_WPAN/App/app_ble.c **** /* Private macro -------------------------------------------------------------*/
 193:STM32_WPAN/App/app_ble.c **** /* USER CODE BEGIN PM */
 194:STM32_WPAN/App/app_ble.c **** 
 195:STM32_WPAN/App/app_ble.c **** /* USER CODE END PM */
 196:STM32_WPAN/App/app_ble.c **** 
 197:STM32_WPAN/App/app_ble.c **** /* Private variables ---------------------------------------------------------*/
 198:STM32_WPAN/App/app_ble.c **** PLACE_IN_SECTION("MB_MEM1") ALIGN(4) static TL_CmdPacket_t BleCmdBuffer;
 199:STM32_WPAN/App/app_ble.c **** 
 200:STM32_WPAN/App/app_ble.c **** static const uint8_t a_MBdAddr[BD_ADDR_SIZE_LOCAL] =
 201:STM32_WPAN/App/app_ble.c **** {
 202:STM32_WPAN/App/app_ble.c ****   (uint8_t)((CFG_ADV_BD_ADDRESS & 0x0000000000FF)),
ARM GAS  C:\Users\843E~1\AppData\Local\Temp\ccnpSKQK.s 			page 5


 203:STM32_WPAN/App/app_ble.c ****   (uint8_t)((CFG_ADV_BD_ADDRESS & 0x00000000FF00) >> 8),
 204:STM32_WPAN/App/app_ble.c ****   (uint8_t)((CFG_ADV_BD_ADDRESS & 0x000000FF0000) >> 16),
 205:STM32_WPAN/App/app_ble.c ****   (uint8_t)((CFG_ADV_BD_ADDRESS & 0x0000FF000000) >> 24),
 206:STM32_WPAN/App/app_ble.c ****   (uint8_t)((CFG_ADV_BD_ADDRESS & 0x00FF00000000) >> 32),
 207:STM32_WPAN/App/app_ble.c ****   (uint8_t)((CFG_ADV_BD_ADDRESS & 0xFF0000000000) >> 40)
 208:STM32_WPAN/App/app_ble.c **** };
 209:STM32_WPAN/App/app_ble.c **** 
 210:STM32_WPAN/App/app_ble.c **** static uint8_t a_BdAddrUdn[BD_ADDR_SIZE_LOCAL];
 211:STM32_WPAN/App/app_ble.c **** static uint8_t a_bd_addr[6] = {0};
 212:STM32_WPAN/App/app_ble.c **** /**
 213:STM32_WPAN/App/app_ble.c ****  *   Identity root key used to derive IRK and DHK(Legacy)
 214:STM32_WPAN/App/app_ble.c ****  */
 215:STM32_WPAN/App/app_ble.c **** static const uint8_t a_BLE_CfgIrValue[16] = CFG_BLE_IR;
 216:STM32_WPAN/App/app_ble.c **** 
 217:STM32_WPAN/App/app_ble.c **** /**
 218:STM32_WPAN/App/app_ble.c ****  * Encryption root key used to derive LTK(Legacy) and CSRK
 219:STM32_WPAN/App/app_ble.c ****  */
 220:STM32_WPAN/App/app_ble.c **** static const uint8_t a_BLE_CfgErValue[16] = CFG_BLE_ER;
 221:STM32_WPAN/App/app_ble.c **** 
 222:STM32_WPAN/App/app_ble.c **** /**
 223:STM32_WPAN/App/app_ble.c ****  * These are the two tags used to manage a power failure during OTA
 224:STM32_WPAN/App/app_ble.c ****  * The MagicKeywordAdress shall be mapped @0x140 from start of the binary image
 225:STM32_WPAN/App/app_ble.c ****  * The MagicKeywordvalue is checked in the ble_ota application
 226:STM32_WPAN/App/app_ble.c ****  */
 227:STM32_WPAN/App/app_ble.c **** PLACE_IN_SECTION("TAG_OTA_END") const uint32_t MagicKeywordValue = 0x94448A29 ;
 228:STM32_WPAN/App/app_ble.c **** PLACE_IN_SECTION("TAG_OTA_START") const uint32_t MagicKeywordAddress = (uint32_t)&MagicKeywordValue
 229:STM32_WPAN/App/app_ble.c **** 
 230:STM32_WPAN/App/app_ble.c **** static BleApplicationContext_t BleApplicationContext;
 231:STM32_WPAN/App/app_ble.c **** static uint16_t AdvIntervalMin, AdvIntervalMax;
 232:STM32_WPAN/App/app_ble.c **** 
 233:STM32_WPAN/App/app_ble.c **** P2PS_APP_ConnHandle_Not_evt_t HandleNotification;
 234:STM32_WPAN/App/app_ble.c **** 
 235:STM32_WPAN/App/app_ble.c **** #if (L2CAP_REQUEST_NEW_CONN_PARAM != 0)
 236:STM32_WPAN/App/app_ble.c **** #define SIZE_TAB_CONN_INT            2
 237:STM32_WPAN/App/app_ble.c **** float a_ConnInterval[SIZE_TAB_CONN_INT] = {50, 1000}; /* ms */
 238:STM32_WPAN/App/app_ble.c **** uint8_t index_con_int, mutex;
 239:STM32_WPAN/App/app_ble.c **** #endif /* L2CAP_REQUEST_NEW_CONN_PARAM != 0 */
 240:STM32_WPAN/App/app_ble.c **** 
 241:STM32_WPAN/App/app_ble.c **** /**
 242:STM32_WPAN/App/app_ble.c ****  * Advertising Data
 243:STM32_WPAN/App/app_ble.c ****  */
 244:STM32_WPAN/App/app_ble.c **** #if (P2P_SERVER1 != 0)
 245:STM32_WPAN/App/app_ble.c **** #define LOCAL_NAME_MAX_LEN   (1 + CFG_GAP_DEVICE_NAME_LENGTH)
 246:STM32_WPAN/App/app_ble.c **** static uint8_t a_LocalName[LOCAL_NAME_MAX_LEN] = {AD_TYPE_COMPLETE_LOCAL_NAME, 'P', '2', 'P', 'S', 
 247:STM32_WPAN/App/app_ble.c **** static uint8_t a_LocalName_len = 8; /* дефолт: AD_TYPE + 7 символов */
 248:STM32_WPAN/App/app_ble.c **** uint8_t a_ManufData[14] = {sizeof(a_ManufData)-1,
 249:STM32_WPAN/App/app_ble.c ****                            AD_TYPE_MANUFACTURER_SPECIFIC_DATA,
 250:STM32_WPAN/App/app_ble.c ****                            0x01,                               /*SKD version */
 251:STM32_WPAN/App/app_ble.c ****                            CFG_DEV_ID_P2P_SERVER1,             /* STM32WB - P2P Server 1*/
 252:STM32_WPAN/App/app_ble.c ****                            0x00,                               /* GROUP A Feature */
 253:STM32_WPAN/App/app_ble.c ****                            0x00,                               /* GROUP A Feature */
 254:STM32_WPAN/App/app_ble.c ****                            0x00,                               /* GROUP B Feature */
 255:STM32_WPAN/App/app_ble.c ****                            0x00,                               /* GROUP B Feature */
 256:STM32_WPAN/App/app_ble.c ****                            0x00,                               /* BLE MAC start -MSB */
 257:STM32_WPAN/App/app_ble.c ****                            0x00,
 258:STM32_WPAN/App/app_ble.c ****                            0x00,
 259:STM32_WPAN/App/app_ble.c ****                            0x00,
ARM GAS  C:\Users\843E~1\AppData\Local\Temp\ccnpSKQK.s 			page 6


 260:STM32_WPAN/App/app_ble.c ****                            0x00,
 261:STM32_WPAN/App/app_ble.c ****                            0x00,                               /* BLE MAC stop */
 262:STM32_WPAN/App/app_ble.c ****                           };
 263:STM32_WPAN/App/app_ble.c **** #endif /* P2P_SERVER1 != 0 */
 264:STM32_WPAN/App/app_ble.c **** /**
 265:STM32_WPAN/App/app_ble.c ****  * Advertising Data
 266:STM32_WPAN/App/app_ble.c ****  */
 267:STM32_WPAN/App/app_ble.c **** #if (P2P_SERVER2 != 0)
 268:STM32_WPAN/App/app_ble.c **** static const char a_LocalName[] = {AD_TYPE_COMPLETE_LOCAL_NAME, 'P', '2', 'P', 'S', 'R', 'V', '2'};
 269:STM32_WPAN/App/app_ble.c **** uint8_t a_ManufData[14] = {sizeof(a_ManufData)-1,
 270:STM32_WPAN/App/app_ble.c ****                            AD_TYPE_MANUFACTURER_SPECIFIC_DATA,
 271:STM32_WPAN/App/app_ble.c ****                            0x01,                               /*SKD version */
 272:STM32_WPAN/App/app_ble.c ****                            CFG_DEV_ID_P2P_SERVER2,             /* STM32WB - P2P Server 2*/
 273:STM32_WPAN/App/app_ble.c ****                            0x00,                               /* GROUP A Feature */
 274:STM32_WPAN/App/app_ble.c ****                            0x00,                               /* GROUP A Feature */
 275:STM32_WPAN/App/app_ble.c ****                            0x00,                               /* GROUP B Feature */
 276:STM32_WPAN/App/app_ble.c ****                            0x00,                               /* GROUP B Feature */
 277:STM32_WPAN/App/app_ble.c ****                            0x00,                               /* BLE MAC start -MSB */
 278:STM32_WPAN/App/app_ble.c ****                            0x00,
 279:STM32_WPAN/App/app_ble.c ****                            0x00,
 280:STM32_WPAN/App/app_ble.c ****                            0x00,
 281:STM32_WPAN/App/app_ble.c ****                            0x00,
 282:STM32_WPAN/App/app_ble.c ****                            0x00,                               /* BLE MAC stop */
 283:STM32_WPAN/App/app_ble.c ****                           };
 284:STM32_WPAN/App/app_ble.c **** 
 285:STM32_WPAN/App/app_ble.c **** #endif /* P2P_SERVER2 != 0 */
 286:STM32_WPAN/App/app_ble.c **** 
 287:STM32_WPAN/App/app_ble.c **** #if (P2P_SERVER3 != 0)
 288:STM32_WPAN/App/app_ble.c **** static const char a_LocalName[] = {AD_TYPE_COMPLETE_LOCAL_NAME, 'P', '2', 'P', 'S', 'R', 'V', '3'};
 289:STM32_WPAN/App/app_ble.c **** uint8_t a_ManufData[14] = {sizeof(a_ManufData)-1,
 290:STM32_WPAN/App/app_ble.c ****                            AD_TYPE_MANUFACTURER_SPECIFIC_DATA,
 291:STM32_WPAN/App/app_ble.c ****                            0x01,                               /*SKD version */
 292:STM32_WPAN/App/app_ble.c ****                            CFG_DEV_ID_P2P_SERVER3,             /* STM32WB - P2P Server 3*/
 293:STM32_WPAN/App/app_ble.c ****                            0x00,                               /* GROUP A Feature */
 294:STM32_WPAN/App/app_ble.c ****                            0x00,                               /* GROUP A Feature */
 295:STM32_WPAN/App/app_ble.c ****                            0x00,                               /* GROUP B Feature */
 296:STM32_WPAN/App/app_ble.c ****                            0x00,                               /* GROUP B Feature */
 297:STM32_WPAN/App/app_ble.c ****                            0x00,                               /* BLE MAC start -MSB */
 298:STM32_WPAN/App/app_ble.c ****                            0x00,
 299:STM32_WPAN/App/app_ble.c ****                            0x00,
 300:STM32_WPAN/App/app_ble.c ****                            0x00,
 301:STM32_WPAN/App/app_ble.c ****                            0x00,
 302:STM32_WPAN/App/app_ble.c ****                            0x00,                               /* BLE MAC stop */
 303:STM32_WPAN/App/app_ble.c ****                           };
 304:STM32_WPAN/App/app_ble.c **** #endif /* P2P_SERVER3 != 0 */
 305:STM32_WPAN/App/app_ble.c **** 
 306:STM32_WPAN/App/app_ble.c **** #if (P2P_SERVER4 != 0)
 307:STM32_WPAN/App/app_ble.c **** static const char a_LocalName[] = {AD_TYPE_COMPLETE_LOCAL_NAME, 'P', '2', 'P', 'S', 'R', 'V', '4'};
 308:STM32_WPAN/App/app_ble.c **** uint8_t a_ManufData[14] = {sizeof(a_ManufData)-1,
 309:STM32_WPAN/App/app_ble.c ****                            AD_TYPE_MANUFACTURER_SPECIFIC_DATA,
 310:STM32_WPAN/App/app_ble.c ****                            0x01,                               /*SKD version */
 311:STM32_WPAN/App/app_ble.c ****                            CFG_DEV_ID_P2P_SERVER4,             /* STM32WB - P2P Server 4*/
 312:STM32_WPAN/App/app_ble.c ****                            0x00,                               /* GROUP A Feature */
 313:STM32_WPAN/App/app_ble.c ****                            0x00,                               /* GROUP A Feature */
 314:STM32_WPAN/App/app_ble.c ****                            0x00,                               /* GROUP B Feature */
 315:STM32_WPAN/App/app_ble.c ****                            0x00,                               /* GROUP B Feature */
 316:STM32_WPAN/App/app_ble.c ****                            0x00,                               /* BLE MAC start -MSB */
ARM GAS  C:\Users\843E~1\AppData\Local\Temp\ccnpSKQK.s 			page 7


 317:STM32_WPAN/App/app_ble.c ****                            0x00,
 318:STM32_WPAN/App/app_ble.c ****                            0x00,
 319:STM32_WPAN/App/app_ble.c ****                            0x00,
 320:STM32_WPAN/App/app_ble.c ****                            0x00,
 321:STM32_WPAN/App/app_ble.c ****                            0x00,                               /* BLE MAC stop */
 322:STM32_WPAN/App/app_ble.c ****                           };
 323:STM32_WPAN/App/app_ble.c **** #endif /* P2P_SERVER4 != 0 */
 324:STM32_WPAN/App/app_ble.c **** 
 325:STM32_WPAN/App/app_ble.c **** #if (P2P_SERVER5 != 0)
 326:STM32_WPAN/App/app_ble.c **** static const char a_LocalName[] = {AD_TYPE_COMPLETE_LOCAL_NAME, 'P', '2', 'P', 'S', 'R', 'V', '5'};
 327:STM32_WPAN/App/app_ble.c **** uint8_t a_ManufData[14] = {sizeof(a_ManufData)-1,
 328:STM32_WPAN/App/app_ble.c ****                            AD_TYPE_MANUFACTURER_SPECIFIC_DATA,
 329:STM32_WPAN/App/app_ble.c ****                            0x01,                               /*SKD version */
 330:STM32_WPAN/App/app_ble.c ****                            CFG_DEV_ID_P2P_SERVER5,             /* STM32WB - P2P Server 5*/
 331:STM32_WPAN/App/app_ble.c ****                            0x00,                               /* GROUP A Feature */
 332:STM32_WPAN/App/app_ble.c ****                            0x00,                               /* GROUP A Feature */
 333:STM32_WPAN/App/app_ble.c ****                            0x00,                               /* GROUP B Feature */
 334:STM32_WPAN/App/app_ble.c ****                            0x00,                               /* GROUP B Feature */
 335:STM32_WPAN/App/app_ble.c ****                            0x00,                               /* BLE MAC start -MSB */
 336:STM32_WPAN/App/app_ble.c ****                            0x00,
 337:STM32_WPAN/App/app_ble.c ****                            0x00,
 338:STM32_WPAN/App/app_ble.c ****                            0x00,
 339:STM32_WPAN/App/app_ble.c ****                            0x00,
 340:STM32_WPAN/App/app_ble.c ****                            0x00,                               /* BLE MAC stop */
 341:STM32_WPAN/App/app_ble.c ****                           };
 342:STM32_WPAN/App/app_ble.c **** #endif /* P2P_SERVER5 != 0 */
 343:STM32_WPAN/App/app_ble.c **** 
 344:STM32_WPAN/App/app_ble.c **** #if (P2P_SERVER6 != 0)
 345:STM32_WPAN/App/app_ble.c **** static const char a_LocalName[] = {AD_TYPE_COMPLETE_LOCAL_NAME, 'P', '2', 'P', 'S', 'R', 'V', '6'};
 346:STM32_WPAN/App/app_ble.c **** uint8_t a_ManufData[14] = {sizeof(a_ManufData)-1,
 347:STM32_WPAN/App/app_ble.c ****                            AD_TYPE_MANUFACTURER_SPECIFIC_DATA,
 348:STM32_WPAN/App/app_ble.c ****                            0x01,                               /*SKD version */
 349:STM32_WPAN/App/app_ble.c ****                            CFG_DEV_ID_P2P_SERVER6,             /* STM32WB - P2P Server 6*/
 350:STM32_WPAN/App/app_ble.c ****                            0x00,                               /* GROUP A Feature */
 351:STM32_WPAN/App/app_ble.c ****                            0x00,                               /* GROUP A Feature */
 352:STM32_WPAN/App/app_ble.c ****                            0x00,                               /* GROUP B Feature */
 353:STM32_WPAN/App/app_ble.c ****                            0x00,                               /* GROUP B Feature */
 354:STM32_WPAN/App/app_ble.c ****                            0x00,                               /* BLE MAC start -MSB */
 355:STM32_WPAN/App/app_ble.c ****                            0x00,
 356:STM32_WPAN/App/app_ble.c ****                            0x00,
 357:STM32_WPAN/App/app_ble.c ****                            0x00,
 358:STM32_WPAN/App/app_ble.c ****                            0x00,
 359:STM32_WPAN/App/app_ble.c ****                            0x00,                               /* BLE MAC stop */
 360:STM32_WPAN/App/app_ble.c ****                           };
 361:STM32_WPAN/App/app_ble.c **** #endif /* P2P_SERVER6 != 0 */
 362:STM32_WPAN/App/app_ble.c **** 
 363:STM32_WPAN/App/app_ble.c **** /* USER CODE BEGIN PV */
 364:STM32_WPAN/App/app_ble.c **** static uint8_t  s_supervisor_timer_id;
 365:STM32_WPAN/App/app_ble.c **** static uint8_t  s_adv_failed;        /* last Adv_Request() did not succeed */
 366:STM32_WPAN/App/app_ble.c **** static uint8_t  s_adv_refresh_cnt;
 367:STM32_WPAN/App/app_ble.c **** 
 368:STM32_WPAN/App/app_ble.c **** /* USER CODE END PV */
 369:STM32_WPAN/App/app_ble.c **** 
 370:STM32_WPAN/App/app_ble.c **** /* Private function prototypes -----------------------------------------------*/
 371:STM32_WPAN/App/app_ble.c **** static void BLE_UserEvtRx(void *p_Payload);
 372:STM32_WPAN/App/app_ble.c **** static void BLE_StatusNot(HCI_TL_CmdStatus_t Status);
 373:STM32_WPAN/App/app_ble.c **** static void Ble_Tl_Init(void);
ARM GAS  C:\Users\843E~1\AppData\Local\Temp\ccnpSKQK.s 			page 8


 374:STM32_WPAN/App/app_ble.c **** static void Ble_Hci_Gap_Gatt_Init(void);
 375:STM32_WPAN/App/app_ble.c **** static const uint8_t* BleGetBdAddress(void);
 376:STM32_WPAN/App/app_ble.c **** static tBleStatus Adv_Request(APP_BLE_ConnStatus_t NewStatus);
 377:STM32_WPAN/App/app_ble.c **** static void Adv_Cancel(void);
 378:STM32_WPAN/App/app_ble.c **** static void Adv_Cancel_Req(void);
 379:STM32_WPAN/App/app_ble.c **** static void Switch_OFF_GPIO(void);
 380:STM32_WPAN/App/app_ble.c **** static void Ble_Supervisor_Req(void);
 381:STM32_WPAN/App/app_ble.c **** static void Ble_Supervisor(void);
 382:STM32_WPAN/App/app_ble.c **** #if (L2CAP_REQUEST_NEW_CONN_PARAM != 0)
 383:STM32_WPAN/App/app_ble.c **** static void BLE_SVC_L2CAP_Conn_Update(uint16_t ConnectionHandle);
 384:STM32_WPAN/App/app_ble.c **** static void Connection_Interval_Update_Req(void);
 385:STM32_WPAN/App/app_ble.c **** #endif /* L2CAP_REQUEST_NEW_CONN_PARAM != 0 */
 386:STM32_WPAN/App/app_ble.c **** 
 387:STM32_WPAN/App/app_ble.c **** /* USER CODE BEGIN PFP */
 388:STM32_WPAN/App/app_ble.c **** 
 389:STM32_WPAN/App/app_ble.c **** /* USER CODE END PFP */
 390:STM32_WPAN/App/app_ble.c **** 
 391:STM32_WPAN/App/app_ble.c **** /* External variables --------------------------------------------------------*/
 392:STM32_WPAN/App/app_ble.c **** 
 393:STM32_WPAN/App/app_ble.c **** /* USER CODE BEGIN EV */
 394:STM32_WPAN/App/app_ble.c **** 
 395:STM32_WPAN/App/app_ble.c **** /* USER CODE END EV */
 396:STM32_WPAN/App/app_ble.c **** 
 397:STM32_WPAN/App/app_ble.c **** /* Functions Definition ------------------------------------------------------*/
 398:STM32_WPAN/App/app_ble.c **** void APP_BLE_Init(void)
 399:STM32_WPAN/App/app_ble.c **** {
 400:STM32_WPAN/App/app_ble.c ****   SHCI_CmdStatus_t status;
 401:STM32_WPAN/App/app_ble.c **** #if (RADIO_ACTIVITY_EVENT != 0)
 402:STM32_WPAN/App/app_ble.c ****   tBleStatus ret = BLE_STATUS_INVALID_PARAMS;
 403:STM32_WPAN/App/app_ble.c **** #endif /* RADIO_ACTIVITY_EVENT != 0 */
 404:STM32_WPAN/App/app_ble.c ****   /* USER CODE BEGIN APP_BLE_Init_1 */
 405:STM32_WPAN/App/app_ble.c **** 
 406:STM32_WPAN/App/app_ble.c ****   /* USER CODE END APP_BLE_Init_1 */
 407:STM32_WPAN/App/app_ble.c ****   SHCI_C2_Ble_Init_Cmd_Packet_t ble_init_cmd_packet =
 408:STM32_WPAN/App/app_ble.c ****   {
 409:STM32_WPAN/App/app_ble.c ****     {{0,0,0}},                          /**< Header unused */
 410:STM32_WPAN/App/app_ble.c ****     {0,                                 /** pBleBufferAddress not used */
 411:STM32_WPAN/App/app_ble.c ****      0,                                 /** BleBufferSize not used */
 412:STM32_WPAN/App/app_ble.c ****      CFG_BLE_NUM_GATT_ATTRIBUTES,
 413:STM32_WPAN/App/app_ble.c ****      CFG_BLE_NUM_GATT_SERVICES,
 414:STM32_WPAN/App/app_ble.c ****      CFG_BLE_ATT_VALUE_ARRAY_SIZE,
 415:STM32_WPAN/App/app_ble.c ****      CFG_BLE_NUM_LINK,
 416:STM32_WPAN/App/app_ble.c ****      CFG_BLE_DATA_LENGTH_EXTENSION,
 417:STM32_WPAN/App/app_ble.c ****      CFG_BLE_PREPARE_WRITE_LIST_SIZE,
 418:STM32_WPAN/App/app_ble.c ****      CFG_BLE_MBLOCK_COUNT,
 419:STM32_WPAN/App/app_ble.c ****      CFG_BLE_MAX_ATT_MTU,
 420:STM32_WPAN/App/app_ble.c ****      CFG_BLE_PERIPHERAL_SCA,
 421:STM32_WPAN/App/app_ble.c ****      CFG_BLE_CENTRAL_SCA,
 422:STM32_WPAN/App/app_ble.c ****      CFG_BLE_LS_SOURCE,
 423:STM32_WPAN/App/app_ble.c ****      CFG_BLE_MAX_CONN_EVENT_LENGTH,
 424:STM32_WPAN/App/app_ble.c ****      CFG_BLE_HSE_STARTUP_TIME,
 425:STM32_WPAN/App/app_ble.c ****      CFG_BLE_VITERBI_MODE,
 426:STM32_WPAN/App/app_ble.c ****      CFG_BLE_OPTIONS,
 427:STM32_WPAN/App/app_ble.c ****      0,
 428:STM32_WPAN/App/app_ble.c ****      CFG_BLE_MAX_COC_INITIATOR_NBR,
 429:STM32_WPAN/App/app_ble.c ****      CFG_BLE_MIN_TX_POWER,
 430:STM32_WPAN/App/app_ble.c ****      CFG_BLE_MAX_TX_POWER,
ARM GAS  C:\Users\843E~1\AppData\Local\Temp\ccnpSKQK.s 			page 9


 431:STM32_WPAN/App/app_ble.c ****      CFG_BLE_RX_MODEL_CONFIG,
 432:STM32_WPAN/App/app_ble.c ****      CFG_BLE_MAX_ADV_SET_NBR,
 433:STM32_WPAN/App/app_ble.c ****      CFG_BLE_MAX_ADV_DATA_LEN,
 434:STM32_WPAN/App/app_ble.c ****      CFG_BLE_TX_PATH_COMPENS,
 435:STM32_WPAN/App/app_ble.c ****      CFG_BLE_RX_PATH_COMPENS,
 436:STM32_WPAN/App/app_ble.c ****      CFG_BLE_CORE_VERSION,
 437:STM32_WPAN/App/app_ble.c ****      CFG_BLE_OPTIONS_EXT
 438:STM32_WPAN/App/app_ble.c ****     }
 439:STM32_WPAN/App/app_ble.c ****   };
 440:STM32_WPAN/App/app_ble.c **** 
 441:STM32_WPAN/App/app_ble.c ****   /**
 442:STM32_WPAN/App/app_ble.c ****    * Initialize Ble Transport Layer
 443:STM32_WPAN/App/app_ble.c ****    */
 444:STM32_WPAN/App/app_ble.c ****   Ble_Tl_Init();
 445:STM32_WPAN/App/app_ble.c **** 
 446:STM32_WPAN/App/app_ble.c ****   /**
 447:STM32_WPAN/App/app_ble.c ****    * Do not allow standby in the application
 448:STM32_WPAN/App/app_ble.c ****    */
 449:STM32_WPAN/App/app_ble.c ****   UTIL_LPM_SetOffMode(1 << CFG_LPM_APP_BLE, UTIL_LPM_DISABLE);
 450:STM32_WPAN/App/app_ble.c **** 
 451:STM32_WPAN/App/app_ble.c ****   /**
 452:STM32_WPAN/App/app_ble.c ****    * Register the hci transport layer to handle BLE User Asynchronous Events
 453:STM32_WPAN/App/app_ble.c ****    */
 454:STM32_WPAN/App/app_ble.c ****   UTIL_SEQ_RegTask(1<<CFG_TASK_HCI_ASYNCH_EVT_ID, UTIL_SEQ_RFU, hci_user_evt_proc);
 455:STM32_WPAN/App/app_ble.c **** 
 456:STM32_WPAN/App/app_ble.c ****   /**
 457:STM32_WPAN/App/app_ble.c ****    * Starts the BLE Stack on CPU2
 458:STM32_WPAN/App/app_ble.c ****    */
 459:STM32_WPAN/App/app_ble.c ****   status = SHCI_C2_BLE_Init(&ble_init_cmd_packet);
 460:STM32_WPAN/App/app_ble.c ****   if (status != SHCI_Success)
 461:STM32_WPAN/App/app_ble.c ****   {
 462:STM32_WPAN/App/app_ble.c ****     APP_DBG_MSG("  Fail   : SHCI_C2_BLE_Init command, result: 0x%02x\n\r", status);
 463:STM32_WPAN/App/app_ble.c ****     /* if you are here, maybe CPU2 doesn't contain STM32WB_Copro_Wireless_Binaries, see Release_Not
 464:STM32_WPAN/App/app_ble.c ****     Error_Handler();
 465:STM32_WPAN/App/app_ble.c ****   }
 466:STM32_WPAN/App/app_ble.c ****   else
 467:STM32_WPAN/App/app_ble.c ****   {
 468:STM32_WPAN/App/app_ble.c ****     APP_DBG_MSG("  Success: SHCI_C2_BLE_Init command\n\r");
 469:STM32_WPAN/App/app_ble.c ****   }
 470:STM32_WPAN/App/app_ble.c **** 
 471:STM32_WPAN/App/app_ble.c ****   /**
 472:STM32_WPAN/App/app_ble.c ****    * Initialization of HCI & GATT & GAP layer
 473:STM32_WPAN/App/app_ble.c ****    */
 474:STM32_WPAN/App/app_ble.c ****   Ble_Hci_Gap_Gatt_Init();
 475:STM32_WPAN/App/app_ble.c **** 
 476:STM32_WPAN/App/app_ble.c ****   /**
 477:STM32_WPAN/App/app_ble.c ****    * Initialization of the BLE Services
 478:STM32_WPAN/App/app_ble.c ****    */
 479:STM32_WPAN/App/app_ble.c ****   SVCCTL_Init();
 480:STM32_WPAN/App/app_ble.c **** 
 481:STM32_WPAN/App/app_ble.c ****   /**
 482:STM32_WPAN/App/app_ble.c ****    * Initialization of the BLE App Context
 483:STM32_WPAN/App/app_ble.c ****    */
 484:STM32_WPAN/App/app_ble.c ****   BleApplicationContext.Device_Connection_Status = APP_BLE_IDLE;
 485:STM32_WPAN/App/app_ble.c ****   BleApplicationContext.BleApplicationContext_legacy.connectionHandle = 0xFFFF;
 486:STM32_WPAN/App/app_ble.c **** 
 487:STM32_WPAN/App/app_ble.c ****   /**
ARM GAS  C:\Users\843E~1\AppData\Local\Temp\ccnpSKQK.s 			page 10


 488:STM32_WPAN/App/app_ble.c ****    * From here, all initialization are BLE application specific
 489:STM32_WPAN/App/app_ble.c ****    */
 490:STM32_WPAN/App/app_ble.c ****   UTIL_SEQ_RegTask(1<<CFG_TASK_ADV_CANCEL_ID, UTIL_SEQ_RFU, Adv_Cancel);
 491:STM32_WPAN/App/app_ble.c **** #if (L2CAP_REQUEST_NEW_CONN_PARAM != 0)
 492:STM32_WPAN/App/app_ble.c ****   UTIL_SEQ_RegTask(1<<CFG_TASK_CONN_UPDATE_REG_ID, UTIL_SEQ_RFU, Connection_Interval_Update_Req);
 493:STM32_WPAN/App/app_ble.c **** #endif /* L2CAP_REQUEST_NEW_CONN_PARAM != 0 */
 494:STM32_WPAN/App/app_ble.c **** 
 495:STM32_WPAN/App/app_ble.c ****   /**
 496:STM32_WPAN/App/app_ble.c ****    * Initialization of ADV - Ad Manufacturer Element - Support OTA Bit Mask
 497:STM32_WPAN/App/app_ble.c ****    */
 498:STM32_WPAN/App/app_ble.c **** #if (BLE_CFG_OTA_REBOOT_CHAR != 0)
 499:STM32_WPAN/App/app_ble.c ****   a_ManufData[sizeof(a_ManufData)-8] = CFG_FEATURE_OTA_REBOOT;
 500:STM32_WPAN/App/app_ble.c **** #endif /* BLE_CFG_OTA_REBOOT_CHAR != 0 */
 501:STM32_WPAN/App/app_ble.c **** 
 502:STM32_WPAN/App/app_ble.c **** #if (RADIO_ACTIVITY_EVENT != 0)
 503:STM32_WPAN/App/app_ble.c ****   ret = aci_hal_set_radio_activity_mask(0x0006);
 504:STM32_WPAN/App/app_ble.c ****   if (ret != BLE_STATUS_SUCCESS)
 505:STM32_WPAN/App/app_ble.c ****   {
 506:STM32_WPAN/App/app_ble.c ****     APP_DBG_MSG("  Fail   : aci_hal_set_radio_activity_mask command, result: 0x%x \n\r", ret);
 507:STM32_WPAN/App/app_ble.c ****   }
 508:STM32_WPAN/App/app_ble.c ****   else
 509:STM32_WPAN/App/app_ble.c ****   {
 510:STM32_WPAN/App/app_ble.c ****     APP_DBG_MSG("  Success: aci_hal_set_radio_activity_mask command\n\r");
 511:STM32_WPAN/App/app_ble.c ****   }
 512:STM32_WPAN/App/app_ble.c **** #endif /* RADIO_ACTIVITY_EVENT != 0 */
 513:STM32_WPAN/App/app_ble.c **** 
 514:STM32_WPAN/App/app_ble.c **** #if (L2CAP_REQUEST_NEW_CONN_PARAM != 0)
 515:STM32_WPAN/App/app_ble.c ****   index_con_int = 0;
 516:STM32_WPAN/App/app_ble.c ****   mutex = 1;
 517:STM32_WPAN/App/app_ble.c **** #endif /* L2CAP_REQUEST_NEW_CONN_PARAM != 0 */
 518:STM32_WPAN/App/app_ble.c **** 
 519:STM32_WPAN/App/app_ble.c ****   /**
 520:STM32_WPAN/App/app_ble.c ****    * Initialize P2P Server Application
 521:STM32_WPAN/App/app_ble.c ****    */
 522:STM32_WPAN/App/app_ble.c ****   P2PS_APP_Init();
 523:STM32_WPAN/App/app_ble.c ****   SensorTask_Init();
 524:STM32_WPAN/App/app_ble.c **** 
 525:STM32_WPAN/App/app_ble.c ****   /* USER CODE BEGIN APP_BLE_Init_3 */
 526:STM32_WPAN/App/app_ble.c ****   {
 527:STM32_WPAN/App/app_ble.c ****     /* Имя в рекламном пакете = бренд + младшие байты MAC
 528:STM32_WPAN/App/app_ble.c ****        (совпадает с GAP Device Name, см. Ble_Hci_Gap_Gatt_Init) */
 529:STM32_WPAN/App/app_ble.c ****     char name[APPBLE_GAP_DEVICE_NAME_LENGTH + 1];
 530:STM32_WPAN/App/app_ble.c ****     uint8_t name_len = (uint8_t)snprintf(name, sizeof(name),
 531:STM32_WPAN/App/app_ble.c ****                                          "Numa-%02X%02X",
 532:STM32_WPAN/App/app_ble.c ****                                          a_bd_addr[1], a_bd_addr[0]);
 533:STM32_WPAN/App/app_ble.c ****     if (name_len > APPBLE_GAP_DEVICE_NAME_LENGTH)
 534:STM32_WPAN/App/app_ble.c ****       name_len = APPBLE_GAP_DEVICE_NAME_LENGTH;
 535:STM32_WPAN/App/app_ble.c **** 
 536:STM32_WPAN/App/app_ble.c ****     a_LocalName[0] = AD_TYPE_COMPLETE_LOCAL_NAME;
 537:STM32_WPAN/App/app_ble.c ****     memcpy(&a_LocalName[1], name, name_len);
 538:STM32_WPAN/App/app_ble.c ****     a_LocalName_len = name_len + 1;
 539:STM32_WPAN/App/app_ble.c ****   }
 540:STM32_WPAN/App/app_ble.c ****   /* USER CODE END APP_BLE_Init_3 */
 541:STM32_WPAN/App/app_ble.c **** 
 542:STM32_WPAN/App/app_ble.c ****   /**
 543:STM32_WPAN/App/app_ble.c ****    * Create timer to handle the Advertising Stop
 544:STM32_WPAN/App/app_ble.c ****    */
ARM GAS  C:\Users\843E~1\AppData\Local\Temp\ccnpSKQK.s 			page 11


 545:STM32_WPAN/App/app_ble.c ****   HW_TS_Create(CFG_TIM_PROC_ID_ISR, &(BleApplicationContext.Advertising_mgr_timer_Id), hw_ts_Single
 546:STM32_WPAN/App/app_ble.c ****   /**
 547:STM32_WPAN/App/app_ble.c ****    * Create timer to handle the Led Switch OFF
 548:STM32_WPAN/App/app_ble.c ****    */
 549:STM32_WPAN/App/app_ble.c ****   HW_TS_Create(CFG_TIM_PROC_ID_ISR, &(BleApplicationContext.SwitchOffGPIO_timer_Id), hw_ts_SingleSh
 550:STM32_WPAN/App/app_ble.c ****   /**
 551:STM32_WPAN/App/app_ble.c ****    * Make device discoverable
 552:STM32_WPAN/App/app_ble.c ****    */
 553:STM32_WPAN/App/app_ble.c ****   BleApplicationContext.BleApplicationContext_legacy.advtServUUID[0] = NULL;
 554:STM32_WPAN/App/app_ble.c ****   BleApplicationContext.BleApplicationContext_legacy.advtServUUIDlen = 0;
 555:STM32_WPAN/App/app_ble.c **** 
 556:STM32_WPAN/App/app_ble.c ****   /* Initialize intervals for reconnexion without intervals update */
 557:STM32_WPAN/App/app_ble.c ****   AdvIntervalMin = CFG_FAST_CONN_ADV_INTERVAL_MIN;
 558:STM32_WPAN/App/app_ble.c ****   AdvIntervalMax = CFG_FAST_CONN_ADV_INTERVAL_MAX;
 559:STM32_WPAN/App/app_ble.c **** 
 560:STM32_WPAN/App/app_ble.c ****   /**
 561:STM32_WPAN/App/app_ble.c ****    * Start to Advertise to be connected by P2P Client
 562:STM32_WPAN/App/app_ble.c ****    */
 563:STM32_WPAN/App/app_ble.c ****   Adv_Request(APP_BLE_FAST_ADV);
 564:STM32_WPAN/App/app_ble.c **** 
 565:STM32_WPAN/App/app_ble.c ****   /**
 566:STM32_WPAN/App/app_ble.c ****    * Reconnect supervisor: guarantees the device never stays invisible
 567:STM32_WPAN/App/app_ble.c ****    * (retries failed advertising, periodically re-arms it) and kicks the IWDG.
 568:STM32_WPAN/App/app_ble.c ****    */
 569:STM32_WPAN/App/app_ble.c ****   UTIL_SEQ_RegTask(1U << CFG_TASK_BLE_SUPERVISOR_ID, UTIL_SEQ_RFU, Ble_Supervisor);
 570:STM32_WPAN/App/app_ble.c ****   HW_TS_Create(CFG_TIM_PROC_ID_ISR, &s_supervisor_timer_id, hw_ts_Repeated, Ble_Supervisor_Req);
 571:STM32_WPAN/App/app_ble.c ****   HW_TS_Start(s_supervisor_timer_id, BLE_SUPERVISOR_TICKS);
 572:STM32_WPAN/App/app_ble.c **** #if (APP_USE_IWDG != 0)
 573:STM32_WPAN/App/app_ble.c ****   __HAL_DBGMCU_FREEZE_IWDG();         /* do not reset while halted in the debugger */
 574:STM32_WPAN/App/app_ble.c ****   IWDG->KR  = 0xCCCCU;                /* start */
 575:STM32_WPAN/App/app_ble.c ****   IWDG->KR  = 0x5555U;                /* unlock PR/RLR */
 576:STM32_WPAN/App/app_ble.c ****   IWDG->PR  = 6U;                     /* LSI / 256 */
 577:STM32_WPAN/App/app_ble.c ****   IWDG->RLR = 0x0FFFU;                /* ~32 s */
 578:STM32_WPAN/App/app_ble.c ****   {
 579:STM32_WPAN/App/app_ble.c ****     uint32_t guard = 1000000U;
 580:STM32_WPAN/App/app_ble.c ****     while ((IWDG->SR != 0U) && (guard-- != 0U)) { }
 581:STM32_WPAN/App/app_ble.c ****   }
 582:STM32_WPAN/App/app_ble.c ****   IWDG->KR  = 0xAAAAU;                /* reload */
 583:STM32_WPAN/App/app_ble.c **** #endif
 584:STM32_WPAN/App/app_ble.c **** 
 585:STM32_WPAN/App/app_ble.c **** /* USER CODE BEGIN APP_BLE_Init_2 */
 586:STM32_WPAN/App/app_ble.c ****   /* No startup LED indication: PA10 is reserved for BLE TX indication. */
 587:STM32_WPAN/App/app_ble.c ****   /* USER CODE END APP_BLE_Init_2 */
 588:STM32_WPAN/App/app_ble.c **** 
 589:STM32_WPAN/App/app_ble.c ****   return;
 590:STM32_WPAN/App/app_ble.c **** }
 591:STM32_WPAN/App/app_ble.c **** 
 592:STM32_WPAN/App/app_ble.c **** SVCCTL_UserEvtFlowStatus_t SVCCTL_App_Notification(void *p_Pckt)
 593:STM32_WPAN/App/app_ble.c **** {
 594:STM32_WPAN/App/app_ble.c ****   hci_event_pckt    *p_event_pckt;
 595:STM32_WPAN/App/app_ble.c ****   evt_le_meta_event *p_meta_evt;
 596:STM32_WPAN/App/app_ble.c ****   evt_blecore_aci   *p_blecore_evt;
 597:STM32_WPAN/App/app_ble.c ****   uint8_t           Tx_phy, Rx_phy;
 598:STM32_WPAN/App/app_ble.c ****   tBleStatus        ret = BLE_STATUS_INVALID_PARAMS;
 599:STM32_WPAN/App/app_ble.c ****   hci_le_connection_complete_event_rp0        *p_connection_complete_event;
 600:STM32_WPAN/App/app_ble.c ****   hci_disconnection_complete_event_rp0        *p_disconnection_complete_event;
 601:STM32_WPAN/App/app_ble.c ****   hci_le_phy_update_complete_event_rp0        *p_evt_le_phy_update_complete;
ARM GAS  C:\Users\843E~1\AppData\Local\Temp\ccnpSKQK.s 			page 12


 602:STM32_WPAN/App/app_ble.c **** #if (CFG_DEBUG_APP_TRACE != 0)
 603:STM32_WPAN/App/app_ble.c ****   hci_le_connection_update_complete_event_rp0 *p_connection_update_complete_event;
 604:STM32_WPAN/App/app_ble.c **** #endif /* CFG_DEBUG_APP_TRACE != 0 */
 605:STM32_WPAN/App/app_ble.c **** 
 606:STM32_WPAN/App/app_ble.c ****   /* USER CODE BEGIN SVCCTL_App_Notification */
 607:STM32_WPAN/App/app_ble.c **** 
 608:STM32_WPAN/App/app_ble.c ****   /* USER CODE END SVCCTL_App_Notification */
 609:STM32_WPAN/App/app_ble.c **** 
 610:STM32_WPAN/App/app_ble.c ****   p_event_pckt = (hci_event_pckt*) ((hci_uart_pckt *) p_Pckt)->data;
 611:STM32_WPAN/App/app_ble.c **** 
 612:STM32_WPAN/App/app_ble.c ****   switch (p_event_pckt->evt)
 613:STM32_WPAN/App/app_ble.c ****   {
 614:STM32_WPAN/App/app_ble.c ****     case HCI_DISCONNECTION_COMPLETE_EVT_CODE:
 615:STM32_WPAN/App/app_ble.c ****     {
 616:STM32_WPAN/App/app_ble.c ****       p_disconnection_complete_event = (hci_disconnection_complete_event_rp0 *) p_event_pckt->data;
 617:STM32_WPAN/App/app_ble.c **** 
 618:STM32_WPAN/App/app_ble.c ****       if (p_disconnection_complete_event->Connection_Handle == BleApplicationContext.BleApplication
 619:STM32_WPAN/App/app_ble.c ****       {
 620:STM32_WPAN/App/app_ble.c ****         BleApplicationContext.BleApplicationContext_legacy.connectionHandle = 0;
 621:STM32_WPAN/App/app_ble.c ****         BleApplicationContext.Device_Connection_Status = APP_BLE_IDLE;
 622:STM32_WPAN/App/app_ble.c ****         APP_DBG_MSG(">>== HCI_DISCONNECTION_COMPLETE_EVT_CODE\n");
 623:STM32_WPAN/App/app_ble.c ****         APP_DBG_MSG("     - Connection Handle:   0x%x\n     - Reason:    0x%x\n\r",
 624:STM32_WPAN/App/app_ble.c ****                     p_disconnection_complete_event->Connection_Handle,
 625:STM32_WPAN/App/app_ble.c ****                     p_disconnection_complete_event->Reason);
 626:STM32_WPAN/App/app_ble.c **** 
 627:STM32_WPAN/App/app_ble.c ****         /* USER CODE BEGIN EVT_DISCONN_COMPLETE_2 */
 628:STM32_WPAN/App/app_ble.c **** 
 629:STM32_WPAN/App/app_ble.c ****         /* USER CODE END EVT_DISCONN_COMPLETE_2 */
 630:STM32_WPAN/App/app_ble.c ****       }
 631:STM32_WPAN/App/app_ble.c **** 
 632:STM32_WPAN/App/app_ble.c ****       /* USER CODE BEGIN EVT_DISCONN_COMPLETE_1 */
 633:STM32_WPAN/App/app_ble.c **** 
 634:STM32_WPAN/App/app_ble.c ****       /* USER CODE END EVT_DISCONN_COMPLETE_1 */
 635:STM32_WPAN/App/app_ble.c **** 
 636:STM32_WPAN/App/app_ble.c ****       /* restart advertising (only if we are really not connected any more) */
 637:STM32_WPAN/App/app_ble.c ****       if ((BleApplicationContext.Device_Connection_Status != APP_BLE_CONNECTED_SERVER) &&
 638:STM32_WPAN/App/app_ble.c ****           (BleApplicationContext.Device_Connection_Status != APP_BLE_CONNECTED_CLIENT))
 639:STM32_WPAN/App/app_ble.c ****       {
 640:STM32_WPAN/App/app_ble.c ****         Adv_Request(APP_BLE_FAST_ADV);
 641:STM32_WPAN/App/app_ble.c **** 
 642:STM32_WPAN/App/app_ble.c ****         /**
 643:STM32_WPAN/App/app_ble.c ****          * SPECIFIC to P2P Server APP
 644:STM32_WPAN/App/app_ble.c ****          */
 645:STM32_WPAN/App/app_ble.c ****         HandleNotification.P2P_Evt_Opcode = PEER_DISCON_HANDLE_EVT;
 646:STM32_WPAN/App/app_ble.c ****         HandleNotification.ConnectionHandle = BleApplicationContext.BleApplicationContext_legacy.co
 647:STM32_WPAN/App/app_ble.c ****         P2PS_APP_Notification(&HandleNotification);
 648:STM32_WPAN/App/app_ble.c ****       }
 649:STM32_WPAN/App/app_ble.c ****       /* USER CODE BEGIN EVT_DISCONN_COMPLETE */
 650:STM32_WPAN/App/app_ble.c **** 
 651:STM32_WPAN/App/app_ble.c ****       /* USER CODE END EVT_DISCONN_COMPLETE */
 652:STM32_WPAN/App/app_ble.c ****       break; /* HCI_DISCONNECTION_COMPLETE_EVT_CODE */
 653:STM32_WPAN/App/app_ble.c ****     }
 654:STM32_WPAN/App/app_ble.c **** 
 655:STM32_WPAN/App/app_ble.c ****     case HCI_LE_META_EVT_CODE:
 656:STM32_WPAN/App/app_ble.c ****     {
 657:STM32_WPAN/App/app_ble.c ****       p_meta_evt = (evt_le_meta_event*) p_event_pckt->data;
 658:STM32_WPAN/App/app_ble.c ****       /* USER CODE BEGIN EVT_LE_META_EVENT */
ARM GAS  C:\Users\843E~1\AppData\Local\Temp\ccnpSKQK.s 			page 13


 659:STM32_WPAN/App/app_ble.c **** 
 660:STM32_WPAN/App/app_ble.c ****       /* USER CODE END EVT_LE_META_EVENT */
 661:STM32_WPAN/App/app_ble.c ****       switch (p_meta_evt->subevent)
 662:STM32_WPAN/App/app_ble.c ****       {
 663:STM32_WPAN/App/app_ble.c ****         case HCI_LE_CONNECTION_UPDATE_COMPLETE_SUBEVT_CODE:
 664:STM32_WPAN/App/app_ble.c **** #if (CFG_DEBUG_APP_TRACE != 0)
 665:STM32_WPAN/App/app_ble.c ****           p_connection_update_complete_event = (hci_le_connection_update_complete_event_rp0 *) p_me
 666:STM32_WPAN/App/app_ble.c ****           APP_DBG_MSG(">>== HCI_LE_CONNECTION_UPDATE_COMPLETE_SUBEVT_CODE\n");
 667:STM32_WPAN/App/app_ble.c ****           APP_DBG_MSG("     - Connection Interval:   %.2f ms\n     - Connection latency:    %d\n   
 668:STM32_WPAN/App/app_ble.c ****                        p_connection_update_complete_event->Conn_Interval*1.25,
 669:STM32_WPAN/App/app_ble.c ****                        p_connection_update_complete_event->Conn_Latency,
 670:STM32_WPAN/App/app_ble.c ****                        p_connection_update_complete_event->Supervision_Timeout*10);
 671:STM32_WPAN/App/app_ble.c **** #endif /* CFG_DEBUG_APP_TRACE != 0 */
 672:STM32_WPAN/App/app_ble.c **** 
 673:STM32_WPAN/App/app_ble.c ****           /* USER CODE BEGIN EVT_LE_CONN_UPDATE_COMPLETE */
 674:STM32_WPAN/App/app_ble.c **** 
 675:STM32_WPAN/App/app_ble.c ****           /* USER CODE END EVT_LE_CONN_UPDATE_COMPLETE */
 676:STM32_WPAN/App/app_ble.c ****           break;
 677:STM32_WPAN/App/app_ble.c **** 
 678:STM32_WPAN/App/app_ble.c ****         case HCI_LE_PHY_UPDATE_COMPLETE_SUBEVT_CODE:
 679:STM32_WPAN/App/app_ble.c ****           p_evt_le_phy_update_complete = (hci_le_phy_update_complete_event_rp0*)p_meta_evt->data;
 680:STM32_WPAN/App/app_ble.c ****           APP_DBG_MSG("==>> HCI_LE_PHY_UPDATE_COMPLETE_SUBEVT_CODE - ");
 681:STM32_WPAN/App/app_ble.c ****           if (p_evt_le_phy_update_complete->Status == 0)
 682:STM32_WPAN/App/app_ble.c ****           {
 683:STM32_WPAN/App/app_ble.c ****             APP_DBG_MSG("status ok \n");
 684:STM32_WPAN/App/app_ble.c ****           }
 685:STM32_WPAN/App/app_ble.c ****           else
 686:STM32_WPAN/App/app_ble.c ****           {
 687:STM32_WPAN/App/app_ble.c ****             APP_DBG_MSG("status nok \n");
 688:STM32_WPAN/App/app_ble.c ****           }
 689:STM32_WPAN/App/app_ble.c **** 
 690:STM32_WPAN/App/app_ble.c ****           ret = hci_le_read_phy(BleApplicationContext.BleApplicationContext_legacy.connectionHandle
 691:STM32_WPAN/App/app_ble.c ****           if (ret != BLE_STATUS_SUCCESS)
 692:STM32_WPAN/App/app_ble.c ****           {
 693:STM32_WPAN/App/app_ble.c ****             APP_DBG_MSG("==>> hci_le_read_phy : fail\n\r");
 694:STM32_WPAN/App/app_ble.c ****           }
 695:STM32_WPAN/App/app_ble.c ****           else
 696:STM32_WPAN/App/app_ble.c ****           {
 697:STM32_WPAN/App/app_ble.c ****             APP_DBG_MSG("==>> hci_le_read_phy - Success \n");
 698:STM32_WPAN/App/app_ble.c **** 
 699:STM32_WPAN/App/app_ble.c ****             if ((Tx_phy == TX_2M) && (Rx_phy == RX_2M))
 700:STM32_WPAN/App/app_ble.c ****             {
 701:STM32_WPAN/App/app_ble.c ****               APP_DBG_MSG("==>> PHY Param  TX= %d, RX= %d \n\r", Tx_phy, Rx_phy);
 702:STM32_WPAN/App/app_ble.c ****             }
 703:STM32_WPAN/App/app_ble.c ****             else
 704:STM32_WPAN/App/app_ble.c ****             {
 705:STM32_WPAN/App/app_ble.c ****               APP_DBG_MSG("==>> PHY Param  TX= %d, RX= %d \n\r", Tx_phy, Rx_phy);
 706:STM32_WPAN/App/app_ble.c ****             }
 707:STM32_WPAN/App/app_ble.c ****           }
 708:STM32_WPAN/App/app_ble.c ****           /* USER CODE BEGIN EVT_LE_PHY_UPDATE_COMPLETE */
 709:STM32_WPAN/App/app_ble.c **** 
 710:STM32_WPAN/App/app_ble.c ****           /* USER CODE END EVT_LE_PHY_UPDATE_COMPLETE */
 711:STM32_WPAN/App/app_ble.c ****           break;
 712:STM32_WPAN/App/app_ble.c **** 
 713:STM32_WPAN/App/app_ble.c ****         case HCI_LE_CONNECTION_COMPLETE_SUBEVT_CODE:
 714:STM32_WPAN/App/app_ble.c ****         {
 715:STM32_WPAN/App/app_ble.c ****           p_connection_complete_event = (hci_le_connection_complete_event_rp0 *) p_meta_evt->data;
ARM GAS  C:\Users\843E~1\AppData\Local\Temp\ccnpSKQK.s 			page 14


 716:STM32_WPAN/App/app_ble.c **** 
 717:STM32_WPAN/App/app_ble.c ****           if (p_connection_complete_event->Status != 0x00)
 718:STM32_WPAN/App/app_ble.c ****           {
 719:STM32_WPAN/App/app_ble.c ****             /* Connection attempt failed: make sure we keep advertising */
 720:STM32_WPAN/App/app_ble.c ****             BleApplicationContext.Device_Connection_Status = APP_BLE_IDLE;
 721:STM32_WPAN/App/app_ble.c ****             Adv_Request(APP_BLE_FAST_ADV);
 722:STM32_WPAN/App/app_ble.c ****             break;
 723:STM32_WPAN/App/app_ble.c ****           }
 724:STM32_WPAN/App/app_ble.c ****           /**
 725:STM32_WPAN/App/app_ble.c ****            * The connection is done, there is no need anymore to schedule the LP ADV
 726:STM32_WPAN/App/app_ble.c ****            */
 727:STM32_WPAN/App/app_ble.c **** 
 728:STM32_WPAN/App/app_ble.c ****           HW_TS_Stop(BleApplicationContext.Advertising_mgr_timer_Id);
 729:STM32_WPAN/App/app_ble.c **** 
 730:STM32_WPAN/App/app_ble.c ****           APP_DBG_MSG(">>== HCI_LE_CONNECTION_COMPLETE_SUBEVT_CODE - Connection handle: 0x%x\n", p_
 731:STM32_WPAN/App/app_ble.c ****           APP_DBG_MSG("     - Connection established with Central: @:%02x:%02x:%02x:%02x:%02x:%02x\
 732:STM32_WPAN/App/app_ble.c ****                       p_connection_complete_event->Peer_Address[5],
 733:STM32_WPAN/App/app_ble.c ****                       p_connection_complete_event->Peer_Address[4],
 734:STM32_WPAN/App/app_ble.c ****                       p_connection_complete_event->Peer_Address[3],
 735:STM32_WPAN/App/app_ble.c ****                       p_connection_complete_event->Peer_Address[2],
 736:STM32_WPAN/App/app_ble.c ****                       p_connection_complete_event->Peer_Address[1],
 737:STM32_WPAN/App/app_ble.c ****                       p_connection_complete_event->Peer_Address[0]);
 738:STM32_WPAN/App/app_ble.c ****           APP_DBG_MSG("     - Connection Interval:   %.2f ms\n     - Connection latency:    %d\n   
 739:STM32_WPAN/App/app_ble.c ****                       p_connection_complete_event->Conn_Interval*1.25,
 740:STM32_WPAN/App/app_ble.c ****                       p_connection_complete_event->Conn_Latency,
 741:STM32_WPAN/App/app_ble.c ****                       p_connection_complete_event->Supervision_Timeout*10
 742:STM32_WPAN/App/app_ble.c ****                      );
 743:STM32_WPAN/App/app_ble.c **** 
 744:STM32_WPAN/App/app_ble.c ****           if (BleApplicationContext.Device_Connection_Status == APP_BLE_LP_CONNECTING)
 745:STM32_WPAN/App/app_ble.c ****           {
 746:STM32_WPAN/App/app_ble.c ****             /* Connection as client */
 747:STM32_WPAN/App/app_ble.c ****             BleApplicationContext.Device_Connection_Status = APP_BLE_CONNECTED_CLIENT;
 748:STM32_WPAN/App/app_ble.c ****           }
 749:STM32_WPAN/App/app_ble.c ****           else
 750:STM32_WPAN/App/app_ble.c ****           {
 751:STM32_WPAN/App/app_ble.c ****             /* Connection as server */
 752:STM32_WPAN/App/app_ble.c ****             BleApplicationContext.Device_Connection_Status = APP_BLE_CONNECTED_SERVER;
 753:STM32_WPAN/App/app_ble.c ****           }
 754:STM32_WPAN/App/app_ble.c ****           BleApplicationContext.BleApplicationContext_legacy.connectionHandle = p_connection_comple
 755:STM32_WPAN/App/app_ble.c ****           /**
 756:STM32_WPAN/App/app_ble.c ****            * SPECIFIC to P2P Server APP
 757:STM32_WPAN/App/app_ble.c ****            */
 758:STM32_WPAN/App/app_ble.c ****           HandleNotification.P2P_Evt_Opcode = PEER_CONN_HANDLE_EVT;
 759:STM32_WPAN/App/app_ble.c ****           HandleNotification.ConnectionHandle = BleApplicationContext.BleApplicationContext_legacy.
 760:STM32_WPAN/App/app_ble.c ****           P2PS_APP_Notification(&HandleNotification);
 761:STM32_WPAN/App/app_ble.c ****           /* USER CODE BEGIN HCI_EVT_LE_CONN_COMPLETE */
 762:STM32_WPAN/App/app_ble.c **** 					
 763:STM32_WPAN/App/app_ble.c **** 					aci_gatt_exchange_config(HandleNotification.ConnectionHandle);
 764:STM32_WPAN/App/app_ble.c **** 					hci_le_set_data_length(HandleNotification.ConnectionHandle, 156, 2120);
 765:STM32_WPAN/App/app_ble.c **** 					
 766:STM32_WPAN/App/app_ble.c ****           /* USER CODE END HCI_EVT_LE_CONN_COMPLETE */
 767:STM32_WPAN/App/app_ble.c ****           break; /* HCI_LE_CONNECTION_COMPLETE_SUBEVT_CODE */
 768:STM32_WPAN/App/app_ble.c ****         }
 769:STM32_WPAN/App/app_ble.c **** 
 770:STM32_WPAN/App/app_ble.c ****         default:
 771:STM32_WPAN/App/app_ble.c ****           /* USER CODE BEGIN SUBEVENT_DEFAULT */
 772:STM32_WPAN/App/app_ble.c **** 
ARM GAS  C:\Users\843E~1\AppData\Local\Temp\ccnpSKQK.s 			page 15


 773:STM32_WPAN/App/app_ble.c ****           /* USER CODE END SUBEVENT_DEFAULT */
 774:STM32_WPAN/App/app_ble.c ****           break;
 775:STM32_WPAN/App/app_ble.c ****       }
 776:STM32_WPAN/App/app_ble.c **** 
 777:STM32_WPAN/App/app_ble.c ****       /* USER CODE BEGIN META_EVT */
 778:STM32_WPAN/App/app_ble.c **** 
 779:STM32_WPAN/App/app_ble.c ****       /* USER CODE END META_EVT */
 780:STM32_WPAN/App/app_ble.c ****       break; /* HCI_LE_META_EVT_CODE */
 781:STM32_WPAN/App/app_ble.c ****     }
 782:STM32_WPAN/App/app_ble.c **** 
 783:STM32_WPAN/App/app_ble.c ****     case HCI_VENDOR_SPECIFIC_DEBUG_EVT_CODE:
 784:STM32_WPAN/App/app_ble.c ****       p_blecore_evt = (evt_blecore_aci*) p_event_pckt->data;
 785:STM32_WPAN/App/app_ble.c ****       /* USER CODE BEGIN EVT_VENDOR */
 786:STM32_WPAN/App/app_ble.c **** 
 787:STM32_WPAN/App/app_ble.c ****       /* USER CODE END EVT_VENDOR */
 788:STM32_WPAN/App/app_ble.c ****       switch (p_blecore_evt->ecode)
 789:STM32_WPAN/App/app_ble.c ****       {
 790:STM32_WPAN/App/app_ble.c ****         /* USER CODE BEGIN ecode */
 791:STM32_WPAN/App/app_ble.c **** 
 792:STM32_WPAN/App/app_ble.c ****         /* USER CODE END ecode */
 793:STM32_WPAN/App/app_ble.c **** 
 794:STM32_WPAN/App/app_ble.c ****         /**
 795:STM32_WPAN/App/app_ble.c ****          * SPECIFIC to P2P Server APP
 796:STM32_WPAN/App/app_ble.c ****          */
 797:STM32_WPAN/App/app_ble.c ****         case ACI_L2CAP_CONNECTION_UPDATE_RESP_VSEVT_CODE:
 798:STM32_WPAN/App/app_ble.c **** #if (L2CAP_REQUEST_NEW_CONN_PARAM != 0)
 799:STM32_WPAN/App/app_ble.c ****           mutex = 1;
 800:STM32_WPAN/App/app_ble.c **** #endif /* L2CAP_REQUEST_NEW_CONN_PARAM != 0 */
 801:STM32_WPAN/App/app_ble.c ****           /* USER CODE BEGIN EVT_BLUE_L2CAP_CONNECTION_UPDATE_RESP */
 802:STM32_WPAN/App/app_ble.c **** 
 803:STM32_WPAN/App/app_ble.c ****           /* USER CODE END EVT_BLUE_L2CAP_CONNECTION_UPDATE_RESP */
 804:STM32_WPAN/App/app_ble.c ****           break;
 805:STM32_WPAN/App/app_ble.c **** 
 806:STM32_WPAN/App/app_ble.c ****         case ACI_GAP_PROC_COMPLETE_VSEVT_CODE:
 807:STM32_WPAN/App/app_ble.c ****           APP_DBG_MSG(">>== ACI_GAP_PROC_COMPLETE_VSEVT_CODE \r");
 808:STM32_WPAN/App/app_ble.c ****           /* USER CODE BEGIN EVT_BLUE_GAP_PROCEDURE_COMPLETE */
 809:STM32_WPAN/App/app_ble.c **** 
 810:STM32_WPAN/App/app_ble.c ****           /* USER CODE END EVT_BLUE_GAP_PROCEDURE_COMPLETE */
 811:STM32_WPAN/App/app_ble.c ****           break; /* ACI_GAP_PROC_COMPLETE_VSEVT_CODE */
 812:STM32_WPAN/App/app_ble.c **** 
 813:STM32_WPAN/App/app_ble.c **** #if (RADIO_ACTIVITY_EVENT != 0)
 814:STM32_WPAN/App/app_ble.c ****         case ACI_HAL_END_OF_RADIO_ACTIVITY_VSEVT_CODE:
 815:STM32_WPAN/App/app_ble.c ****           /* USER CODE BEGIN RADIO_ACTIVITY_EVENT*/
 816:STM32_WPAN/App/app_ble.c **** 
 817:STM32_WPAN/App/app_ble.c ****           /* USER CODE END RADIO_ACTIVITY_EVENT*/
 818:STM32_WPAN/App/app_ble.c ****           break; /* ACI_HAL_END_OF_RADIO_ACTIVITY_VSEVT_CODE */
 819:STM32_WPAN/App/app_ble.c **** #endif /* RADIO_ACTIVITY_EVENT != 0 */
 820:STM32_WPAN/App/app_ble.c **** 
 821:STM32_WPAN/App/app_ble.c ****         case ACI_GAP_BOND_LOST_VSEVT_CODE:
 822:STM32_WPAN/App/app_ble.c ****           /*
 823:STM32_WPAN/App/app_ble.c ****            * The phone still has a bond for this device, but the bond keys are gone
 824:STM32_WPAN/App/app_ble.c ****            * on our side (reflash / NVM erase). Let the phone re-pair instead of
 825:STM32_WPAN/App/app_ble.c ****            * being refused forever.
 826:STM32_WPAN/App/app_ble.c ****            */
 827:STM32_WPAN/App/app_ble.c ****           aci_gap_allow_rebond(BleApplicationContext.BleApplicationContext_legacy.connectionHandle)
 828:STM32_WPAN/App/app_ble.c ****           break;
 829:STM32_WPAN/App/app_ble.c **** 
ARM GAS  C:\Users\843E~1\AppData\Local\Temp\ccnpSKQK.s 			page 16


 830:STM32_WPAN/App/app_ble.c ****         case ACI_GATT_INDICATION_VSEVT_CODE:
 831:STM32_WPAN/App/app_ble.c ****         {
 832:STM32_WPAN/App/app_ble.c ****           APP_DBG_MSG(">>== ACI_GATT_INDICATION_VSEVT_CODE \r");
 833:STM32_WPAN/App/app_ble.c ****           aci_gatt_confirm_indication(BleApplicationContext.BleApplicationContext_legacy.connection
 834:STM32_WPAN/App/app_ble.c ****         }
 835:STM32_WPAN/App/app_ble.c ****         break;
 836:STM32_WPAN/App/app_ble.c **** 
 837:STM32_WPAN/App/app_ble.c ****         /* USER CODE BEGIN BLUE_EVT */
 838:STM32_WPAN/App/app_ble.c **** 
 839:STM32_WPAN/App/app_ble.c ****         /* USER CODE END BLUE_EVT */
 840:STM32_WPAN/App/app_ble.c ****       }
 841:STM32_WPAN/App/app_ble.c ****       break; /* HCI_VENDOR_SPECIFIC_DEBUG_EVT_CODE */
 842:STM32_WPAN/App/app_ble.c **** 
 843:STM32_WPAN/App/app_ble.c ****       /* USER CODE BEGIN EVENT_PCKT */
 844:STM32_WPAN/App/app_ble.c **** 
 845:STM32_WPAN/App/app_ble.c ****       /* USER CODE END EVENT_PCKT */
 846:STM32_WPAN/App/app_ble.c **** 
 847:STM32_WPAN/App/app_ble.c ****     default:
 848:STM32_WPAN/App/app_ble.c ****       /* USER CODE BEGIN ECODE_DEFAULT*/
 849:STM32_WPAN/App/app_ble.c **** 
 850:STM32_WPAN/App/app_ble.c ****       /* USER CODE END ECODE_DEFAULT*/
 851:STM32_WPAN/App/app_ble.c ****       break;
 852:STM32_WPAN/App/app_ble.c ****   }
 853:STM32_WPAN/App/app_ble.c **** 
 854:STM32_WPAN/App/app_ble.c ****   return (SVCCTL_UserEvtFlowEnable);
 855:STM32_WPAN/App/app_ble.c **** }
 856:STM32_WPAN/App/app_ble.c **** 
 857:STM32_WPAN/App/app_ble.c **** APP_BLE_ConnStatus_t APP_BLE_Get_Server_Connection_Status(void)
 858:STM32_WPAN/App/app_ble.c **** {
 859:STM32_WPAN/App/app_ble.c ****   return BleApplicationContext.Device_Connection_Status;
 860:STM32_WPAN/App/app_ble.c **** }
 861:STM32_WPAN/App/app_ble.c **** 
 862:STM32_WPAN/App/app_ble.c **** /* USER CODE BEGIN FD*/
 863:STM32_WPAN/App/app_ble.c **** 
 864:STM32_WPAN/App/app_ble.c **** /* USER CODE END FD*/
 865:STM32_WPAN/App/app_ble.c **** 
 866:STM32_WPAN/App/app_ble.c **** /*************************************************************
 867:STM32_WPAN/App/app_ble.c ****  *
 868:STM32_WPAN/App/app_ble.c ****  * LOCAL FUNCTIONS
 869:STM32_WPAN/App/app_ble.c ****  *
 870:STM32_WPAN/App/app_ble.c ****  *************************************************************/
 871:STM32_WPAN/App/app_ble.c **** static void Ble_Tl_Init(void)
 872:STM32_WPAN/App/app_ble.c **** {
 873:STM32_WPAN/App/app_ble.c ****   HCI_TL_HciInitConf_t Hci_Tl_Init_Conf;
 874:STM32_WPAN/App/app_ble.c **** 
 875:STM32_WPAN/App/app_ble.c ****   Hci_Tl_Init_Conf.p_cmdbuffer = (uint8_t*)&BleCmdBuffer;
 876:STM32_WPAN/App/app_ble.c ****   Hci_Tl_Init_Conf.StatusNotCallBack = BLE_StatusNot;
 877:STM32_WPAN/App/app_ble.c ****   hci_init(BLE_UserEvtRx, (void*) &Hci_Tl_Init_Conf);
 878:STM32_WPAN/App/app_ble.c **** 
 879:STM32_WPAN/App/app_ble.c ****   return;
 880:STM32_WPAN/App/app_ble.c **** }
 881:STM32_WPAN/App/app_ble.c **** 
 882:STM32_WPAN/App/app_ble.c **** static void Ble_Hci_Gap_Gatt_Init(void)
 883:STM32_WPAN/App/app_ble.c **** {
 884:STM32_WPAN/App/app_ble.c ****   uint8_t role;
 885:STM32_WPAN/App/app_ble.c ****   uint16_t gap_service_handle, gap_dev_name_char_handle, gap_appearance_char_handle;
 886:STM32_WPAN/App/app_ble.c ****   const uint8_t *p_bd_addr;
ARM GAS  C:\Users\843E~1\AppData\Local\Temp\ccnpSKQK.s 			page 17


 887:STM32_WPAN/App/app_ble.c ****   uint16_t a_appearance[1] = {BLE_CFG_GAP_APPEARANCE};
 888:STM32_WPAN/App/app_ble.c ****   tBleStatus ret = BLE_STATUS_INVALID_PARAMS;
 889:STM32_WPAN/App/app_ble.c ****   /* USER CODE BEGIN Ble_Hci_Gap_Gatt_Init*/
 890:STM32_WPAN/App/app_ble.c **** 
 891:STM32_WPAN/App/app_ble.c ****   /* USER CODE END Ble_Hci_Gap_Gatt_Init*/
 892:STM32_WPAN/App/app_ble.c **** 
 893:STM32_WPAN/App/app_ble.c ****   APP_DBG_MSG("==>> Start Ble_Hci_Gap_Gatt_Init function\n");
 894:STM32_WPAN/App/app_ble.c **** 
 895:STM32_WPAN/App/app_ble.c ****   /**
 896:STM32_WPAN/App/app_ble.c ****    * Initialize HCI layer
 897:STM32_WPAN/App/app_ble.c ****    */
 898:STM32_WPAN/App/app_ble.c ****   /*HCI Reset to synchronise BLE Stack*/
 899:STM32_WPAN/App/app_ble.c ****   ret = hci_reset();
 900:STM32_WPAN/App/app_ble.c ****   if (ret != BLE_STATUS_SUCCESS)
 901:STM32_WPAN/App/app_ble.c ****   {
 902:STM32_WPAN/App/app_ble.c ****     APP_DBG_MSG("  Fail   : hci_reset command, result: 0x%x \n", ret);
 903:STM32_WPAN/App/app_ble.c ****   }
 904:STM32_WPAN/App/app_ble.c ****   else
 905:STM32_WPAN/App/app_ble.c ****   {
 906:STM32_WPAN/App/app_ble.c ****     APP_DBG_MSG("  Success: hci_reset command\n");
 907:STM32_WPAN/App/app_ble.c ****   }
 908:STM32_WPAN/App/app_ble.c **** 
 909:STM32_WPAN/App/app_ble.c ****   /**
 910:STM32_WPAN/App/app_ble.c ****    * Write the BD Address
 911:STM32_WPAN/App/app_ble.c ****    */
 912:STM32_WPAN/App/app_ble.c ****   p_bd_addr = BleGetBdAddress();
 913:STM32_WPAN/App/app_ble.c ****   ret = aci_hal_write_config_data(CONFIG_DATA_PUBADDR_OFFSET, CONFIG_DATA_PUBADDR_LEN, (uint8_t*) p
 914:STM32_WPAN/App/app_ble.c ****   if (ret != BLE_STATUS_SUCCESS)
 915:STM32_WPAN/App/app_ble.c ****   {
 916:STM32_WPAN/App/app_ble.c ****     APP_DBG_MSG("  Fail   : aci_hal_write_config_data command - CONFIG_DATA_PUBADDR_OFFSET, result:
 917:STM32_WPAN/App/app_ble.c ****   }
 918:STM32_WPAN/App/app_ble.c ****   else
 919:STM32_WPAN/App/app_ble.c ****   {
 920:STM32_WPAN/App/app_ble.c ****     APP_DBG_MSG("  Success: aci_hal_write_config_data command - CONFIG_DATA_PUBADDR_OFFSET\n");
 921:STM32_WPAN/App/app_ble.c ****     APP_DBG_MSG("  Public Bluetooth Address: %02x:%02x:%02x:%02x:%02x:%02x\n",p_bd_addr[5],p_bd_add
 922:STM32_WPAN/App/app_ble.c ****   }
 923:STM32_WPAN/App/app_ble.c **** 
 924:STM32_WPAN/App/app_ble.c ****   /* MAC сохраняем — из него формируем заводское имя Numa-XXX
 925:STM32_WPAN/App/app_ble.c ****   memcpy(a_bd_addr, p_bd_addr, 6);
 926:STM32_WPAN/App/app_ble.c **** 
 927:STM32_WPAN/App/app_ble.c **** #if (CFG_BLE_ADDRESS_TYPE == GAP_PUBLIC_ADDR)
 928:STM32_WPAN/App/app_ble.c ****   /* BLE MAC in ADV Packet */
 929:STM32_WPAN/App/app_ble.c ****   a_ManufData[ sizeof(a_ManufData)-6] = p_bd_addr[5];
 930:STM32_WPAN/App/app_ble.c ****   a_ManufData[ sizeof(a_ManufData)-5] = p_bd_addr[4];
 931:STM32_WPAN/App/app_ble.c ****   a_ManufData[ sizeof(a_ManufData)-4] = p_bd_addr[3];
 932:STM32_WPAN/App/app_ble.c ****   a_ManufData[ sizeof(a_ManufData)-3] = p_bd_addr[2];
 933:STM32_WPAN/App/app_ble.c ****   a_ManufData[ sizeof(a_ManufData)-2] = p_bd_addr[1];
 934:STM32_WPAN/App/app_ble.c ****   a_ManufData[ sizeof(a_ManufData)-1] = p_bd_addr[0];
 935:STM32_WPAN/App/app_ble.c **** #endif /* CFG_BLE_ADDRESS_TYPE == GAP_PUBLIC_ADDR */
 936:STM32_WPAN/App/app_ble.c **** 
 937:STM32_WPAN/App/app_ble.c ****   /**
 938:STM32_WPAN/App/app_ble.c ****    * Static random Address
 939:STM32_WPAN/App/app_ble.c ****    * The two upper bits shall be set to 1
 940:STM32_WPAN/App/app_ble.c ****    * The lowest 32bits is read from the UDN to differentiate between devices
 941:STM32_WPAN/App/app_ble.c ****    * The RNG may be used to provide a random number on each power on
 942:STM32_WPAN/App/app_ble.c ****    */
 943:STM32_WPAN/App/app_ble.c **** #if (CFG_BLE_ADDRESS_TYPE != GAP_PUBLIC_ADDR)
ARM GAS  C:\Users\843E~1\AppData\Local\Temp\ccnpSKQK.s 			page 18


 944:STM32_WPAN/App/app_ble.c ****   /* BLE MAC in ADV Packet */
 945:STM32_WPAN/App/app_ble.c ****   a_ManufData[ sizeof(a_ManufData)-6] = a_srd_bd_addr[1] >> 8 ;
 946:STM32_WPAN/App/app_ble.c ****   a_ManufData[ sizeof(a_ManufData)-5] = a_srd_bd_addr[1];
 947:STM32_WPAN/App/app_ble.c ****   a_ManufData[ sizeof(a_ManufData)-4] = a_srd_bd_addr[0] >> 24;
 948:STM32_WPAN/App/app_ble.c ****   a_ManufData[ sizeof(a_ManufData)-3] = a_srd_bd_addr[0] >> 16;
 949:STM32_WPAN/App/app_ble.c ****   a_ManufData[ sizeof(a_ManufData)-2] = a_srd_bd_addr[0] >> 8;
 950:STM32_WPAN/App/app_ble.c ****   a_ManufData[ sizeof(a_ManufData)-1] = a_srd_bd_addr[0];
 951:STM32_WPAN/App/app_ble.c **** 
 952:STM32_WPAN/App/app_ble.c ****   ret = aci_hal_write_config_data(CONFIG_DATA_RANDOM_ADDRESS_OFFSET, CONFIG_DATA_RANDOM_ADDRESS_LEN
 953:STM32_WPAN/App/app_ble.c ****   if (ret != BLE_STATUS_SUCCESS)
 954:STM32_WPAN/App/app_ble.c ****   {
 955:STM32_WPAN/App/app_ble.c ****     APP_DBG_MSG("  Fail   : aci_hal_write_config_data command - CONFIG_DATA_RANDOM_ADDRESS_OFFSET, 
 956:STM32_WPAN/App/app_ble.c ****   }
 957:STM32_WPAN/App/app_ble.c ****   else
 958:STM32_WPAN/App/app_ble.c ****   {
 959:STM32_WPAN/App/app_ble.c ****     APP_DBG_MSG("  Success: aci_hal_write_config_data command - CONFIG_DATA_RANDOM_ADDRESS_OFFSET\n
 960:STM32_WPAN/App/app_ble.c ****     APP_DBG_MSG("  Random Bluetooth Address: %02x:%02x:%02x:%02x:%02x:%02x\n", (uint8_t)(a_srd_bd_a
 961:STM32_WPAN/App/app_ble.c ****                                                                                (uint8_t)(a_srd_bd_a
 962:STM32_WPAN/App/app_ble.c ****                                                                                (uint8_t)(a_srd_bd_a
 963:STM32_WPAN/App/app_ble.c ****                                                                                (uint8_t)(a_srd_bd_a
 964:STM32_WPAN/App/app_ble.c ****                                                                                (uint8_t)(a_srd_bd_a
 965:STM32_WPAN/App/app_ble.c ****                                                                                (uint8_t)(a_srd_bd_a
 966:STM32_WPAN/App/app_ble.c ****   }
 967:STM32_WPAN/App/app_ble.c **** #endif /* CFG_BLE_ADDRESS_TYPE != GAP_PUBLIC_ADDR */
 968:STM32_WPAN/App/app_ble.c **** 
 969:STM32_WPAN/App/app_ble.c ****   /**
 970:STM32_WPAN/App/app_ble.c ****    * Write Identity root key used to derive IRK and DHK(Legacy)
 971:STM32_WPAN/App/app_ble.c ****    */
 972:STM32_WPAN/App/app_ble.c ****   ret = aci_hal_write_config_data(CONFIG_DATA_IR_OFFSET, CONFIG_DATA_IR_LEN, (uint8_t*)a_BLE_CfgIrV
 973:STM32_WPAN/App/app_ble.c ****   if (ret != BLE_STATUS_SUCCESS)
 974:STM32_WPAN/App/app_ble.c ****   {
 975:STM32_WPAN/App/app_ble.c ****     APP_DBG_MSG("  Fail   : aci_hal_write_config_data command - CONFIG_DATA_IR_OFFSET, result: 0x%x
 976:STM32_WPAN/App/app_ble.c ****   }
 977:STM32_WPAN/App/app_ble.c ****   else
 978:STM32_WPAN/App/app_ble.c ****   {
 979:STM32_WPAN/App/app_ble.c ****     APP_DBG_MSG("  Success: aci_hal_write_config_data command - CONFIG_DATA_IR_OFFSET\n");
 980:STM32_WPAN/App/app_ble.c ****   }
 981:STM32_WPAN/App/app_ble.c **** 
 982:STM32_WPAN/App/app_ble.c ****   /**
 983:STM32_WPAN/App/app_ble.c ****    * Write Encryption root key used to derive LTK and CSRK
 984:STM32_WPAN/App/app_ble.c ****    */
 985:STM32_WPAN/App/app_ble.c ****   ret = aci_hal_write_config_data(CONFIG_DATA_ER_OFFSET, CONFIG_DATA_ER_LEN, (uint8_t*)a_BLE_CfgErV
 986:STM32_WPAN/App/app_ble.c ****   if (ret != BLE_STATUS_SUCCESS)
 987:STM32_WPAN/App/app_ble.c ****   {
 988:STM32_WPAN/App/app_ble.c ****     APP_DBG_MSG("  Fail   : aci_hal_write_config_data command - CONFIG_DATA_ER_OFFSET, result: 0x%x
 989:STM32_WPAN/App/app_ble.c ****   }
 990:STM32_WPAN/App/app_ble.c ****   else
 991:STM32_WPAN/App/app_ble.c ****   {
 992:STM32_WPAN/App/app_ble.c ****     APP_DBG_MSG("  Success: aci_hal_write_config_data command - CONFIG_DATA_ER_OFFSET\n");
 993:STM32_WPAN/App/app_ble.c ****   }
 994:STM32_WPAN/App/app_ble.c **** 
 995:STM32_WPAN/App/app_ble.c ****   /**
 996:STM32_WPAN/App/app_ble.c ****    * Set TX Power.
 997:STM32_WPAN/App/app_ble.c ****    */
 998:STM32_WPAN/App/app_ble.c ****   ret = aci_hal_set_tx_power_level(1, CFG_TX_POWER);
 999:STM32_WPAN/App/app_ble.c ****   if (ret != BLE_STATUS_SUCCESS)
1000:STM32_WPAN/App/app_ble.c ****   {
ARM GAS  C:\Users\843E~1\AppData\Local\Temp\ccnpSKQK.s 			page 19


1001:STM32_WPAN/App/app_ble.c ****     APP_DBG_MSG("  Fail   : aci_hal_set_tx_power_level command, result: 0x%x \n", ret);
1002:STM32_WPAN/App/app_ble.c ****   }
1003:STM32_WPAN/App/app_ble.c ****   else
1004:STM32_WPAN/App/app_ble.c ****   {
1005:STM32_WPAN/App/app_ble.c ****     APP_DBG_MSG("  Success: aci_hal_set_tx_power_level command\n");
1006:STM32_WPAN/App/app_ble.c ****   }
1007:STM32_WPAN/App/app_ble.c **** 
1008:STM32_WPAN/App/app_ble.c ****   /**
1009:STM32_WPAN/App/app_ble.c ****    * Initialize GATT interface
1010:STM32_WPAN/App/app_ble.c ****    */
1011:STM32_WPAN/App/app_ble.c ****   ret = aci_gatt_init();
1012:STM32_WPAN/App/app_ble.c ****   if (ret != BLE_STATUS_SUCCESS)
1013:STM32_WPAN/App/app_ble.c ****   {
1014:STM32_WPAN/App/app_ble.c ****     APP_DBG_MSG("  Fail   : aci_gatt_init command, result: 0x%x \n", ret);
1015:STM32_WPAN/App/app_ble.c ****   }
1016:STM32_WPAN/App/app_ble.c ****   else
1017:STM32_WPAN/App/app_ble.c ****   {
1018:STM32_WPAN/App/app_ble.c ****     APP_DBG_MSG("  Success: aci_gatt_init command\n");
1019:STM32_WPAN/App/app_ble.c ****   }
1020:STM32_WPAN/App/app_ble.c **** 
1021:STM32_WPAN/App/app_ble.c ****   /**
1022:STM32_WPAN/App/app_ble.c ****    * Initialize GAP interface
1023:STM32_WPAN/App/app_ble.c ****    */
1024:STM32_WPAN/App/app_ble.c ****   role = 0;
1025:STM32_WPAN/App/app_ble.c **** 
1026:STM32_WPAN/App/app_ble.c **** #if (BLE_CFG_PERIPHERAL == 1)
1027:STM32_WPAN/App/app_ble.c ****   role |= GAP_PERIPHERAL_ROLE;
1028:STM32_WPAN/App/app_ble.c **** #endif /* BLE_CFG_PERIPHERAL == 1 */
1029:STM32_WPAN/App/app_ble.c **** 
1030:STM32_WPAN/App/app_ble.c **** #if (BLE_CFG_CENTRAL == 1)
1031:STM32_WPAN/App/app_ble.c ****   role |= GAP_CENTRAL_ROLE;
1032:STM32_WPAN/App/app_ble.c **** #endif /* BLE_CFG_CENTRAL == 1 */
1033:STM32_WPAN/App/app_ble.c **** 
1034:STM32_WPAN/App/app_ble.c **** /* USER CODE BEGIN Role_Mngt*/
1035:STM32_WPAN/App/app_ble.c **** 
1036:STM32_WPAN/App/app_ble.c **** /* USER CODE END Role_Mngt */
1037:STM32_WPAN/App/app_ble.c **** 
1038:STM32_WPAN/App/app_ble.c ****   if (role > 0)
1039:STM32_WPAN/App/app_ble.c ****   {
1040:STM32_WPAN/App/app_ble.c ****     /* Заводское имя: бренд + 2 младших байта MAC.
1041:STM32_WPAN/App/app_ble.c ****        Формируется только в прошивке, из приложения не ме
1042:STM32_WPAN/App/app_ble.c ****     char name[APPBLE_GAP_DEVICE_NAME_LENGTH + 1];
1043:STM32_WPAN/App/app_ble.c ****     uint8_t name_len = (uint8_t)snprintf(name, sizeof(name),
1044:STM32_WPAN/App/app_ble.c ****                                          "Numa-%02X%02X",
1045:STM32_WPAN/App/app_ble.c ****                                          a_bd_addr[1], a_bd_addr[0]);
1046:STM32_WPAN/App/app_ble.c ****     if (name_len > APPBLE_GAP_DEVICE_NAME_LENGTH)
1047:STM32_WPAN/App/app_ble.c ****       name_len = APPBLE_GAP_DEVICE_NAME_LENGTH;
1048:STM32_WPAN/App/app_ble.c **** 
1049:STM32_WPAN/App/app_ble.c ****     ret = aci_gap_init(role,
1050:STM32_WPAN/App/app_ble.c ****                        CFG_PRIVACY,
1051:STM32_WPAN/App/app_ble.c ****                        APPBLE_GAP_DEVICE_NAME_LENGTH,
1052:STM32_WPAN/App/app_ble.c ****                        &gap_service_handle,
1053:STM32_WPAN/App/app_ble.c ****                        &gap_dev_name_char_handle,
1054:STM32_WPAN/App/app_ble.c ****                        &gap_appearance_char_handle);
1055:STM32_WPAN/App/app_ble.c **** 
1056:STM32_WPAN/App/app_ble.c ****     if (ret != BLE_STATUS_SUCCESS)
1057:STM32_WPAN/App/app_ble.c ****     {
ARM GAS  C:\Users\843E~1\AppData\Local\Temp\ccnpSKQK.s 			page 20


1058:STM32_WPAN/App/app_ble.c ****       APP_DBG_MSG("  Fail   : aci_gap_init command, result: 0x%x \n", ret);
1059:STM32_WPAN/App/app_ble.c ****     }
1060:STM32_WPAN/App/app_ble.c ****     else
1061:STM32_WPAN/App/app_ble.c ****     {
1062:STM32_WPAN/App/app_ble.c ****       APP_DBG_MSG("  Success: aci_gap_init command\n");
1063:STM32_WPAN/App/app_ble.c ****     }
1064:STM32_WPAN/App/app_ble.c **** 
1065:STM32_WPAN/App/app_ble.c ****     ret = aci_gatt_update_char_value(gap_service_handle, gap_dev_name_char_handle, 0, name_len, (ui
1066:STM32_WPAN/App/app_ble.c ****     if (ret != BLE_STATUS_SUCCESS)
1067:STM32_WPAN/App/app_ble.c ****     {
1068:STM32_WPAN/App/app_ble.c ****       BLE_DBG_SVCCTL_MSG("  Fail   : aci_gatt_update_char_value - Device Name\n");
1069:STM32_WPAN/App/app_ble.c ****     }
1070:STM32_WPAN/App/app_ble.c ****     else
1071:STM32_WPAN/App/app_ble.c ****     {
1072:STM32_WPAN/App/app_ble.c ****       BLE_DBG_SVCCTL_MSG("  Success: aci_gatt_update_char_value - Device Name\n");
1073:STM32_WPAN/App/app_ble.c ****     }
1074:STM32_WPAN/App/app_ble.c ****   }
1075:STM32_WPAN/App/app_ble.c **** 
1076:STM32_WPAN/App/app_ble.c ****   ret = aci_gatt_update_char_value(gap_service_handle,
1077:STM32_WPAN/App/app_ble.c ****                                    gap_appearance_char_handle,
1078:STM32_WPAN/App/app_ble.c ****                                    0,
1079:STM32_WPAN/App/app_ble.c ****                                    2,
1080:STM32_WPAN/App/app_ble.c ****                                    (uint8_t *)&a_appearance);
1081:STM32_WPAN/App/app_ble.c ****   if (ret != BLE_STATUS_SUCCESS)
1082:STM32_WPAN/App/app_ble.c ****   {
1083:STM32_WPAN/App/app_ble.c ****     BLE_DBG_SVCCTL_MSG("  Fail   : aci_gatt_update_char_value - Appearance\n");
1084:STM32_WPAN/App/app_ble.c ****   }
1085:STM32_WPAN/App/app_ble.c ****   else
1086:STM32_WPAN/App/app_ble.c ****   {
1087:STM32_WPAN/App/app_ble.c ****     BLE_DBG_SVCCTL_MSG("  Success: aci_gatt_update_char_value - Appearance\n");
1088:STM32_WPAN/App/app_ble.c ****   }
1089:STM32_WPAN/App/app_ble.c **** 
1090:STM32_WPAN/App/app_ble.c ****   /**
1091:STM32_WPAN/App/app_ble.c ****    * Initialize Default PHY
1092:STM32_WPAN/App/app_ble.c ****    */
1093:STM32_WPAN/App/app_ble.c ****   ret = hci_le_set_default_phy(ALL_PHYS_PREFERENCE,TX_2M_PREFERRED,RX_2M_PREFERRED);
1094:STM32_WPAN/App/app_ble.c ****   if (ret != BLE_STATUS_SUCCESS)
1095:STM32_WPAN/App/app_ble.c ****   {
1096:STM32_WPAN/App/app_ble.c ****     APP_DBG_MSG("  Fail   : hci_le_set_default_phy command, result: 0x%x \n", ret);
1097:STM32_WPAN/App/app_ble.c ****   }
1098:STM32_WPAN/App/app_ble.c ****   else
1099:STM32_WPAN/App/app_ble.c ****   {
1100:STM32_WPAN/App/app_ble.c ****     APP_DBG_MSG("  Success: hci_le_set_default_phy command\n");
1101:STM32_WPAN/App/app_ble.c ****   }
1102:STM32_WPAN/App/app_ble.c **** 
1103:STM32_WPAN/App/app_ble.c ****   /**
1104:STM32_WPAN/App/app_ble.c ****    * Initialize IO capability
1105:STM32_WPAN/App/app_ble.c ****    */
1106:STM32_WPAN/App/app_ble.c ****   BleApplicationContext.BleApplicationContext_legacy.bleSecurityParam.ioCapability = CFG_IO_CAPABIL
1107:STM32_WPAN/App/app_ble.c ****   ret = aci_gap_set_io_capability(BleApplicationContext.BleApplicationContext_legacy.bleSecurityPar
1108:STM32_WPAN/App/app_ble.c ****   if (ret != BLE_STATUS_SUCCESS)
1109:STM32_WPAN/App/app_ble.c ****   {
1110:STM32_WPAN/App/app_ble.c ****     APP_DBG_MSG("  Fail   : aci_gap_set_io_capability command, result: 0x%x \n", ret);
1111:STM32_WPAN/App/app_ble.c ****   }
1112:STM32_WPAN/App/app_ble.c ****   else
1113:STM32_WPAN/App/app_ble.c ****   {
1114:STM32_WPAN/App/app_ble.c ****     APP_DBG_MSG("  Success: aci_gap_set_io_capability command\n");
ARM GAS  C:\Users\843E~1\AppData\Local\Temp\ccnpSKQK.s 			page 21


1115:STM32_WPAN/App/app_ble.c ****   }
1116:STM32_WPAN/App/app_ble.c **** 
1117:STM32_WPAN/App/app_ble.c ****   /**
1118:STM32_WPAN/App/app_ble.c ****    * Initialize authentication
1119:STM32_WPAN/App/app_ble.c ****    */
1120:STM32_WPAN/App/app_ble.c ****   BleApplicationContext.BleApplicationContext_legacy.bleSecurityParam.mitm_mode = CFG_MITM_PROTECTI
1121:STM32_WPAN/App/app_ble.c ****   BleApplicationContext.BleApplicationContext_legacy.bleSecurityParam.encryptionKeySizeMin = CFG_EN
1122:STM32_WPAN/App/app_ble.c ****   BleApplicationContext.BleApplicationContext_legacy.bleSecurityParam.encryptionKeySizeMax = CFG_EN
1123:STM32_WPAN/App/app_ble.c ****   BleApplicationContext.BleApplicationContext_legacy.bleSecurityParam.Use_Fixed_Pin = CFG_USED_FIXE
1124:STM32_WPAN/App/app_ble.c ****   BleApplicationContext.BleApplicationContext_legacy.bleSecurityParam.Fixed_Pin = CFG_FIXED_PIN;
1125:STM32_WPAN/App/app_ble.c ****   BleApplicationContext.BleApplicationContext_legacy.bleSecurityParam.bonding_mode = CFG_BONDING_MO
1126:STM32_WPAN/App/app_ble.c ****   /* USER CODE BEGIN Ble_Hci_Gap_Gatt_Init_1*/
1127:STM32_WPAN/App/app_ble.c **** 
1128:STM32_WPAN/App/app_ble.c ****   /* USER CODE END Ble_Hci_Gap_Gatt_Init_1*/
1129:STM32_WPAN/App/app_ble.c **** 
1130:STM32_WPAN/App/app_ble.c ****   ret = aci_gap_set_authentication_requirement(BleApplicationContext.BleApplicationContext_legacy.b
1131:STM32_WPAN/App/app_ble.c ****                                                BleApplicationContext.BleApplicationContext_legacy.b
1132:STM32_WPAN/App/app_ble.c ****                                                CFG_SC_SUPPORT,
1133:STM32_WPAN/App/app_ble.c ****                                                CFG_KEYPRESS_NOTIFICATION_SUPPORT,
1134:STM32_WPAN/App/app_ble.c ****                                                BleApplicationContext.BleApplicationContext_legacy.b
1135:STM32_WPAN/App/app_ble.c ****                                                BleApplicationContext.BleApplicationContext_legacy.b
1136:STM32_WPAN/App/app_ble.c ****                                                BleApplicationContext.BleApplicationContext_legacy.b
1137:STM32_WPAN/App/app_ble.c ****                                                BleApplicationContext.BleApplicationContext_legacy.b
1138:STM32_WPAN/App/app_ble.c ****                                                CFG_IDENTITY_ADDRESS);
1139:STM32_WPAN/App/app_ble.c ****   if (ret != BLE_STATUS_SUCCESS)
1140:STM32_WPAN/App/app_ble.c ****   {
1141:STM32_WPAN/App/app_ble.c ****     APP_DBG_MSG("  Fail   : aci_gap_set_authentication_requirement command, result: 0x%x \n", ret);
1142:STM32_WPAN/App/app_ble.c ****   }
1143:STM32_WPAN/App/app_ble.c ****   else
1144:STM32_WPAN/App/app_ble.c ****   {
1145:STM32_WPAN/App/app_ble.c ****     APP_DBG_MSG("  Success: aci_gap_set_authentication_requirement command\n");
1146:STM32_WPAN/App/app_ble.c ****   }
1147:STM32_WPAN/App/app_ble.c **** 
1148:STM32_WPAN/App/app_ble.c ****   /**
1149:STM32_WPAN/App/app_ble.c ****    * Initialize whitelist
1150:STM32_WPAN/App/app_ble.c ****    */
1151:STM32_WPAN/App/app_ble.c ****   if (BleApplicationContext.BleApplicationContext_legacy.bleSecurityParam.bonding_mode)
1152:STM32_WPAN/App/app_ble.c ****   {
1153:STM32_WPAN/App/app_ble.c ****     ret = aci_gap_configure_whitelist();
1154:STM32_WPAN/App/app_ble.c ****     if (ret != BLE_STATUS_SUCCESS)
1155:STM32_WPAN/App/app_ble.c ****     {
1156:STM32_WPAN/App/app_ble.c ****       APP_DBG_MSG("  Fail   : aci_gap_configure_whitelist command, result: 0x%x \n", ret);
1157:STM32_WPAN/App/app_ble.c ****     }
1158:STM32_WPAN/App/app_ble.c ****     else
1159:STM32_WPAN/App/app_ble.c ****     {
1160:STM32_WPAN/App/app_ble.c ****       APP_DBG_MSG("  Success: aci_gap_configure_whitelist command\n");
1161:STM32_WPAN/App/app_ble.c ****     }
1162:STM32_WPAN/App/app_ble.c ****   }
1163:STM32_WPAN/App/app_ble.c ****   APP_DBG_MSG("==>> End Ble_Hci_Gap_Gatt_Init function\n\r");
1164:STM32_WPAN/App/app_ble.c **** }
1165:STM32_WPAN/App/app_ble.c **** 
1166:STM32_WPAN/App/app_ble.c **** static tBleStatus Adv_Request(APP_BLE_ConnStatus_t NewStatus)
1167:STM32_WPAN/App/app_ble.c **** {
1168:STM32_WPAN/App/app_ble.c ****   tBleStatus ret = BLE_STATUS_INVALID_PARAMS;
1169:STM32_WPAN/App/app_ble.c ****   tBleStatus result = BLE_STATUS_SUCCESS;
1170:STM32_WPAN/App/app_ble.c ****   uint16_t Min_Inter, Max_Inter;
1171:STM32_WPAN/App/app_ble.c **** 
ARM GAS  C:\Users\843E~1\AppData\Local\Temp\ccnpSKQK.s 			page 22


1172:STM32_WPAN/App/app_ble.c ****   if (NewStatus == APP_BLE_FAST_ADV)
1173:STM32_WPAN/App/app_ble.c ****   {
1174:STM32_WPAN/App/app_ble.c ****     Min_Inter = AdvIntervalMin;
1175:STM32_WPAN/App/app_ble.c ****     Max_Inter = AdvIntervalMax;
1176:STM32_WPAN/App/app_ble.c ****   }
1177:STM32_WPAN/App/app_ble.c ****   else
1178:STM32_WPAN/App/app_ble.c ****   {
1179:STM32_WPAN/App/app_ble.c ****     Min_Inter = CFG_LP_CONN_ADV_INTERVAL_MIN;
1180:STM32_WPAN/App/app_ble.c ****     Max_Inter = CFG_LP_CONN_ADV_INTERVAL_MAX;
1181:STM32_WPAN/App/app_ble.c ****   }
1182:STM32_WPAN/App/app_ble.c **** 
1183:STM32_WPAN/App/app_ble.c ****   /**
1184:STM32_WPAN/App/app_ble.c ****    * Stop the timer, it will be restarted for a new shot
1185:STM32_WPAN/App/app_ble.c ****    * It does not hurt if the timer was not running
1186:STM32_WPAN/App/app_ble.c ****    */
1187:STM32_WPAN/App/app_ble.c ****   HW_TS_Stop(BleApplicationContext.Advertising_mgr_timer_Id);
1188:STM32_WPAN/App/app_ble.c **** 
1189:STM32_WPAN/App/app_ble.c ****   if ((BleApplicationContext.Device_Connection_Status == APP_BLE_FAST_ADV)
1190:STM32_WPAN/App/app_ble.c ****       || (BleApplicationContext.Device_Connection_Status == APP_BLE_LP_ADV))
1191:STM32_WPAN/App/app_ble.c ****   {
1192:STM32_WPAN/App/app_ble.c ****     /* Connection in ADVERTISE mode have to stop the current advertising */
1193:STM32_WPAN/App/app_ble.c ****     ret = aci_gap_set_non_discoverable();
1194:STM32_WPAN/App/app_ble.c ****     if (ret != BLE_STATUS_SUCCESS)
1195:STM32_WPAN/App/app_ble.c ****     {
1196:STM32_WPAN/App/app_ble.c ****       APP_DBG_MSG("==>> aci_gap_set_non_discoverable - Stop Advertising Failed , result: %d \n", re
1197:STM32_WPAN/App/app_ble.c ****     }
1198:STM32_WPAN/App/app_ble.c ****     else
1199:STM32_WPAN/App/app_ble.c ****     {
1200:STM32_WPAN/App/app_ble.c ****       APP_DBG_MSG("==>> aci_gap_set_non_discoverable - Successfully Stopped Advertising \n");
1201:STM32_WPAN/App/app_ble.c ****     }
1202:STM32_WPAN/App/app_ble.c ****   }
1203:STM32_WPAN/App/app_ble.c **** 
1204:STM32_WPAN/App/app_ble.c ****   BleApplicationContext.Device_Connection_Status = NewStatus;
1205:STM32_WPAN/App/app_ble.c ****   /* Start Fast or Low Power Advertising */
1206:STM32_WPAN/App/app_ble.c ****   ret = aci_gap_set_discoverable(ADV_IND,
1207:STM32_WPAN/App/app_ble.c ****                                  Min_Inter,
1208:STM32_WPAN/App/app_ble.c ****                                  Max_Inter,
1209:STM32_WPAN/App/app_ble.c ****                                  CFG_BLE_ADDRESS_TYPE,
1210:STM32_WPAN/App/app_ble.c ****                                  NO_WHITE_LIST_USE, /* use white list */
1211:STM32_WPAN/App/app_ble.c ****                                  a_LocalName_len,
1212:STM32_WPAN/App/app_ble.c ****                                  (uint8_t*) &a_LocalName,
1213:STM32_WPAN/App/app_ble.c ****                                  BleApplicationContext.BleApplicationContext_legacy.advtServUUIDlen
1214:STM32_WPAN/App/app_ble.c ****                                  BleApplicationContext.BleApplicationContext_legacy.advtServUUID,
1215:STM32_WPAN/App/app_ble.c ****                                  0,
1216:STM32_WPAN/App/app_ble.c ****                                  0);
1217:STM32_WPAN/App/app_ble.c ****   if (ret != BLE_STATUS_SUCCESS)
1218:STM32_WPAN/App/app_ble.c ****   {
1219:STM32_WPAN/App/app_ble.c ****     APP_DBG_MSG("==>> aci_gap_set_discoverable - fail, result: 0x%x \n", ret);
1220:STM32_WPAN/App/app_ble.c ****     result = ret;
1221:STM32_WPAN/App/app_ble.c ****   }
1222:STM32_WPAN/App/app_ble.c ****   else
1223:STM32_WPAN/App/app_ble.c ****   {
1224:STM32_WPAN/App/app_ble.c ****     APP_DBG_MSG("==>> aci_gap_set_discoverable - Success\n");
1225:STM32_WPAN/App/app_ble.c ****   }
1226:STM32_WPAN/App/app_ble.c **** 
1227:STM32_WPAN/App/app_ble.c ****   /* Update Advertising data */
1228:STM32_WPAN/App/app_ble.c ****   ret = aci_gap_update_adv_data(sizeof(a_ManufData), (uint8_t*) a_ManufData);
ARM GAS  C:\Users\843E~1\AppData\Local\Temp\ccnpSKQK.s 			page 23


1229:STM32_WPAN/App/app_ble.c ****   if (ret != BLE_STATUS_SUCCESS)
1230:STM32_WPAN/App/app_ble.c ****   {
1231:STM32_WPAN/App/app_ble.c ****     result = ret;
1232:STM32_WPAN/App/app_ble.c ****     if (NewStatus == APP_BLE_FAST_ADV)
1233:STM32_WPAN/App/app_ble.c ****     {
1234:STM32_WPAN/App/app_ble.c ****       APP_DBG_MSG("==>> Start Fast Advertising Failed , result: %d \n\r", ret);
1235:STM32_WPAN/App/app_ble.c ****     }
1236:STM32_WPAN/App/app_ble.c ****     else
1237:STM32_WPAN/App/app_ble.c ****     {
1238:STM32_WPAN/App/app_ble.c ****       APP_DBG_MSG("==>> Start Low Power Advertising Failed , result: %d \n\r", ret);
1239:STM32_WPAN/App/app_ble.c ****     }
1240:STM32_WPAN/App/app_ble.c ****   }
1241:STM32_WPAN/App/app_ble.c ****   else
1242:STM32_WPAN/App/app_ble.c ****   {
1243:STM32_WPAN/App/app_ble.c ****     if (NewStatus == APP_BLE_FAST_ADV)
1244:STM32_WPAN/App/app_ble.c ****     {
1245:STM32_WPAN/App/app_ble.c ****       APP_DBG_MSG("==>> Success: Start Fast Advertising \n\r");
1246:STM32_WPAN/App/app_ble.c ****       /* Start Timer to STOP ADV - TIMEOUT - and next Restart Low Power Advertising */
1247:STM32_WPAN/App/app_ble.c ****       HW_TS_Start(BleApplicationContext.Advertising_mgr_timer_Id, INITIAL_ADV_TIMEOUT);
1248:STM32_WPAN/App/app_ble.c ****     }
1249:STM32_WPAN/App/app_ble.c ****     else
1250:STM32_WPAN/App/app_ble.c ****     {
1251:STM32_WPAN/App/app_ble.c ****       APP_DBG_MSG("==>> Success: Start Low Power Advertising \n\r");
1252:STM32_WPAN/App/app_ble.c ****     }
1253:STM32_WPAN/App/app_ble.c ****   }
1254:STM32_WPAN/App/app_ble.c **** 
1255:STM32_WPAN/App/app_ble.c ****   /* Remember failures so the supervisor can retry */
1256:STM32_WPAN/App/app_ble.c ****   s_adv_failed = (result != BLE_STATUS_SUCCESS) ? 1U : 0U;
1257:STM32_WPAN/App/app_ble.c ****   s_adv_refresh_cnt = 0U;
1258:STM32_WPAN/App/app_ble.c **** 
1259:STM32_WPAN/App/app_ble.c ****   return result;
1260:STM32_WPAN/App/app_ble.c **** }
1261:STM32_WPAN/App/app_ble.c **** 
1262:STM32_WPAN/App/app_ble.c **** const uint8_t* BleGetBdAddress(void)
1263:STM32_WPAN/App/app_ble.c **** {
1264:STM32_WPAN/App/app_ble.c ****   uint8_t *p_otp_addr;
1265:STM32_WPAN/App/app_ble.c ****   const uint8_t *p_bd_addr;
1266:STM32_WPAN/App/app_ble.c ****   uint32_t udn;
1267:STM32_WPAN/App/app_ble.c ****   uint32_t company_id;
1268:STM32_WPAN/App/app_ble.c ****   uint32_t device_id;
1269:STM32_WPAN/App/app_ble.c **** 
1270:STM32_WPAN/App/app_ble.c ****   udn = LL_FLASH_GetUDN();
1271:STM32_WPAN/App/app_ble.c **** 
1272:STM32_WPAN/App/app_ble.c ****   if (udn != 0xFFFFFFFF)
1273:STM32_WPAN/App/app_ble.c ****   {
1274:STM32_WPAN/App/app_ble.c ****     company_id = LL_FLASH_GetSTCompanyID();
1275:STM32_WPAN/App/app_ble.c ****     device_id = LL_FLASH_GetDeviceID();
1276:STM32_WPAN/App/app_ble.c **** 
1277:STM32_WPAN/App/app_ble.c ****     /**
1278:STM32_WPAN/App/app_ble.c ****      * Public Address with the ST company ID
1279:STM32_WPAN/App/app_ble.c ****      * bit[47:24] : 24bits (OUI) equal to the company ID
1280:STM32_WPAN/App/app_ble.c ****      * bit[23:16] : Device ID.
1281:STM32_WPAN/App/app_ble.c ****      * bit[15:0] : The last 16bits from the UDN
1282:STM32_WPAN/App/app_ble.c ****      * Note: In order to use the Public Address in a final product, a dedicated
1283:STM32_WPAN/App/app_ble.c ****      * 24bits company ID (OUI) shall be bought.
1284:STM32_WPAN/App/app_ble.c ****      */
1285:STM32_WPAN/App/app_ble.c ****     a_BdAddrUdn[0] = (uint8_t)(udn & 0x000000FF);
ARM GAS  C:\Users\843E~1\AppData\Local\Temp\ccnpSKQK.s 			page 24


1286:STM32_WPAN/App/app_ble.c ****     a_BdAddrUdn[1] = (uint8_t)((udn & 0x0000FF00) >> 8);
1287:STM32_WPAN/App/app_ble.c ****     a_BdAddrUdn[2] = (uint8_t)device_id;
1288:STM32_WPAN/App/app_ble.c ****     a_BdAddrUdn[3] = (uint8_t)(company_id & 0x000000FF);
1289:STM32_WPAN/App/app_ble.c ****     a_BdAddrUdn[4] = (uint8_t)((company_id & 0x0000FF00) >> 8);
1290:STM32_WPAN/App/app_ble.c ****     a_BdAddrUdn[5] = (uint8_t)((company_id & 0x00FF0000) >> 16);
1291:STM32_WPAN/App/app_ble.c **** 
1292:STM32_WPAN/App/app_ble.c ****     p_bd_addr = (const uint8_t *)a_BdAddrUdn;
1293:STM32_WPAN/App/app_ble.c ****   }
1294:STM32_WPAN/App/app_ble.c ****   else
1295:STM32_WPAN/App/app_ble.c ****   {
1296:STM32_WPAN/App/app_ble.c ****     p_otp_addr = OTP_Read(0);
1297:STM32_WPAN/App/app_ble.c ****     if (p_otp_addr)
1298:STM32_WPAN/App/app_ble.c ****     {
1299:STM32_WPAN/App/app_ble.c ****       p_bd_addr = ((OTP_ID0_t*)p_otp_addr)->bd_address;
1300:STM32_WPAN/App/app_ble.c ****     }
1301:STM32_WPAN/App/app_ble.c ****     else
1302:STM32_WPAN/App/app_ble.c ****     {
1303:STM32_WPAN/App/app_ble.c ****       p_bd_addr = a_MBdAddr;
1304:STM32_WPAN/App/app_ble.c ****     }
1305:STM32_WPAN/App/app_ble.c ****   }
1306:STM32_WPAN/App/app_ble.c **** 
1307:STM32_WPAN/App/app_ble.c ****   return p_bd_addr;
1308:STM32_WPAN/App/app_ble.c **** }
1309:STM32_WPAN/App/app_ble.c **** 
1310:STM32_WPAN/App/app_ble.c **** /* USER CODE BEGIN FD_LOCAL_FUNCTION */
1311:STM32_WPAN/App/app_ble.c **** 
1312:STM32_WPAN/App/app_ble.c **** /* USER CODE END FD_LOCAL_FUNCTION */
1313:STM32_WPAN/App/app_ble.c **** 
1314:STM32_WPAN/App/app_ble.c **** /*************************************************************
1315:STM32_WPAN/App/app_ble.c ****  *
1316:STM32_WPAN/App/app_ble.c ****  * SPECIFIC FUNCTIONS FOR P2P SERVER
1317:STM32_WPAN/App/app_ble.c ****  *
1318:STM32_WPAN/App/app_ble.c ****  *************************************************************/
1319:STM32_WPAN/App/app_ble.c **** static void Adv_Cancel(void)
1320:STM32_WPAN/App/app_ble.c **** {
1321:STM32_WPAN/App/app_ble.c ****   /*
1322:STM32_WPAN/App/app_ble.c ****    * Do not leave the device invisible after the fast-advertising timeout.
1323:STM32_WPAN/App/app_ble.c ****    * Continue advertising with the low-power interval until a central connects.
1324:STM32_WPAN/App/app_ble.c ****    */
1325:STM32_WPAN/App/app_ble.c ****   if (BleApplicationContext.Device_Connection_Status != APP_BLE_CONNECTED_SERVER)
1326:STM32_WPAN/App/app_ble.c ****   {
1327:STM32_WPAN/App/app_ble.c ****     Adv_Request(APP_BLE_LP_ADV);
1328:STM32_WPAN/App/app_ble.c ****   }
1329:STM32_WPAN/App/app_ble.c **** }
1330:STM32_WPAN/App/app_ble.c **** 
1331:STM32_WPAN/App/app_ble.c **** /**
1332:STM32_WPAN/App/app_ble.c ****  * Timer callback (ISR context): only schedules the supervisor task.
1333:STM32_WPAN/App/app_ble.c ****  */
1334:STM32_WPAN/App/app_ble.c **** static void Ble_Supervisor_Req(void)
1335:STM32_WPAN/App/app_ble.c **** {
  28              		.loc 1 1335 1 view -0
  29              		.cfi_startproc
  30              		@ args = 0, pretend = 0, frame = 0
  31              		@ frame_needed = 0, uses_anonymous_args = 0
  32 0000 08B5     		push	{r3, lr}
  33              	.LCFI0:
  34              		.cfi_def_cfa_offset 8
ARM GAS  C:\Users\843E~1\AppData\Local\Temp\ccnpSKQK.s 			page 25


  35              		.cfi_offset 3, -8
  36              		.cfi_offset 14, -4
1336:STM32_WPAN/App/app_ble.c ****   UTIL_SEQ_SetTask(1U << CFG_TASK_BLE_SUPERVISOR_ID, CFG_SCH_PRIO_0);
  37              		.loc 1 1336 3 view .LVU1
  38 0002 0021     		movs	r1, #0
  39 0004 0820     		movs	r0, #8
  40 0006 FFF7FEFF 		bl	UTIL_SEQ_SetTask
  41              	.LVL0:
1337:STM32_WPAN/App/app_ble.c **** }
  42              		.loc 1 1337 1 is_stmt 0 view .LVU2
  43 000a 08BD     		pop	{r3, pc}
  44              		.cfi_endproc
  45              	.LFE1269:
  47              		.section	.text.Adv_Cancel_Req,"ax",%progbits
  48              		.align	1
  49              		.syntax unified
  50              		.thumb
  51              		.thumb_func
  53              	Adv_Cancel_Req:
  54              	.LFB1271:
1338:STM32_WPAN/App/app_ble.c **** 
1339:STM32_WPAN/App/app_ble.c **** /**
1340:STM32_WPAN/App/app_ble.c ****  * Runs every BLE_SUPERVISOR_PERIOD_S seconds in task context.
1341:STM32_WPAN/App/app_ble.c ****  * - kicks the hardware watchdog
1342:STM32_WPAN/App/app_ble.c ****  * - if not connected: retries failed advertising and periodically re-arms it
1343:STM32_WPAN/App/app_ble.c ****  */
1344:STM32_WPAN/App/app_ble.c **** static void Ble_Supervisor(void)
1345:STM32_WPAN/App/app_ble.c **** {
1346:STM32_WPAN/App/app_ble.c **** #if (APP_USE_IWDG != 0)
1347:STM32_WPAN/App/app_ble.c ****   IWDG->KR = 0xAAAAU;
1348:STM32_WPAN/App/app_ble.c **** #endif
1349:STM32_WPAN/App/app_ble.c **** 
1350:STM32_WPAN/App/app_ble.c ****   switch (BleApplicationContext.Device_Connection_Status)
1351:STM32_WPAN/App/app_ble.c ****   {
1352:STM32_WPAN/App/app_ble.c ****     case APP_BLE_CONNECTED_SERVER:
1353:STM32_WPAN/App/app_ble.c ****     case APP_BLE_CONNECTED_CLIENT:
1354:STM32_WPAN/App/app_ble.c ****       s_adv_refresh_cnt = 0U;
1355:STM32_WPAN/App/app_ble.c ****       break;
1356:STM32_WPAN/App/app_ble.c **** 
1357:STM32_WPAN/App/app_ble.c ****     case APP_BLE_FAST_ADV:
1358:STM32_WPAN/App/app_ble.c ****       /* The 60 s fast-advertising timer will switch to low power advertising */
1359:STM32_WPAN/App/app_ble.c ****       if (s_adv_failed != 0U)
1360:STM32_WPAN/App/app_ble.c ****       {
1361:STM32_WPAN/App/app_ble.c ****         (void)Adv_Request(APP_BLE_LP_ADV);
1362:STM32_WPAN/App/app_ble.c ****       }
1363:STM32_WPAN/App/app_ble.c ****       break;
1364:STM32_WPAN/App/app_ble.c **** 
1365:STM32_WPAN/App/app_ble.c ****     case APP_BLE_LP_ADV:
1366:STM32_WPAN/App/app_ble.c ****       if ((s_adv_failed != 0U) || (++s_adv_refresh_cnt >= BLE_ADV_REFRESH_PERIODS))
1367:STM32_WPAN/App/app_ble.c ****       {
1368:STM32_WPAN/App/app_ble.c ****         (void)Adv_Request(APP_BLE_LP_ADV);
1369:STM32_WPAN/App/app_ble.c ****       }
1370:STM32_WPAN/App/app_ble.c ****       break;
1371:STM32_WPAN/App/app_ble.c **** 
1372:STM32_WPAN/App/app_ble.c ****     case APP_BLE_IDLE:
1373:STM32_WPAN/App/app_ble.c ****     default:
1374:STM32_WPAN/App/app_ble.c ****       /* Not connected and not advertising: should never happen, recover */
ARM GAS  C:\Users\843E~1\AppData\Local\Temp\ccnpSKQK.s 			page 26


1375:STM32_WPAN/App/app_ble.c ****       (void)Adv_Request(APP_BLE_LP_ADV);
1376:STM32_WPAN/App/app_ble.c ****       break;
1377:STM32_WPAN/App/app_ble.c ****   }
1378:STM32_WPAN/App/app_ble.c **** }
1379:STM32_WPAN/App/app_ble.c **** 
1380:STM32_WPAN/App/app_ble.c **** static void Adv_Cancel_Req(void)
1381:STM32_WPAN/App/app_ble.c **** {
  55              		.loc 1 1381 1 is_stmt 1 view -0
  56              		.cfi_startproc
  57              		@ args = 0, pretend = 0, frame = 0
  58              		@ frame_needed = 0, uses_anonymous_args = 0
  59 0000 08B5     		push	{r3, lr}
  60              	.LCFI1:
  61              		.cfi_def_cfa_offset 8
  62              		.cfi_offset 3, -8
  63              		.cfi_offset 14, -4
1382:STM32_WPAN/App/app_ble.c ****   /* USER CODE BEGIN Adv_Cancel_Req_1 */
1383:STM32_WPAN/App/app_ble.c **** 
1384:STM32_WPAN/App/app_ble.c ****   /* USER CODE END Adv_Cancel_Req_1 */
1385:STM32_WPAN/App/app_ble.c **** 
1386:STM32_WPAN/App/app_ble.c ****   UTIL_SEQ_SetTask(1 << CFG_TASK_ADV_CANCEL_ID, CFG_SCH_PRIO_0);
  64              		.loc 1 1386 3 view .LVU4
  65 0002 0021     		movs	r1, #0
  66 0004 0120     		movs	r0, #1
  67 0006 FFF7FEFF 		bl	UTIL_SEQ_SetTask
  68              	.LVL1:
1387:STM32_WPAN/App/app_ble.c **** 
1388:STM32_WPAN/App/app_ble.c ****   /* USER CODE BEGIN Adv_Cancel_Req_2 */
1389:STM32_WPAN/App/app_ble.c **** 
1390:STM32_WPAN/App/app_ble.c ****   /* USER CODE END Adv_Cancel_Req_2 */
1391:STM32_WPAN/App/app_ble.c **** 
1392:STM32_WPAN/App/app_ble.c ****   return;
  69              		.loc 1 1392 3 view .LVU5
1393:STM32_WPAN/App/app_ble.c **** }
  70              		.loc 1 1393 1 is_stmt 0 view .LVU6
  71 000a 08BD     		pop	{r3, pc}
  72              		.cfi_endproc
  73              	.LFE1271:
  75              		.section	.text.Switch_OFF_GPIO,"ax",%progbits
  76              		.align	1
  77              		.syntax unified
  78              		.thumb
  79              		.thumb_func
  81              	Switch_OFF_GPIO:
  82              	.LFB1272:
1394:STM32_WPAN/App/app_ble.c **** 
1395:STM32_WPAN/App/app_ble.c **** static void Switch_OFF_GPIO()
1396:STM32_WPAN/App/app_ble.c **** {
  83              		.loc 1 1396 1 is_stmt 1 view -0
  84              		.cfi_startproc
  85              		@ args = 0, pretend = 0, frame = 0
  86              		@ frame_needed = 0, uses_anonymous_args = 0
  87 0000 08B5     		push	{r3, lr}
  88              	.LCFI2:
  89              		.cfi_def_cfa_offset 8
  90              		.cfi_offset 3, -8
  91              		.cfi_offset 14, -4
ARM GAS  C:\Users\843E~1\AppData\Local\Temp\ccnpSKQK.s 			page 27


1397:STM32_WPAN/App/app_ble.c ****   /* USER CODE BEGIN Switch_OFF_GPIO */
1398:STM32_WPAN/App/app_ble.c ****   HAL_GPIO_WritePin(GPIOA, GPIO_PIN_10, DEBUG_LED_OFF_LEVEL);
  92              		.loc 1 1398 3 view .LVU8
  93 0002 0022     		movs	r2, #0
  94 0004 4FF48061 		mov	r1, #1024
  95 0008 4FF09040 		mov	r0, #1207959552
  96 000c FFF7FEFF 		bl	HAL_GPIO_WritePin
  97              	.LVL2:
1399:STM32_WPAN/App/app_ble.c ****   /* USER CODE END Switch_OFF_GPIO */
1400:STM32_WPAN/App/app_ble.c **** }
  98              		.loc 1 1400 1 is_stmt 0 view .LVU9
  99 0010 08BD     		pop	{r3, pc}
 100              		.cfi_endproc
 101              	.LFE1272:
 103              		.section	.text.Ble_Tl_Init,"ax",%progbits
 104              		.align	1
 105              		.syntax unified
 106              		.thumb
 107              		.thumb_func
 109              	Ble_Tl_Init:
 110              	.LFB1264:
 872:STM32_WPAN/App/app_ble.c ****   HCI_TL_HciInitConf_t Hci_Tl_Init_Conf;
 111              		.loc 1 872 1 is_stmt 1 view -0
 112              		.cfi_startproc
 113              		@ args = 0, pretend = 0, frame = 8
 114              		@ frame_needed = 0, uses_anonymous_args = 0
 115 0000 00B5     		push	{lr}
 116              	.LCFI3:
 117              		.cfi_def_cfa_offset 4
 118              		.cfi_offset 14, -4
 119 0002 83B0     		sub	sp, sp, #12
 120              	.LCFI4:
 121              		.cfi_def_cfa_offset 16
 873:STM32_WPAN/App/app_ble.c **** 
 122              		.loc 1 873 3 view .LVU11
 875:STM32_WPAN/App/app_ble.c ****   Hci_Tl_Init_Conf.StatusNotCallBack = BLE_StatusNot;
 123              		.loc 1 875 3 view .LVU12
 875:STM32_WPAN/App/app_ble.c ****   Hci_Tl_Init_Conf.StatusNotCallBack = BLE_StatusNot;
 124              		.loc 1 875 32 is_stmt 0 view .LVU13
 125 0004 054B     		ldr	r3, .L9
 126 0006 0093     		str	r3, [sp]
 876:STM32_WPAN/App/app_ble.c ****   hci_init(BLE_UserEvtRx, (void*) &Hci_Tl_Init_Conf);
 127              		.loc 1 876 3 is_stmt 1 view .LVU14
 876:STM32_WPAN/App/app_ble.c ****   hci_init(BLE_UserEvtRx, (void*) &Hci_Tl_Init_Conf);
 128              		.loc 1 876 38 is_stmt 0 view .LVU15
 129 0008 054B     		ldr	r3, .L9+4
 130 000a 0193     		str	r3, [sp, #4]
 877:STM32_WPAN/App/app_ble.c **** 
 131              		.loc 1 877 3 is_stmt 1 view .LVU16
 132 000c 6946     		mov	r1, sp
 133 000e 0548     		ldr	r0, .L9+8
 134 0010 FFF7FEFF 		bl	hci_init
 135              	.LVL3:
 879:STM32_WPAN/App/app_ble.c **** }
 136              		.loc 1 879 3 view .LVU17
 880:STM32_WPAN/App/app_ble.c **** 
 137              		.loc 1 880 1 is_stmt 0 view .LVU18
ARM GAS  C:\Users\843E~1\AppData\Local\Temp\ccnpSKQK.s 			page 28


 138 0014 03B0     		add	sp, sp, #12
 139              	.LCFI5:
 140              		.cfi_def_cfa_offset 4
 141              		@ sp needed
 142 0016 5DF804FB 		ldr	pc, [sp], #4
 143              	.L10:
 144 001a 00BF     		.align	2
 145              	.L9:
 146 001c 00000000 		.word	.LANCHOR0
 147 0020 00000000 		.word	BLE_StatusNot
 148 0024 00000000 		.word	BLE_UserEvtRx
 149              		.cfi_endproc
 150              	.LFE1264:
 152              		.section	.text.BLE_UserEvtRx,"ax",%progbits
 153              		.align	1
 154              		.syntax unified
 155              		.thumb
 156              		.thumb_func
 158              	BLE_UserEvtRx:
 159              	.LVL4:
 160              	.LFB1277:
1401:STM32_WPAN/App/app_ble.c **** 
1402:STM32_WPAN/App/app_ble.c **** void APP_BLE_Led_Blink(uint32_t duration_ms)
1403:STM32_WPAN/App/app_ble.c **** {
1404:STM32_WPAN/App/app_ble.c ****     uint32_t timeout_ticks;
1405:STM32_WPAN/App/app_ble.c **** 
1406:STM32_WPAN/App/app_ble.c ****     /*
1407:STM32_WPAN/App/app_ble.c ****      * This is a single-shot timer. Explicitly stop the previous shot before
1408:STM32_WPAN/App/app_ble.c ****      * rearming it so repeated BLE notifications can never leave a stale LED
1409:STM32_WPAN/App/app_ble.c ****      * timer in the timer-server list.
1410:STM32_WPAN/App/app_ble.c ****      */
1411:STM32_WPAN/App/app_ble.c ****     HW_TS_Stop(BleApplicationContext.SwitchOffGPIO_timer_Id);
1412:STM32_WPAN/App/app_ble.c **** 
1413:STM32_WPAN/App/app_ble.c ****     timeout_ticks = (uint32_t)(((uint64_t)duration_ms * 1000ULL +
1414:STM32_WPAN/App/app_ble.c ****                                 (CFG_TS_TICK_VAL - 1U)) /
1415:STM32_WPAN/App/app_ble.c ****                                CFG_TS_TICK_VAL);
1416:STM32_WPAN/App/app_ble.c ****     if (timeout_ticks == 0U)
1417:STM32_WPAN/App/app_ble.c ****     {
1418:STM32_WPAN/App/app_ble.c ****         timeout_ticks = 1U;
1419:STM32_WPAN/App/app_ble.c ****     }
1420:STM32_WPAN/App/app_ble.c **** 
1421:STM32_WPAN/App/app_ble.c ****     HAL_GPIO_WritePin(GPIOA, GPIO_PIN_10, DEBUG_LED_ON_LEVEL);
1422:STM32_WPAN/App/app_ble.c ****     HW_TS_Start(BleApplicationContext.SwitchOffGPIO_timer_Id,
1423:STM32_WPAN/App/app_ble.c ****                 timeout_ticks);
1424:STM32_WPAN/App/app_ble.c **** }
1425:STM32_WPAN/App/app_ble.c **** 
1426:STM32_WPAN/App/app_ble.c **** #if (L2CAP_REQUEST_NEW_CONN_PARAM != 0)
1427:STM32_WPAN/App/app_ble.c **** void BLE_SVC_L2CAP_Conn_Update(uint16_t ConnectionHandle)
1428:STM32_WPAN/App/app_ble.c **** {
1429:STM32_WPAN/App/app_ble.c ****   /* USER CODE BEGIN BLE_SVC_L2CAP_Conn_Update_1 */
1430:STM32_WPAN/App/app_ble.c **** 
1431:STM32_WPAN/App/app_ble.c ****   /* USER CODE END BLE_SVC_L2CAP_Conn_Update_1 */
1432:STM32_WPAN/App/app_ble.c **** 
1433:STM32_WPAN/App/app_ble.c ****   if (mutex == 1)
1434:STM32_WPAN/App/app_ble.c ****   {
1435:STM32_WPAN/App/app_ble.c ****     mutex = 0;
1436:STM32_WPAN/App/app_ble.c ****     index_con_int = (index_con_int + 1)%SIZE_TAB_CONN_INT;
ARM GAS  C:\Users\843E~1\AppData\Local\Temp\ccnpSKQK.s 			page 29


1437:STM32_WPAN/App/app_ble.c ****     uint16_t interval_min = CONN_P(a_ConnInterval[index_con_int]);
1438:STM32_WPAN/App/app_ble.c ****     uint16_t interval_max = CONN_P(a_ConnInterval[index_con_int]);
1439:STM32_WPAN/App/app_ble.c ****     uint16_t peripheral_latency = L2CAP_PERIPHERAL_LATENCY;
1440:STM32_WPAN/App/app_ble.c ****     uint16_t timeout_multiplier = L2CAP_TIMEOUT_MULTIPLIER;
1441:STM32_WPAN/App/app_ble.c ****     tBleStatus ret;
1442:STM32_WPAN/App/app_ble.c **** 
1443:STM32_WPAN/App/app_ble.c ****     ret = aci_l2cap_connection_parameter_update_req(BleApplicationContext.BleApplicationContext_leg
1444:STM32_WPAN/App/app_ble.c ****                                                     interval_min, interval_max,
1445:STM32_WPAN/App/app_ble.c ****                                                     peripheral_latency, timeout_multiplier);
1446:STM32_WPAN/App/app_ble.c ****     if (ret != BLE_STATUS_SUCCESS)
1447:STM32_WPAN/App/app_ble.c ****     {
1448:STM32_WPAN/App/app_ble.c ****       APP_DBG_MSG("BLE_SVC_L2CAP_Conn_Update(), Failed \r\n\r");
1449:STM32_WPAN/App/app_ble.c ****     }
1450:STM32_WPAN/App/app_ble.c ****     else
1451:STM32_WPAN/App/app_ble.c ****     {
1452:STM32_WPAN/App/app_ble.c ****       APP_DBG_MSG("BLE_SVC_L2CAP_Conn_Update(), Successfully \r\n\r");
1453:STM32_WPAN/App/app_ble.c ****     }
1454:STM32_WPAN/App/app_ble.c ****   }
1455:STM32_WPAN/App/app_ble.c **** 
1456:STM32_WPAN/App/app_ble.c ****   /* USER CODE BEGIN BLE_SVC_L2CAP_Conn_Update_2 */
1457:STM32_WPAN/App/app_ble.c **** 
1458:STM32_WPAN/App/app_ble.c ****   /* USER CODE END BLE_SVC_L2CAP_Conn_Update_2 */
1459:STM32_WPAN/App/app_ble.c **** 
1460:STM32_WPAN/App/app_ble.c ****   return;
1461:STM32_WPAN/App/app_ble.c **** }
1462:STM32_WPAN/App/app_ble.c **** #endif /* L2CAP_REQUEST_NEW_CONN_PARAM != 0 */
1463:STM32_WPAN/App/app_ble.c **** 
1464:STM32_WPAN/App/app_ble.c **** #if (L2CAP_REQUEST_NEW_CONN_PARAM != 0)
1465:STM32_WPAN/App/app_ble.c **** static void Connection_Interval_Update_Req(void)
1466:STM32_WPAN/App/app_ble.c **** {
1467:STM32_WPAN/App/app_ble.c ****   if (BleApplicationContext.Device_Connection_Status != APP_BLE_FAST_ADV && BleApplicationContext.D
1468:STM32_WPAN/App/app_ble.c ****   {
1469:STM32_WPAN/App/app_ble.c ****     BLE_SVC_L2CAP_Conn_Update(BleApplicationContext.BleApplicationContext_legacy.connectionHandle);
1470:STM32_WPAN/App/app_ble.c ****   }
1471:STM32_WPAN/App/app_ble.c **** 
1472:STM32_WPAN/App/app_ble.c ****   return;
1473:STM32_WPAN/App/app_ble.c **** }
1474:STM32_WPAN/App/app_ble.c **** #endif /* L2CAP_REQUEST_NEW_CONN_PARAM != 0 */
1475:STM32_WPAN/App/app_ble.c **** 
1476:STM32_WPAN/App/app_ble.c **** /* USER CODE BEGIN FD_SPECIFIC_FUNCTIONS */
1477:STM32_WPAN/App/app_ble.c **** 
1478:STM32_WPAN/App/app_ble.c **** /* USER CODE END FD_SPECIFIC_FUNCTIONS */
1479:STM32_WPAN/App/app_ble.c **** /*************************************************************
1480:STM32_WPAN/App/app_ble.c ****  *
1481:STM32_WPAN/App/app_ble.c ****  * WRAP FUNCTIONS
1482:STM32_WPAN/App/app_ble.c ****  *
1483:STM32_WPAN/App/app_ble.c ****  *************************************************************/
1484:STM32_WPAN/App/app_ble.c **** 
1485:STM32_WPAN/App/app_ble.c **** 
1486:STM32_WPAN/App/app_ble.c **** void hci_notify_asynch_evt(void* p_Data)
1487:STM32_WPAN/App/app_ble.c **** {
1488:STM32_WPAN/App/app_ble.c ****   UTIL_SEQ_SetTask(1 << CFG_TASK_HCI_ASYNCH_EVT_ID, CFG_SCH_PRIO_0);
1489:STM32_WPAN/App/app_ble.c **** 
1490:STM32_WPAN/App/app_ble.c ****   return;
1491:STM32_WPAN/App/app_ble.c **** }
1492:STM32_WPAN/App/app_ble.c **** 
1493:STM32_WPAN/App/app_ble.c **** void hci_cmd_resp_release(uint32_t Flag)
ARM GAS  C:\Users\843E~1\AppData\Local\Temp\ccnpSKQK.s 			page 30


1494:STM32_WPAN/App/app_ble.c **** {
1495:STM32_WPAN/App/app_ble.c ****   UTIL_SEQ_SetEvt(1 << CFG_IDLEEVT_HCI_CMD_EVT_RSP_ID);
1496:STM32_WPAN/App/app_ble.c **** 
1497:STM32_WPAN/App/app_ble.c ****   return;
1498:STM32_WPAN/App/app_ble.c **** }
1499:STM32_WPAN/App/app_ble.c **** 
1500:STM32_WPAN/App/app_ble.c **** void hci_cmd_resp_wait(uint32_t Timeout)
1501:STM32_WPAN/App/app_ble.c **** {
1502:STM32_WPAN/App/app_ble.c ****   UTIL_SEQ_WaitEvt(1 << CFG_IDLEEVT_HCI_CMD_EVT_RSP_ID);
1503:STM32_WPAN/App/app_ble.c **** 
1504:STM32_WPAN/App/app_ble.c ****   return;
1505:STM32_WPAN/App/app_ble.c **** }
1506:STM32_WPAN/App/app_ble.c **** 
1507:STM32_WPAN/App/app_ble.c **** static void BLE_UserEvtRx(void *p_Payload)
1508:STM32_WPAN/App/app_ble.c **** {
 161              		.loc 1 1508 1 is_stmt 1 view -0
 162              		.cfi_startproc
 163              		@ args = 0, pretend = 0, frame = 0
 164              		@ frame_needed = 0, uses_anonymous_args = 0
 165              		.loc 1 1508 1 is_stmt 0 view .LVU20
 166 0000 10B5     		push	{r4, lr}
 167              	.LCFI6:
 168              		.cfi_def_cfa_offset 8
 169              		.cfi_offset 4, -8
 170              		.cfi_offset 14, -4
 171 0002 0446     		mov	r4, r0
1509:STM32_WPAN/App/app_ble.c ****   SVCCTL_UserEvtFlowStatus_t svctl_return_status;
 172              		.loc 1 1509 3 is_stmt 1 view .LVU21
1510:STM32_WPAN/App/app_ble.c ****   tHCI_UserEvtRxParam *p_param;
 173              		.loc 1 1510 3 view .LVU22
1511:STM32_WPAN/App/app_ble.c **** 
1512:STM32_WPAN/App/app_ble.c ****   p_param = (tHCI_UserEvtRxParam *)p_Payload;
 174              		.loc 1 1512 3 view .LVU23
 175              	.LVL5:
1513:STM32_WPAN/App/app_ble.c **** 
1514:STM32_WPAN/App/app_ble.c ****   svctl_return_status = SVCCTL_UserEvtRx((void *)&(p_param->pckt->evtserial));
 176              		.loc 1 1514 3 view .LVU24
 177              		.loc 1 1514 59 is_stmt 0 view .LVU25
 178 0004 4068     		ldr	r0, [r0, #4]
 179              	.LVL6:
 180              		.loc 1 1514 25 view .LVU26
 181 0006 0830     		adds	r0, r0, #8
 182 0008 FFF7FEFF 		bl	SVCCTL_UserEvtRx
 183              	.LVL7:
1515:STM32_WPAN/App/app_ble.c ****   if (svctl_return_status != SVCCTL_UserEvtFlowDisable)
 184              		.loc 1 1515 3 is_stmt 1 view .LVU27
 185              		.loc 1 1515 6 is_stmt 0 view .LVU28
 186 000c 10B1     		cbz	r0, .L12
1516:STM32_WPAN/App/app_ble.c ****   {
1517:STM32_WPAN/App/app_ble.c ****     p_param->status = HCI_TL_UserEventFlow_Enable;
 187              		.loc 1 1517 5 is_stmt 1 view .LVU29
 188              		.loc 1 1517 21 is_stmt 0 view .LVU30
 189 000e 0123     		movs	r3, #1
 190 0010 2370     		strb	r3, [r4]
 191              	.L11:
1518:STM32_WPAN/App/app_ble.c ****   }
1519:STM32_WPAN/App/app_ble.c ****   else
ARM GAS  C:\Users\843E~1\AppData\Local\Temp\ccnpSKQK.s 			page 31


1520:STM32_WPAN/App/app_ble.c ****   {
1521:STM32_WPAN/App/app_ble.c ****     p_param->status = HCI_TL_UserEventFlow_Disable;
1522:STM32_WPAN/App/app_ble.c ****   }
1523:STM32_WPAN/App/app_ble.c **** 
1524:STM32_WPAN/App/app_ble.c ****   return;
1525:STM32_WPAN/App/app_ble.c **** }
 192              		.loc 1 1525 1 view .LVU31
 193 0012 10BD     		pop	{r4, pc}
 194              	.LVL8:
 195              	.L12:
1521:STM32_WPAN/App/app_ble.c ****   }
 196              		.loc 1 1521 5 is_stmt 1 view .LVU32
1521:STM32_WPAN/App/app_ble.c ****   }
 197              		.loc 1 1521 21 is_stmt 0 view .LVU33
 198 0014 0023     		movs	r3, #0
 199 0016 2370     		strb	r3, [r4]
1524:STM32_WPAN/App/app_ble.c **** }
 200              		.loc 1 1524 3 is_stmt 1 view .LVU34
 201 0018 FBE7     		b	.L11
 202              		.cfi_endproc
 203              	.LFE1277:
 205              		.section	.text.BLE_StatusNot,"ax",%progbits
 206              		.align	1
 207              		.syntax unified
 208              		.thumb
 209              		.thumb_func
 211              	BLE_StatusNot:
 212              	.LVL9:
 213              	.LFB1278:
1526:STM32_WPAN/App/app_ble.c **** 
1527:STM32_WPAN/App/app_ble.c **** static void BLE_StatusNot(HCI_TL_CmdStatus_t Status)
1528:STM32_WPAN/App/app_ble.c **** {
 214              		.loc 1 1528 1 view -0
 215              		.cfi_startproc
 216              		@ args = 0, pretend = 0, frame = 0
 217              		@ frame_needed = 0, uses_anonymous_args = 0
 218              		.loc 1 1528 1 is_stmt 0 view .LVU36
 219 0000 08B5     		push	{r3, lr}
 220              	.LCFI7:
 221              		.cfi_def_cfa_offset 8
 222              		.cfi_offset 3, -8
 223              		.cfi_offset 14, -4
1529:STM32_WPAN/App/app_ble.c ****   uint32_t task_id_list;
 224              		.loc 1 1529 3 is_stmt 1 view .LVU37
1530:STM32_WPAN/App/app_ble.c ****   switch (Status)
 225              		.loc 1 1530 3 view .LVU38
 226 0002 10B1     		cbz	r0, .L16
 227 0004 0128     		cmp	r0, #1
 228 0006 04D0     		beq	.L17
 229              	.LVL10:
 230              	.L15:
1531:STM32_WPAN/App/app_ble.c ****   {
1532:STM32_WPAN/App/app_ble.c ****     case HCI_TL_CmdBusy:
1533:STM32_WPAN/App/app_ble.c ****       /**
1534:STM32_WPAN/App/app_ble.c ****        * All tasks that may send an aci/hci commands shall be listed here
1535:STM32_WPAN/App/app_ble.c ****        * This is to prevent a new command is sent while one is already pending
1536:STM32_WPAN/App/app_ble.c ****        */
ARM GAS  C:\Users\843E~1\AppData\Local\Temp\ccnpSKQK.s 			page 32


1537:STM32_WPAN/App/app_ble.c ****       task_id_list = (1 << CFG_LAST_TASK_ID_WITH_HCICMD) - 1;
1538:STM32_WPAN/App/app_ble.c ****       UTIL_SEQ_PauseTask(task_id_list);
1539:STM32_WPAN/App/app_ble.c ****       /* USER CODE BEGIN HCI_TL_CmdBusy */
1540:STM32_WPAN/App/app_ble.c **** 
1541:STM32_WPAN/App/app_ble.c ****       /* USER CODE END HCI_TL_CmdBusy */
1542:STM32_WPAN/App/app_ble.c ****       break;
1543:STM32_WPAN/App/app_ble.c **** 
1544:STM32_WPAN/App/app_ble.c ****     case HCI_TL_CmdAvailable:
1545:STM32_WPAN/App/app_ble.c ****       /**
1546:STM32_WPAN/App/app_ble.c ****        * All tasks that may send an aci/hci commands shall be listed here
1547:STM32_WPAN/App/app_ble.c ****        * This is to prevent a new command is sent while one is already pending
1548:STM32_WPAN/App/app_ble.c ****        */
1549:STM32_WPAN/App/app_ble.c ****       task_id_list = (1 << CFG_LAST_TASK_ID_WITH_HCICMD) - 1;
1550:STM32_WPAN/App/app_ble.c ****       UTIL_SEQ_ResumeTask(task_id_list);
1551:STM32_WPAN/App/app_ble.c ****       /* USER CODE BEGIN HCI_TL_CmdAvailable */
1552:STM32_WPAN/App/app_ble.c **** 
1553:STM32_WPAN/App/app_ble.c ****       /* USER CODE END HCI_TL_CmdAvailable */
1554:STM32_WPAN/App/app_ble.c ****       break;
1555:STM32_WPAN/App/app_ble.c **** 
1556:STM32_WPAN/App/app_ble.c ****     default:
1557:STM32_WPAN/App/app_ble.c ****       /* USER CODE BEGIN Status */
1558:STM32_WPAN/App/app_ble.c **** 
1559:STM32_WPAN/App/app_ble.c ****       /* USER CODE END Status */
1560:STM32_WPAN/App/app_ble.c ****       break;
1561:STM32_WPAN/App/app_ble.c ****   }
1562:STM32_WPAN/App/app_ble.c **** 
1563:STM32_WPAN/App/app_ble.c ****   return;
1564:STM32_WPAN/App/app_ble.c **** }
 231              		.loc 1 1564 1 is_stmt 0 view .LVU39
 232 0008 08BD     		pop	{r3, pc}
 233              	.LVL11:
 234              	.L16:
1537:STM32_WPAN/App/app_ble.c ****       UTIL_SEQ_PauseTask(task_id_list);
 235              		.loc 1 1537 7 is_stmt 1 view .LVU40
1538:STM32_WPAN/App/app_ble.c ****       /* USER CODE BEGIN HCI_TL_CmdBusy */
 236              		.loc 1 1538 7 view .LVU41
 237 000a 0F20     		movs	r0, #15
 238              	.LVL12:
1538:STM32_WPAN/App/app_ble.c ****       /* USER CODE BEGIN HCI_TL_CmdBusy */
 239              		.loc 1 1538 7 is_stmt 0 view .LVU42
 240 000c FFF7FEFF 		bl	UTIL_SEQ_PauseTask
 241              	.LVL13:
1542:STM32_WPAN/App/app_ble.c **** 
 242              		.loc 1 1542 7 is_stmt 1 view .LVU43
 243 0010 FAE7     		b	.L15
 244              	.LVL14:
 245              	.L17:
1549:STM32_WPAN/App/app_ble.c ****       UTIL_SEQ_ResumeTask(task_id_list);
 246              		.loc 1 1549 7 view .LVU44
1550:STM32_WPAN/App/app_ble.c ****       /* USER CODE BEGIN HCI_TL_CmdAvailable */
 247              		.loc 1 1550 7 view .LVU45
 248 0012 0F20     		movs	r0, #15
 249              	.LVL15:
1550:STM32_WPAN/App/app_ble.c ****       /* USER CODE BEGIN HCI_TL_CmdAvailable */
 250              		.loc 1 1550 7 is_stmt 0 view .LVU46
 251 0014 FFF7FEFF 		bl	UTIL_SEQ_ResumeTask
 252              	.LVL16:
ARM GAS  C:\Users\843E~1\AppData\Local\Temp\ccnpSKQK.s 			page 33


1554:STM32_WPAN/App/app_ble.c **** 
 253              		.loc 1 1554 7 is_stmt 1 view .LVU47
1563:STM32_WPAN/App/app_ble.c **** }
 254              		.loc 1 1563 3 view .LVU48
 255 0018 F6E7     		b	.L15
 256              		.cfi_endproc
 257              	.LFE1278:
 259              		.section	.text.BleGetBdAddress,"ax",%progbits
 260              		.align	1
 261              		.syntax unified
 262              		.thumb
 263              		.thumb_func
 265              	BleGetBdAddress:
 266              	.LFB1267:
1263:STM32_WPAN/App/app_ble.c ****   uint8_t *p_otp_addr;
 267              		.loc 1 1263 1 view -0
 268              		.cfi_startproc
 269              		@ args = 0, pretend = 0, frame = 0
 270              		@ frame_needed = 0, uses_anonymous_args = 0
 271 0000 08B5     		push	{r3, lr}
 272              	.LCFI8:
 273              		.cfi_def_cfa_offset 8
 274              		.cfi_offset 3, -8
 275              		.cfi_offset 14, -4
1264:STM32_WPAN/App/app_ble.c ****   const uint8_t *p_bd_addr;
 276              		.loc 1 1264 3 view .LVU50
1265:STM32_WPAN/App/app_ble.c ****   uint32_t udn;
 277              		.loc 1 1265 3 view .LVU51
1266:STM32_WPAN/App/app_ble.c ****   uint32_t company_id;
 278              		.loc 1 1266 3 view .LVU52
1267:STM32_WPAN/App/app_ble.c ****   uint32_t device_id;
 279              		.loc 1 1267 3 view .LVU53
1268:STM32_WPAN/App/app_ble.c **** 
 280              		.loc 1 1268 3 view .LVU54
1270:STM32_WPAN/App/app_ble.c **** 
 281              		.loc 1 1270 3 view .LVU55
 282              	.LBB12:
 283              	.LBI12:
 284              		.file 2 "Drivers/STM32WBxx_HAL_Driver/Inc/stm32wbxx_ll_system.h"
   1:Drivers/STM32WBxx_HAL_Driver/Inc/stm32wbxx_ll_system.h **** /**
   2:Drivers/STM32WBxx_HAL_Driver/Inc/stm32wbxx_ll_system.h ****   ******************************************************************************
   3:Drivers/STM32WBxx_HAL_Driver/Inc/stm32wbxx_ll_system.h ****   * @file    stm32wbxx_ll_system.h
   4:Drivers/STM32WBxx_HAL_Driver/Inc/stm32wbxx_ll_system.h ****   * @author  MCD Application Team
   5:Drivers/STM32WBxx_HAL_Driver/Inc/stm32wbxx_ll_system.h ****   * @brief   Header file of SYSTEM LL module.
   6:Drivers/STM32WBxx_HAL_Driver/Inc/stm32wbxx_ll_system.h ****   ******************************************************************************
   7:Drivers/STM32WBxx_HAL_Driver/Inc/stm32wbxx_ll_system.h ****   * @attention
   8:Drivers/STM32WBxx_HAL_Driver/Inc/stm32wbxx_ll_system.h ****   *
   9:Drivers/STM32WBxx_HAL_Driver/Inc/stm32wbxx_ll_system.h ****   * Copyright (c) 2019 STMicroelectronics.
  10:Drivers/STM32WBxx_HAL_Driver/Inc/stm32wbxx_ll_system.h ****   * All rights reserved.
  11:Drivers/STM32WBxx_HAL_Driver/Inc/stm32wbxx_ll_system.h ****   *
  12:Drivers/STM32WBxx_HAL_Driver/Inc/stm32wbxx_ll_system.h ****   * This software is licensed under terms that can be found in the LICENSE file
  13:Drivers/STM32WBxx_HAL_Driver/Inc/stm32wbxx_ll_system.h ****   * in the root directory of this software component.
  14:Drivers/STM32WBxx_HAL_Driver/Inc/stm32wbxx_ll_system.h ****   * If no LICENSE file comes with this software, it is provided AS-IS.
  15:Drivers/STM32WBxx_HAL_Driver/Inc/stm32wbxx_ll_system.h ****   *
  16:Drivers/STM32WBxx_HAL_Driver/Inc/stm32wbxx_ll_system.h ****   ******************************************************************************
  17:Drivers/STM32WBxx_HAL_Driver/Inc/stm32wbxx_ll_system.h ****   @verbatim
  18:Drivers/STM32WBxx_HAL_Driver/Inc/stm32wbxx_ll_system.h ****   ==============================================================================
ARM GAS  C:\Users\843E~1\AppData\Local\Temp\ccnpSKQK.s 			page 34


  19:Drivers/STM32WBxx_HAL_Driver/Inc/stm32wbxx_ll_system.h ****                      ##### How to use this driver #####
  20:Drivers/STM32WBxx_HAL_Driver/Inc/stm32wbxx_ll_system.h ****   ==============================================================================
  21:Drivers/STM32WBxx_HAL_Driver/Inc/stm32wbxx_ll_system.h ****     [..]
  22:Drivers/STM32WBxx_HAL_Driver/Inc/stm32wbxx_ll_system.h ****     The LL SYSTEM driver contains a set of generic APIs that can be
  23:Drivers/STM32WBxx_HAL_Driver/Inc/stm32wbxx_ll_system.h ****     used by user:
  24:Drivers/STM32WBxx_HAL_Driver/Inc/stm32wbxx_ll_system.h ****       (+) Some of the FLASH features need to be handled in the SYSTEM file.
  25:Drivers/STM32WBxx_HAL_Driver/Inc/stm32wbxx_ll_system.h ****       (+) Access to DBGCMU registers
  26:Drivers/STM32WBxx_HAL_Driver/Inc/stm32wbxx_ll_system.h ****       (+) Access to SYSCFG registers
  27:Drivers/STM32WBxx_HAL_Driver/Inc/stm32wbxx_ll_system.h ****       (+) Access to VREFBUF registers
  28:Drivers/STM32WBxx_HAL_Driver/Inc/stm32wbxx_ll_system.h **** 
  29:Drivers/STM32WBxx_HAL_Driver/Inc/stm32wbxx_ll_system.h ****   @endverbatim
  30:Drivers/STM32WBxx_HAL_Driver/Inc/stm32wbxx_ll_system.h ****   ******************************************************************************
  31:Drivers/STM32WBxx_HAL_Driver/Inc/stm32wbxx_ll_system.h ****   */
  32:Drivers/STM32WBxx_HAL_Driver/Inc/stm32wbxx_ll_system.h **** 
  33:Drivers/STM32WBxx_HAL_Driver/Inc/stm32wbxx_ll_system.h **** /* Define to prevent recursive inclusion -------------------------------------*/
  34:Drivers/STM32WBxx_HAL_Driver/Inc/stm32wbxx_ll_system.h **** #ifndef STM32WBxx_LL_SYSTEM_H
  35:Drivers/STM32WBxx_HAL_Driver/Inc/stm32wbxx_ll_system.h **** #define STM32WBxx_LL_SYSTEM_H
  36:Drivers/STM32WBxx_HAL_Driver/Inc/stm32wbxx_ll_system.h **** 
  37:Drivers/STM32WBxx_HAL_Driver/Inc/stm32wbxx_ll_system.h **** #ifdef __cplusplus
  38:Drivers/STM32WBxx_HAL_Driver/Inc/stm32wbxx_ll_system.h **** extern "C" {
  39:Drivers/STM32WBxx_HAL_Driver/Inc/stm32wbxx_ll_system.h **** #endif
  40:Drivers/STM32WBxx_HAL_Driver/Inc/stm32wbxx_ll_system.h **** 
  41:Drivers/STM32WBxx_HAL_Driver/Inc/stm32wbxx_ll_system.h **** /* Includes ------------------------------------------------------------------*/
  42:Drivers/STM32WBxx_HAL_Driver/Inc/stm32wbxx_ll_system.h **** #include "stm32wbxx.h"
  43:Drivers/STM32WBxx_HAL_Driver/Inc/stm32wbxx_ll_system.h **** 
  44:Drivers/STM32WBxx_HAL_Driver/Inc/stm32wbxx_ll_system.h **** /** @addtogroup STM32WBxx_LL_Driver
  45:Drivers/STM32WBxx_HAL_Driver/Inc/stm32wbxx_ll_system.h ****   * @{
  46:Drivers/STM32WBxx_HAL_Driver/Inc/stm32wbxx_ll_system.h ****   */
  47:Drivers/STM32WBxx_HAL_Driver/Inc/stm32wbxx_ll_system.h **** 
  48:Drivers/STM32WBxx_HAL_Driver/Inc/stm32wbxx_ll_system.h **** #if defined (FLASH) || defined (SYSCFG) || defined (DBGMCU) || defined (VREFBUF)
  49:Drivers/STM32WBxx_HAL_Driver/Inc/stm32wbxx_ll_system.h **** 
  50:Drivers/STM32WBxx_HAL_Driver/Inc/stm32wbxx_ll_system.h **** /** @defgroup SYSTEM_LL SYSTEM
  51:Drivers/STM32WBxx_HAL_Driver/Inc/stm32wbxx_ll_system.h ****   * @{
  52:Drivers/STM32WBxx_HAL_Driver/Inc/stm32wbxx_ll_system.h ****   */
  53:Drivers/STM32WBxx_HAL_Driver/Inc/stm32wbxx_ll_system.h **** 
  54:Drivers/STM32WBxx_HAL_Driver/Inc/stm32wbxx_ll_system.h **** /* Private types -------------------------------------------------------------*/
  55:Drivers/STM32WBxx_HAL_Driver/Inc/stm32wbxx_ll_system.h **** /* Private variables ---------------------------------------------------------*/
  56:Drivers/STM32WBxx_HAL_Driver/Inc/stm32wbxx_ll_system.h **** 
  57:Drivers/STM32WBxx_HAL_Driver/Inc/stm32wbxx_ll_system.h **** /* Private constants ---------------------------------------------------------*/
  58:Drivers/STM32WBxx_HAL_Driver/Inc/stm32wbxx_ll_system.h **** /** @defgroup SYSTEM_LL_Private_Constants SYSTEM Private Constants
  59:Drivers/STM32WBxx_HAL_Driver/Inc/stm32wbxx_ll_system.h ****   * @{
  60:Drivers/STM32WBxx_HAL_Driver/Inc/stm32wbxx_ll_system.h ****   */
  61:Drivers/STM32WBxx_HAL_Driver/Inc/stm32wbxx_ll_system.h **** /**
  62:Drivers/STM32WBxx_HAL_Driver/Inc/stm32wbxx_ll_system.h ****   * @brief VREFBUF VREF_SC0 & VREF_SC1 calibration values
  63:Drivers/STM32WBxx_HAL_Driver/Inc/stm32wbxx_ll_system.h ****   */
  64:Drivers/STM32WBxx_HAL_Driver/Inc/stm32wbxx_ll_system.h **** #define VREFBUF_SC0_CAL_ADDR   ((uint8_t*) (0x1FFF75F0UL)) /*!<  Address of VREFBUF trimming value 
  65:Drivers/STM32WBxx_HAL_Driver/Inc/stm32wbxx_ll_system.h ****                                                                  VREF_SC0 in STM32WB datasheet */
  66:Drivers/STM32WBxx_HAL_Driver/Inc/stm32wbxx_ll_system.h **** #define VREFBUF_SC1_CAL_ADDR   ((uint8_t*) (0x1FFF7530UL)) /*!<  Address of VREFBUF trimming value 
  67:Drivers/STM32WBxx_HAL_Driver/Inc/stm32wbxx_ll_system.h ****                                                                  VREF_SC1 in STM32WB datasheet */
  68:Drivers/STM32WBxx_HAL_Driver/Inc/stm32wbxx_ll_system.h **** /**
  69:Drivers/STM32WBxx_HAL_Driver/Inc/stm32wbxx_ll_system.h ****   * @}
  70:Drivers/STM32WBxx_HAL_Driver/Inc/stm32wbxx_ll_system.h ****   */
  71:Drivers/STM32WBxx_HAL_Driver/Inc/stm32wbxx_ll_system.h **** 
  72:Drivers/STM32WBxx_HAL_Driver/Inc/stm32wbxx_ll_system.h **** /* Private macros ------------------------------------------------------------*/
  73:Drivers/STM32WBxx_HAL_Driver/Inc/stm32wbxx_ll_system.h **** 
  74:Drivers/STM32WBxx_HAL_Driver/Inc/stm32wbxx_ll_system.h **** /* Exported types ------------------------------------------------------------*/
  75:Drivers/STM32WBxx_HAL_Driver/Inc/stm32wbxx_ll_system.h **** /* Exported constants --------------------------------------------------------*/
ARM GAS  C:\Users\843E~1\AppData\Local\Temp\ccnpSKQK.s 			page 35


  76:Drivers/STM32WBxx_HAL_Driver/Inc/stm32wbxx_ll_system.h **** /** @defgroup SYSTEM_LL_Exported_Constants SYSTEM Exported Constants
  77:Drivers/STM32WBxx_HAL_Driver/Inc/stm32wbxx_ll_system.h ****   * @{
  78:Drivers/STM32WBxx_HAL_Driver/Inc/stm32wbxx_ll_system.h ****   */
  79:Drivers/STM32WBxx_HAL_Driver/Inc/stm32wbxx_ll_system.h **** 
  80:Drivers/STM32WBxx_HAL_Driver/Inc/stm32wbxx_ll_system.h **** /** @defgroup SYSTEM_LL_EC_REMAP SYSCFG REMAP
  81:Drivers/STM32WBxx_HAL_Driver/Inc/stm32wbxx_ll_system.h ****   * @{
  82:Drivers/STM32WBxx_HAL_Driver/Inc/stm32wbxx_ll_system.h ****   */
  83:Drivers/STM32WBxx_HAL_Driver/Inc/stm32wbxx_ll_system.h **** #define LL_SYSCFG_REMAP_FLASH                   0x00000000U                                        
  84:Drivers/STM32WBxx_HAL_Driver/Inc/stm32wbxx_ll_system.h **** #define LL_SYSCFG_REMAP_SYSTEMFLASH             SYSCFG_MEMRMP_MEM_MODE_0                           
  85:Drivers/STM32WBxx_HAL_Driver/Inc/stm32wbxx_ll_system.h **** #define LL_SYSCFG_REMAP_SRAM                    (SYSCFG_MEMRMP_MEM_MODE_1 | SYSCFG_MEMRMP_MEM_MODE_
  86:Drivers/STM32WBxx_HAL_Driver/Inc/stm32wbxx_ll_system.h **** #if defined(QUADSPI)
  87:Drivers/STM32WBxx_HAL_Driver/Inc/stm32wbxx_ll_system.h **** #define LL_SYSCFG_REMAP_QUADSPI                 (SYSCFG_MEMRMP_MEM_MODE_2 | SYSCFG_MEMRMP_MEM_MODE_
  88:Drivers/STM32WBxx_HAL_Driver/Inc/stm32wbxx_ll_system.h **** #endif /* QUADSPI */
  89:Drivers/STM32WBxx_HAL_Driver/Inc/stm32wbxx_ll_system.h **** /**
  90:Drivers/STM32WBxx_HAL_Driver/Inc/stm32wbxx_ll_system.h ****   * @}
  91:Drivers/STM32WBxx_HAL_Driver/Inc/stm32wbxx_ll_system.h ****   */
  92:Drivers/STM32WBxx_HAL_Driver/Inc/stm32wbxx_ll_system.h **** 
  93:Drivers/STM32WBxx_HAL_Driver/Inc/stm32wbxx_ll_system.h **** /** @defgroup SYSTEM_LL_EC_I2C_FASTMODEPLUS SYSCFG I2C FASTMODEPLUS
  94:Drivers/STM32WBxx_HAL_Driver/Inc/stm32wbxx_ll_system.h ****   * @{
  95:Drivers/STM32WBxx_HAL_Driver/Inc/stm32wbxx_ll_system.h ****   */
  96:Drivers/STM32WBxx_HAL_Driver/Inc/stm32wbxx_ll_system.h **** #define LL_SYSCFG_I2C_FASTMODEPLUS_PB6          SYSCFG_CFGR1_I2C_PB6_FMP /*!< Enable Fast Mode Plus
  97:Drivers/STM32WBxx_HAL_Driver/Inc/stm32wbxx_ll_system.h **** #define LL_SYSCFG_I2C_FASTMODEPLUS_PB7          SYSCFG_CFGR1_I2C_PB7_FMP /*!< Enable Fast Mode Plus
  98:Drivers/STM32WBxx_HAL_Driver/Inc/stm32wbxx_ll_system.h **** #define LL_SYSCFG_I2C_FASTMODEPLUS_PB8          SYSCFG_CFGR1_I2C_PB8_FMP /*!< Enable Fast Mode Plus
  99:Drivers/STM32WBxx_HAL_Driver/Inc/stm32wbxx_ll_system.h **** #define LL_SYSCFG_I2C_FASTMODEPLUS_PB9          SYSCFG_CFGR1_I2C_PB9_FMP /*!< Enable Fast Mode Plus
 100:Drivers/STM32WBxx_HAL_Driver/Inc/stm32wbxx_ll_system.h **** #define LL_SYSCFG_I2C_FASTMODEPLUS_I2C1         SYSCFG_CFGR1_I2C1_FMP    /*!< Enable Fast Mode Plus
 101:Drivers/STM32WBxx_HAL_Driver/Inc/stm32wbxx_ll_system.h **** #if defined(I2C3)
 102:Drivers/STM32WBxx_HAL_Driver/Inc/stm32wbxx_ll_system.h **** #define LL_SYSCFG_I2C_FASTMODEPLUS_I2C3         SYSCFG_CFGR1_I2C3_FMP    /*!< Enable Fast Mode Plus
 103:Drivers/STM32WBxx_HAL_Driver/Inc/stm32wbxx_ll_system.h **** #endif /* I2C3 */
 104:Drivers/STM32WBxx_HAL_Driver/Inc/stm32wbxx_ll_system.h **** /**
 105:Drivers/STM32WBxx_HAL_Driver/Inc/stm32wbxx_ll_system.h ****   * @}
 106:Drivers/STM32WBxx_HAL_Driver/Inc/stm32wbxx_ll_system.h ****   */
 107:Drivers/STM32WBxx_HAL_Driver/Inc/stm32wbxx_ll_system.h **** 
 108:Drivers/STM32WBxx_HAL_Driver/Inc/stm32wbxx_ll_system.h **** /** @defgroup SYSTEM_LL_EC_EXTI_PORT SYSCFG EXTI PORT
 109:Drivers/STM32WBxx_HAL_Driver/Inc/stm32wbxx_ll_system.h ****   * @{
 110:Drivers/STM32WBxx_HAL_Driver/Inc/stm32wbxx_ll_system.h ****   */
 111:Drivers/STM32WBxx_HAL_Driver/Inc/stm32wbxx_ll_system.h **** #define LL_SYSCFG_EXTI_PORTA                    0U /*!< EXTI PORT A */
 112:Drivers/STM32WBxx_HAL_Driver/Inc/stm32wbxx_ll_system.h **** #define LL_SYSCFG_EXTI_PORTB                    1U /*!< EXTI PORT B */
 113:Drivers/STM32WBxx_HAL_Driver/Inc/stm32wbxx_ll_system.h **** #define LL_SYSCFG_EXTI_PORTC                    2U /*!< EXTI PORT C */
 114:Drivers/STM32WBxx_HAL_Driver/Inc/stm32wbxx_ll_system.h **** #define LL_SYSCFG_EXTI_PORTD                    3U /*!< EXTI PORT D */
 115:Drivers/STM32WBxx_HAL_Driver/Inc/stm32wbxx_ll_system.h **** #define LL_SYSCFG_EXTI_PORTE                    4U /*!< EXTI PORT E */
 116:Drivers/STM32WBxx_HAL_Driver/Inc/stm32wbxx_ll_system.h **** #define LL_SYSCFG_EXTI_PORTH                    7U /*!< EXTI PORT H */
 117:Drivers/STM32WBxx_HAL_Driver/Inc/stm32wbxx_ll_system.h **** /**
 118:Drivers/STM32WBxx_HAL_Driver/Inc/stm32wbxx_ll_system.h ****   * @}
 119:Drivers/STM32WBxx_HAL_Driver/Inc/stm32wbxx_ll_system.h ****   */
 120:Drivers/STM32WBxx_HAL_Driver/Inc/stm32wbxx_ll_system.h **** 
 121:Drivers/STM32WBxx_HAL_Driver/Inc/stm32wbxx_ll_system.h **** /** @defgroup SYSTEM_LL_EC_EXTI_LINE SYSCFG EXTI LINE
 122:Drivers/STM32WBxx_HAL_Driver/Inc/stm32wbxx_ll_system.h ****   * @{
 123:Drivers/STM32WBxx_HAL_Driver/Inc/stm32wbxx_ll_system.h ****   */
 124:Drivers/STM32WBxx_HAL_Driver/Inc/stm32wbxx_ll_system.h **** #define LL_SYSCFG_EXTI_LINE0                    (uint32_t)((0x000FU << 16U) | 0U) /*!< EXTI_POSITIO
 125:Drivers/STM32WBxx_HAL_Driver/Inc/stm32wbxx_ll_system.h **** #define LL_SYSCFG_EXTI_LINE1                    (uint32_t)((0x00F0U << 16U) | 0U) /*!< EXTI_POSITIO
 126:Drivers/STM32WBxx_HAL_Driver/Inc/stm32wbxx_ll_system.h **** #define LL_SYSCFG_EXTI_LINE2                    (uint32_t)((0x0F00U << 16U) | 0U) /*!< EXTI_POSITIO
 127:Drivers/STM32WBxx_HAL_Driver/Inc/stm32wbxx_ll_system.h **** #define LL_SYSCFG_EXTI_LINE3                    (uint32_t)((0xF000U << 16U) | 0U) /*!< EXTI_POSITIO
 128:Drivers/STM32WBxx_HAL_Driver/Inc/stm32wbxx_ll_system.h **** #define LL_SYSCFG_EXTI_LINE4                    (uint32_t)((0x000FU << 16U) | 1U) /*!< EXTI_POSITIO
 129:Drivers/STM32WBxx_HAL_Driver/Inc/stm32wbxx_ll_system.h **** #define LL_SYSCFG_EXTI_LINE5                    (uint32_t)((0x00F0U << 16U) | 1U) /*!< EXTI_POSITIO
 130:Drivers/STM32WBxx_HAL_Driver/Inc/stm32wbxx_ll_system.h **** #define LL_SYSCFG_EXTI_LINE6                    (uint32_t)((0x0F00U << 16U) | 1U) /*!< EXTI_POSITIO
 131:Drivers/STM32WBxx_HAL_Driver/Inc/stm32wbxx_ll_system.h **** #define LL_SYSCFG_EXTI_LINE7                    (uint32_t)((0xF000U << 16U) | 1U) /*!< EXTI_POSITIO
 132:Drivers/STM32WBxx_HAL_Driver/Inc/stm32wbxx_ll_system.h **** #define LL_SYSCFG_EXTI_LINE8                    (uint32_t)((0x000FU << 16U) | 2U) /*!< EXTI_POSITIO
ARM GAS  C:\Users\843E~1\AppData\Local\Temp\ccnpSKQK.s 			page 36


 133:Drivers/STM32WBxx_HAL_Driver/Inc/stm32wbxx_ll_system.h **** #define LL_SYSCFG_EXTI_LINE9                    (uint32_t)((0x00F0U << 16U) | 2U) /*!< EXTI_POSITIO
 134:Drivers/STM32WBxx_HAL_Driver/Inc/stm32wbxx_ll_system.h **** #define LL_SYSCFG_EXTI_LINE10                   (uint32_t)((0x0F00U << 16U) | 2U) /*!< EXTI_POSITIO
 135:Drivers/STM32WBxx_HAL_Driver/Inc/stm32wbxx_ll_system.h **** #define LL_SYSCFG_EXTI_LINE11                   (uint32_t)((0xF000U << 16U) | 2U) /*!< EXTI_POSITIO
 136:Drivers/STM32WBxx_HAL_Driver/Inc/stm32wbxx_ll_system.h **** #define LL_SYSCFG_EXTI_LINE12                   (uint32_t)((0x000FU << 16U) | 3U) /*!< EXTI_POSITIO
 137:Drivers/STM32WBxx_HAL_Driver/Inc/stm32wbxx_ll_system.h **** #define LL_SYSCFG_EXTI_LINE13                   (uint32_t)((0x00F0U << 16U) | 3U) /*!< EXTI_POSITIO
 138:Drivers/STM32WBxx_HAL_Driver/Inc/stm32wbxx_ll_system.h **** #define LL_SYSCFG_EXTI_LINE14                   (uint32_t)((0x0F00U << 16U) | 3U) /*!< EXTI_POSITIO
 139:Drivers/STM32WBxx_HAL_Driver/Inc/stm32wbxx_ll_system.h **** #define LL_SYSCFG_EXTI_LINE15                   (uint32_t)((0xF000U << 16U) | 3U) /*!< EXTI_POSITIO
 140:Drivers/STM32WBxx_HAL_Driver/Inc/stm32wbxx_ll_system.h **** /**
 141:Drivers/STM32WBxx_HAL_Driver/Inc/stm32wbxx_ll_system.h ****   * @}
 142:Drivers/STM32WBxx_HAL_Driver/Inc/stm32wbxx_ll_system.h ****   */
 143:Drivers/STM32WBxx_HAL_Driver/Inc/stm32wbxx_ll_system.h **** 
 144:Drivers/STM32WBxx_HAL_Driver/Inc/stm32wbxx_ll_system.h **** /** @defgroup SYSTEM_LL_EC_TIMBREAK SYSCFG TIMER BREAK
 145:Drivers/STM32WBxx_HAL_Driver/Inc/stm32wbxx_ll_system.h ****   * @{
 146:Drivers/STM32WBxx_HAL_Driver/Inc/stm32wbxx_ll_system.h ****   */
 147:Drivers/STM32WBxx_HAL_Driver/Inc/stm32wbxx_ll_system.h **** #define LL_SYSCFG_TIMBREAK_ECC                  SYSCFG_CFGR2_ECCL   /*!< Enables and locks the ECC 
 148:Drivers/STM32WBxx_HAL_Driver/Inc/stm32wbxx_ll_system.h ****                                                                          with Break Input of TIM1/1
 149:Drivers/STM32WBxx_HAL_Driver/Inc/stm32wbxx_ll_system.h **** #define LL_SYSCFG_TIMBREAK_PVD                  SYSCFG_CFGR2_PVDL   /*!< Enables and locks the PVD 
 150:Drivers/STM32WBxx_HAL_Driver/Inc/stm32wbxx_ll_system.h ****                                                                          with TIM1/16/17 Break Inpu
 151:Drivers/STM32WBxx_HAL_Driver/Inc/stm32wbxx_ll_system.h ****                                                                          and also the PVDE
 152:Drivers/STM32WBxx_HAL_Driver/Inc/stm32wbxx_ll_system.h ****                                                                          and PLS bits of the Power 
 153:Drivers/STM32WBxx_HAL_Driver/Inc/stm32wbxx_ll_system.h **** #define LL_SYSCFG_TIMBREAK_SRAM2_PARITY         SYSCFG_CFGR2_SPL    /*!< Enables and locks the SRAM
 154:Drivers/STM32WBxx_HAL_Driver/Inc/stm32wbxx_ll_system.h ****                                                                          with Break Input of TIM1/1
 155:Drivers/STM32WBxx_HAL_Driver/Inc/stm32wbxx_ll_system.h **** #define LL_SYSCFG_TIMBREAK_LOCKUP               SYSCFG_CFGR2_CLL    /*!< Enables and locks the LOCK
 156:Drivers/STM32WBxx_HAL_Driver/Inc/stm32wbxx_ll_system.h ****                                                                          with Break Input of TIM1/1
 157:Drivers/STM32WBxx_HAL_Driver/Inc/stm32wbxx_ll_system.h **** /**
 158:Drivers/STM32WBxx_HAL_Driver/Inc/stm32wbxx_ll_system.h ****   * @}
 159:Drivers/STM32WBxx_HAL_Driver/Inc/stm32wbxx_ll_system.h ****   */
 160:Drivers/STM32WBxx_HAL_Driver/Inc/stm32wbxx_ll_system.h **** 
 161:Drivers/STM32WBxx_HAL_Driver/Inc/stm32wbxx_ll_system.h **** /** @defgroup SYSTEM_LL_EC_SRAM2WRP SYSCFG SRAM2 WRITE PROTECTION
 162:Drivers/STM32WBxx_HAL_Driver/Inc/stm32wbxx_ll_system.h ****   * @{
 163:Drivers/STM32WBxx_HAL_Driver/Inc/stm32wbxx_ll_system.h ****   */
 164:Drivers/STM32WBxx_HAL_Driver/Inc/stm32wbxx_ll_system.h **** #define LL_SYSCFG_SRAM2WRP_PAGE0                SYSCFG_SWPR1_PAGE0       /*!< SRAM2A Write protecti
 165:Drivers/STM32WBxx_HAL_Driver/Inc/stm32wbxx_ll_system.h **** #define LL_SYSCFG_SRAM2WRP_PAGE1                SYSCFG_SWPR1_PAGE1       /*!< SRAM2A Write protecti
 166:Drivers/STM32WBxx_HAL_Driver/Inc/stm32wbxx_ll_system.h **** #define LL_SYSCFG_SRAM2WRP_PAGE2                SYSCFG_SWPR1_PAGE2       /*!< SRAM2A Write protecti
 167:Drivers/STM32WBxx_HAL_Driver/Inc/stm32wbxx_ll_system.h **** #define LL_SYSCFG_SRAM2WRP_PAGE3                SYSCFG_SWPR1_PAGE3       /*!< SRAM2A Write protecti
 168:Drivers/STM32WBxx_HAL_Driver/Inc/stm32wbxx_ll_system.h **** #define LL_SYSCFG_SRAM2WRP_PAGE4                SYSCFG_SWPR1_PAGE4       /*!< SRAM2A Write protecti
 169:Drivers/STM32WBxx_HAL_Driver/Inc/stm32wbxx_ll_system.h **** #define LL_SYSCFG_SRAM2WRP_PAGE5                SYSCFG_SWPR1_PAGE5       /*!< SRAM2A Write protecti
 170:Drivers/STM32WBxx_HAL_Driver/Inc/stm32wbxx_ll_system.h **** #define LL_SYSCFG_SRAM2WRP_PAGE6                SYSCFG_SWPR1_PAGE6       /*!< SRAM2A Write protecti
 171:Drivers/STM32WBxx_HAL_Driver/Inc/stm32wbxx_ll_system.h **** #define LL_SYSCFG_SRAM2WRP_PAGE7                SYSCFG_SWPR1_PAGE7       /*!< SRAM2A Write protecti
 172:Drivers/STM32WBxx_HAL_Driver/Inc/stm32wbxx_ll_system.h **** #define LL_SYSCFG_SRAM2WRP_PAGE8                SYSCFG_SWPR1_PAGE8       /*!< SRAM2A Write protecti
 173:Drivers/STM32WBxx_HAL_Driver/Inc/stm32wbxx_ll_system.h **** #define LL_SYSCFG_SRAM2WRP_PAGE9                SYSCFG_SWPR1_PAGE9       /*!< SRAM2A Write protecti
 174:Drivers/STM32WBxx_HAL_Driver/Inc/stm32wbxx_ll_system.h **** #define LL_SYSCFG_SRAM2WRP_PAGE10               SYSCFG_SWPR1_PAGE10      /*!< SRAM2A Write protecti
 175:Drivers/STM32WBxx_HAL_Driver/Inc/stm32wbxx_ll_system.h **** #define LL_SYSCFG_SRAM2WRP_PAGE11               SYSCFG_SWPR1_PAGE11      /*!< SRAM2A Write protecti
 176:Drivers/STM32WBxx_HAL_Driver/Inc/stm32wbxx_ll_system.h **** #define LL_SYSCFG_SRAM2WRP_PAGE12               SYSCFG_SWPR1_PAGE12      /*!< SRAM2A Write protecti
 177:Drivers/STM32WBxx_HAL_Driver/Inc/stm32wbxx_ll_system.h **** #define LL_SYSCFG_SRAM2WRP_PAGE13               SYSCFG_SWPR1_PAGE13      /*!< SRAM2A Write protecti
 178:Drivers/STM32WBxx_HAL_Driver/Inc/stm32wbxx_ll_system.h **** #define LL_SYSCFG_SRAM2WRP_PAGE14               SYSCFG_SWPR1_PAGE14      /*!< SRAM2A Write protecti
 179:Drivers/STM32WBxx_HAL_Driver/Inc/stm32wbxx_ll_system.h **** #define LL_SYSCFG_SRAM2WRP_PAGE15               SYSCFG_SWPR1_PAGE15      /*!< SRAM2A Write protecti
 180:Drivers/STM32WBxx_HAL_Driver/Inc/stm32wbxx_ll_system.h **** #define LL_SYSCFG_SRAM2WRP_PAGE16               SYSCFG_SWPR1_PAGE16      /*!< SRAM2A Write protecti
 181:Drivers/STM32WBxx_HAL_Driver/Inc/stm32wbxx_ll_system.h **** #define LL_SYSCFG_SRAM2WRP_PAGE17               SYSCFG_SWPR1_PAGE17      /*!< SRAM2A Write protecti
 182:Drivers/STM32WBxx_HAL_Driver/Inc/stm32wbxx_ll_system.h **** #define LL_SYSCFG_SRAM2WRP_PAGE18               SYSCFG_SWPR1_PAGE18      /*!< SRAM2A Write protecti
 183:Drivers/STM32WBxx_HAL_Driver/Inc/stm32wbxx_ll_system.h **** #define LL_SYSCFG_SRAM2WRP_PAGE19               SYSCFG_SWPR1_PAGE19      /*!< SRAM2A Write protecti
 184:Drivers/STM32WBxx_HAL_Driver/Inc/stm32wbxx_ll_system.h **** #define LL_SYSCFG_SRAM2WRP_PAGE20               SYSCFG_SWPR1_PAGE20      /*!< SRAM2A Write protecti
 185:Drivers/STM32WBxx_HAL_Driver/Inc/stm32wbxx_ll_system.h **** #define LL_SYSCFG_SRAM2WRP_PAGE21               SYSCFG_SWPR1_PAGE21      /*!< SRAM2A Write protecti
 186:Drivers/STM32WBxx_HAL_Driver/Inc/stm32wbxx_ll_system.h **** #define LL_SYSCFG_SRAM2WRP_PAGE22               SYSCFG_SWPR1_PAGE22      /*!< SRAM2A Write protecti
 187:Drivers/STM32WBxx_HAL_Driver/Inc/stm32wbxx_ll_system.h **** #define LL_SYSCFG_SRAM2WRP_PAGE23               SYSCFG_SWPR1_PAGE23      /*!< SRAM2A Write protecti
 188:Drivers/STM32WBxx_HAL_Driver/Inc/stm32wbxx_ll_system.h **** #define LL_SYSCFG_SRAM2WRP_PAGE24               SYSCFG_SWPR1_PAGE24      /*!< SRAM2A Write protecti
 189:Drivers/STM32WBxx_HAL_Driver/Inc/stm32wbxx_ll_system.h **** #define LL_SYSCFG_SRAM2WRP_PAGE25               SYSCFG_SWPR1_PAGE25      /*!< SRAM2A Write protecti
ARM GAS  C:\Users\843E~1\AppData\Local\Temp\ccnpSKQK.s 			page 37


 190:Drivers/STM32WBxx_HAL_Driver/Inc/stm32wbxx_ll_system.h **** #define LL_SYSCFG_SRAM2WRP_PAGE26               SYSCFG_SWPR1_PAGE26      /*!< SRAM2A Write protecti
 191:Drivers/STM32WBxx_HAL_Driver/Inc/stm32wbxx_ll_system.h **** #define LL_SYSCFG_SRAM2WRP_PAGE27               SYSCFG_SWPR1_PAGE27      /*!< SRAM2A Write protecti
 192:Drivers/STM32WBxx_HAL_Driver/Inc/stm32wbxx_ll_system.h **** #define LL_SYSCFG_SRAM2WRP_PAGE28               SYSCFG_SWPR1_PAGE28      /*!< SRAM2A Write protecti
 193:Drivers/STM32WBxx_HAL_Driver/Inc/stm32wbxx_ll_system.h **** #define LL_SYSCFG_SRAM2WRP_PAGE29               SYSCFG_SWPR1_PAGE29      /*!< SRAM2A Write protecti
 194:Drivers/STM32WBxx_HAL_Driver/Inc/stm32wbxx_ll_system.h **** #define LL_SYSCFG_SRAM2WRP_PAGE30               SYSCFG_SWPR1_PAGE30      /*!< SRAM2A Write protecti
 195:Drivers/STM32WBxx_HAL_Driver/Inc/stm32wbxx_ll_system.h **** #define LL_SYSCFG_SRAM2WRP_PAGE31               SYSCFG_SWPR1_PAGE31      /*!< SRAM2A Write protecti
 196:Drivers/STM32WBxx_HAL_Driver/Inc/stm32wbxx_ll_system.h **** 
 197:Drivers/STM32WBxx_HAL_Driver/Inc/stm32wbxx_ll_system.h **** #define LL_SYSCFG_SRAM2WRP_PAGE32               SYSCFG_SWPR2_PAGE32      /*!< SRAM2B Write protecti
 198:Drivers/STM32WBxx_HAL_Driver/Inc/stm32wbxx_ll_system.h **** #define LL_SYSCFG_SRAM2WRP_PAGE33               SYSCFG_SWPR2_PAGE33      /*!< SRAM2B Write protecti
 199:Drivers/STM32WBxx_HAL_Driver/Inc/stm32wbxx_ll_system.h **** #define LL_SYSCFG_SRAM2WRP_PAGE34               SYSCFG_SWPR2_PAGE34      /*!< SRAM2B Write protecti
 200:Drivers/STM32WBxx_HAL_Driver/Inc/stm32wbxx_ll_system.h **** #define LL_SYSCFG_SRAM2WRP_PAGE35               SYSCFG_SWPR2_PAGE35      /*!< SRAM2B Write protecti
 201:Drivers/STM32WBxx_HAL_Driver/Inc/stm32wbxx_ll_system.h **** #if defined(SYSCFG_SWPR2_PAGE36)
 202:Drivers/STM32WBxx_HAL_Driver/Inc/stm32wbxx_ll_system.h **** #define LL_SYSCFG_SRAM2WRP_PAGE36               SYSCFG_SWPR2_PAGE36      /*!< SRAM2B Write protecti
 203:Drivers/STM32WBxx_HAL_Driver/Inc/stm32wbxx_ll_system.h **** #define LL_SYSCFG_SRAM2WRP_PAGE37               SYSCFG_SWPR2_PAGE37      /*!< SRAM2B Write protecti
 204:Drivers/STM32WBxx_HAL_Driver/Inc/stm32wbxx_ll_system.h **** #define LL_SYSCFG_SRAM2WRP_PAGE38               SYSCFG_SWPR2_PAGE38      /*!< SRAM2B Write protecti
 205:Drivers/STM32WBxx_HAL_Driver/Inc/stm32wbxx_ll_system.h **** #define LL_SYSCFG_SRAM2WRP_PAGE39               SYSCFG_SWPR2_PAGE39      /*!< SRAM2B Write protecti
 206:Drivers/STM32WBxx_HAL_Driver/Inc/stm32wbxx_ll_system.h **** #define LL_SYSCFG_SRAM2WRP_PAGE40               SYSCFG_SWPR2_PAGE40      /*!< SRAM2B Write protecti
 207:Drivers/STM32WBxx_HAL_Driver/Inc/stm32wbxx_ll_system.h **** #define LL_SYSCFG_SRAM2WRP_PAGE41               SYSCFG_SWPR2_PAGE41      /*!< SRAM2B Write protecti
 208:Drivers/STM32WBxx_HAL_Driver/Inc/stm32wbxx_ll_system.h **** #define LL_SYSCFG_SRAM2WRP_PAGE42               SYSCFG_SWPR2_PAGE42      /*!< SRAM2B Write protecti
 209:Drivers/STM32WBxx_HAL_Driver/Inc/stm32wbxx_ll_system.h **** #define LL_SYSCFG_SRAM2WRP_PAGE43               SYSCFG_SWPR2_PAGE43      /*!< SRAM2B Write protecti
 210:Drivers/STM32WBxx_HAL_Driver/Inc/stm32wbxx_ll_system.h **** #define LL_SYSCFG_SRAM2WRP_PAGE44               SYSCFG_SWPR2_PAGE44      /*!< SRAM2B Write protecti
 211:Drivers/STM32WBxx_HAL_Driver/Inc/stm32wbxx_ll_system.h **** #define LL_SYSCFG_SRAM2WRP_PAGE45               SYSCFG_SWPR2_PAGE45      /*!< SRAM2B Write protecti
 212:Drivers/STM32WBxx_HAL_Driver/Inc/stm32wbxx_ll_system.h **** #define LL_SYSCFG_SRAM2WRP_PAGE46               SYSCFG_SWPR2_PAGE46      /*!< SRAM2B Write protecti
 213:Drivers/STM32WBxx_HAL_Driver/Inc/stm32wbxx_ll_system.h **** #define LL_SYSCFG_SRAM2WRP_PAGE47               SYSCFG_SWPR2_PAGE47      /*!< SRAM2B Write protecti
 214:Drivers/STM32WBxx_HAL_Driver/Inc/stm32wbxx_ll_system.h **** #define LL_SYSCFG_SRAM2WRP_PAGE48               SYSCFG_SWPR2_PAGE48      /*!< SRAM2B Write protecti
 215:Drivers/STM32WBxx_HAL_Driver/Inc/stm32wbxx_ll_system.h **** #define LL_SYSCFG_SRAM2WRP_PAGE49               SYSCFG_SWPR2_PAGE49      /*!< SRAM2B Write protecti
 216:Drivers/STM32WBxx_HAL_Driver/Inc/stm32wbxx_ll_system.h **** #define LL_SYSCFG_SRAM2WRP_PAGE50               SYSCFG_SWPR2_PAGE50      /*!< SRAM2B Write protecti
 217:Drivers/STM32WBxx_HAL_Driver/Inc/stm32wbxx_ll_system.h **** #define LL_SYSCFG_SRAM2WRP_PAGE51               SYSCFG_SWPR2_PAGE51      /*!< SRAM2B Write protecti
 218:Drivers/STM32WBxx_HAL_Driver/Inc/stm32wbxx_ll_system.h **** #define LL_SYSCFG_SRAM2WRP_PAGE52               SYSCFG_SWPR2_PAGE52      /*!< SRAM2B Write protecti
 219:Drivers/STM32WBxx_HAL_Driver/Inc/stm32wbxx_ll_system.h **** #define LL_SYSCFG_SRAM2WRP_PAGE53               SYSCFG_SWPR2_PAGE53      /*!< SRAM2B Write protecti
 220:Drivers/STM32WBxx_HAL_Driver/Inc/stm32wbxx_ll_system.h **** #define LL_SYSCFG_SRAM2WRP_PAGE54               SYSCFG_SWPR2_PAGE54      /*!< SRAM2B Write protecti
 221:Drivers/STM32WBxx_HAL_Driver/Inc/stm32wbxx_ll_system.h **** #define LL_SYSCFG_SRAM2WRP_PAGE55               SYSCFG_SWPR2_PAGE55      /*!< SRAM2B Write protecti
 222:Drivers/STM32WBxx_HAL_Driver/Inc/stm32wbxx_ll_system.h **** #define LL_SYSCFG_SRAM2WRP_PAGE56               SYSCFG_SWPR2_PAGE56      /*!< SRAM2B Write protecti
 223:Drivers/STM32WBxx_HAL_Driver/Inc/stm32wbxx_ll_system.h **** #define LL_SYSCFG_SRAM2WRP_PAGE57               SYSCFG_SWPR2_PAGE57      /*!< SRAM2B Write protecti
 224:Drivers/STM32WBxx_HAL_Driver/Inc/stm32wbxx_ll_system.h **** #define LL_SYSCFG_SRAM2WRP_PAGE58               SYSCFG_SWPR2_PAGE58      /*!< SRAM2B Write protecti
 225:Drivers/STM32WBxx_HAL_Driver/Inc/stm32wbxx_ll_system.h **** #define LL_SYSCFG_SRAM2WRP_PAGE59               SYSCFG_SWPR2_PAGE59      /*!< SRAM2B Write protecti
 226:Drivers/STM32WBxx_HAL_Driver/Inc/stm32wbxx_ll_system.h **** #define LL_SYSCFG_SRAM2WRP_PAGE60               SYSCFG_SWPR2_PAGE60      /*!< SRAM2B Write protecti
 227:Drivers/STM32WBxx_HAL_Driver/Inc/stm32wbxx_ll_system.h **** #define LL_SYSCFG_SRAM2WRP_PAGE61               SYSCFG_SWPR2_PAGE61      /*!< SRAM2B Write protecti
 228:Drivers/STM32WBxx_HAL_Driver/Inc/stm32wbxx_ll_system.h **** #define LL_SYSCFG_SRAM2WRP_PAGE62               SYSCFG_SWPR2_PAGE62      /*!< SRAM2B Write protecti
 229:Drivers/STM32WBxx_HAL_Driver/Inc/stm32wbxx_ll_system.h **** #define LL_SYSCFG_SRAM2WRP_PAGE63               SYSCFG_SWPR2_PAGE63      /*!< SRAM2B Write protecti
 230:Drivers/STM32WBxx_HAL_Driver/Inc/stm32wbxx_ll_system.h **** #endif /* SYSCFG_SWPR2_PAGE36 */
 231:Drivers/STM32WBxx_HAL_Driver/Inc/stm32wbxx_ll_system.h **** /**
 232:Drivers/STM32WBxx_HAL_Driver/Inc/stm32wbxx_ll_system.h ****   * @}
 233:Drivers/STM32WBxx_HAL_Driver/Inc/stm32wbxx_ll_system.h ****   */
 234:Drivers/STM32WBxx_HAL_Driver/Inc/stm32wbxx_ll_system.h **** 
 235:Drivers/STM32WBxx_HAL_Driver/Inc/stm32wbxx_ll_system.h **** /** @defgroup SYSTEM_LL_EC_IM SYSCFG CPU1 INTERRUPT MASK
 236:Drivers/STM32WBxx_HAL_Driver/Inc/stm32wbxx_ll_system.h ****   * @{
 237:Drivers/STM32WBxx_HAL_Driver/Inc/stm32wbxx_ll_system.h ****   */
 238:Drivers/STM32WBxx_HAL_Driver/Inc/stm32wbxx_ll_system.h **** #define LL_SYSCFG_GRP1_TIM1                     SYSCFG_IMR1_TIM1IM     /*!< Enabling of interrupt f
 239:Drivers/STM32WBxx_HAL_Driver/Inc/stm32wbxx_ll_system.h **** #if defined(TIM16)
 240:Drivers/STM32WBxx_HAL_Driver/Inc/stm32wbxx_ll_system.h **** #define LL_SYSCFG_GRP1_TIM16                    SYSCFG_IMR1_TIM16IM    /*!< Enabling of interrupt f
 241:Drivers/STM32WBxx_HAL_Driver/Inc/stm32wbxx_ll_system.h **** #endif /* TIM16 */
 242:Drivers/STM32WBxx_HAL_Driver/Inc/stm32wbxx_ll_system.h **** #if defined(TIM17)
 243:Drivers/STM32WBxx_HAL_Driver/Inc/stm32wbxx_ll_system.h **** #define LL_SYSCFG_GRP1_TIM17                    SYSCFG_IMR1_TIM17IM    /*!< Enabling of interrupt f
 244:Drivers/STM32WBxx_HAL_Driver/Inc/stm32wbxx_ll_system.h **** #endif /* TIM17 */
 245:Drivers/STM32WBxx_HAL_Driver/Inc/stm32wbxx_ll_system.h **** 
 246:Drivers/STM32WBxx_HAL_Driver/Inc/stm32wbxx_ll_system.h **** #define LL_SYSCFG_GRP1_EXTI5                    SYSCFG_IMR1_EXTI5IM    /*!< Enabling of interrupt f
ARM GAS  C:\Users\843E~1\AppData\Local\Temp\ccnpSKQK.s 			page 38


 247:Drivers/STM32WBxx_HAL_Driver/Inc/stm32wbxx_ll_system.h **** #define LL_SYSCFG_GRP1_EXTI6                    SYSCFG_IMR1_EXTI6IM    /*!< Enabling of interrupt f
 248:Drivers/STM32WBxx_HAL_Driver/Inc/stm32wbxx_ll_system.h **** #define LL_SYSCFG_GRP1_EXTI7                    SYSCFG_IMR1_EXTI7IM    /*!< Enabling of interrupt f
 249:Drivers/STM32WBxx_HAL_Driver/Inc/stm32wbxx_ll_system.h **** #define LL_SYSCFG_GRP1_EXTI8                    SYSCFG_IMR1_EXTI8IM    /*!< Enabling of interrupt f
 250:Drivers/STM32WBxx_HAL_Driver/Inc/stm32wbxx_ll_system.h **** #define LL_SYSCFG_GRP1_EXTI9                    SYSCFG_IMR1_EXTI9IM    /*!< Enabling of interrupt f
 251:Drivers/STM32WBxx_HAL_Driver/Inc/stm32wbxx_ll_system.h **** #define LL_SYSCFG_GRP1_EXTI10                   SYSCFG_IMR1_EXTI10IM   /*!< Enabling of interrupt f
 252:Drivers/STM32WBxx_HAL_Driver/Inc/stm32wbxx_ll_system.h **** #define LL_SYSCFG_GRP1_EXTI11                   SYSCFG_IMR1_EXTI11IM   /*!< Enabling of interrupt f
 253:Drivers/STM32WBxx_HAL_Driver/Inc/stm32wbxx_ll_system.h **** #define LL_SYSCFG_GRP1_EXTI12                   SYSCFG_IMR1_EXTI12IM   /*!< Enabling of interrupt f
 254:Drivers/STM32WBxx_HAL_Driver/Inc/stm32wbxx_ll_system.h **** #define LL_SYSCFG_GRP1_EXTI13                   SYSCFG_IMR1_EXTI13IM   /*!< Enabling of interrupt f
 255:Drivers/STM32WBxx_HAL_Driver/Inc/stm32wbxx_ll_system.h **** #define LL_SYSCFG_GRP1_EXTI14                   SYSCFG_IMR1_EXTI14IM   /*!< Enabling of interrupt f
 256:Drivers/STM32WBxx_HAL_Driver/Inc/stm32wbxx_ll_system.h **** #define LL_SYSCFG_GRP1_EXTI15                   SYSCFG_IMR1_EXTI15IM   /*!< Enabling of interrupt f
 257:Drivers/STM32WBxx_HAL_Driver/Inc/stm32wbxx_ll_system.h **** 
 258:Drivers/STM32WBxx_HAL_Driver/Inc/stm32wbxx_ll_system.h **** #if defined(SYSCFG_IMR2_PVM1IM)
 259:Drivers/STM32WBxx_HAL_Driver/Inc/stm32wbxx_ll_system.h **** #define LL_SYSCFG_GRP2_PVM1                     SYSCFG_IMR2_PVM1IM     /*!< Enabling of interrupt f
 260:Drivers/STM32WBxx_HAL_Driver/Inc/stm32wbxx_ll_system.h **** #endif /* SYSCFG_IMR2_PVM1IM */
 261:Drivers/STM32WBxx_HAL_Driver/Inc/stm32wbxx_ll_system.h **** #define LL_SYSCFG_GRP2_PVM3                     SYSCFG_IMR2_PVM3IM     /*!< Enabling of interrupt f
 262:Drivers/STM32WBxx_HAL_Driver/Inc/stm32wbxx_ll_system.h **** #define LL_SYSCFG_GRP2_PVD                      SYSCFG_IMR2_PVDIM      /*!< Enabling of interrupt f
 263:Drivers/STM32WBxx_HAL_Driver/Inc/stm32wbxx_ll_system.h **** /**
 264:Drivers/STM32WBxx_HAL_Driver/Inc/stm32wbxx_ll_system.h ****   * @}
 265:Drivers/STM32WBxx_HAL_Driver/Inc/stm32wbxx_ll_system.h ****   */
 266:Drivers/STM32WBxx_HAL_Driver/Inc/stm32wbxx_ll_system.h **** 
 267:Drivers/STM32WBxx_HAL_Driver/Inc/stm32wbxx_ll_system.h **** /** @defgroup SYSTEM_LL_EC_C2_IM SYSCFG CPU2 INTERRUPT MASK
 268:Drivers/STM32WBxx_HAL_Driver/Inc/stm32wbxx_ll_system.h ****   * @{
 269:Drivers/STM32WBxx_HAL_Driver/Inc/stm32wbxx_ll_system.h ****   */
 270:Drivers/STM32WBxx_HAL_Driver/Inc/stm32wbxx_ll_system.h **** #define LL_C2_SYSCFG_GRP1_RTCSTAMP_RTCTAMP_LSECSS  SYSCFG_C2IMR1_RTCSTAMPTAMPLSECSSIM /*!< Enabling
 271:Drivers/STM32WBxx_HAL_Driver/Inc/stm32wbxx_ll_system.h ****                                                                                       and LSE Clock
 272:Drivers/STM32WBxx_HAL_Driver/Inc/stm32wbxx_ll_system.h **** #define LL_C2_SYSCFG_GRP1_RTCWKUP               SYSCFG_C2IMR1_RTCWKUPIM  /*!< Enabling of interrupt
 273:Drivers/STM32WBxx_HAL_Driver/Inc/stm32wbxx_ll_system.h **** #define LL_C2_SYSCFG_GRP1_RTCALARM              SYSCFG_C2IMR1_RTCALARMIM /*!< Enabling of interrupt
 274:Drivers/STM32WBxx_HAL_Driver/Inc/stm32wbxx_ll_system.h **** #define LL_C2_SYSCFG_GRP1_RCC                   SYSCFG_C2IMR1_RCCIM      /*!< Enabling of interrupt
 275:Drivers/STM32WBxx_HAL_Driver/Inc/stm32wbxx_ll_system.h **** #define LL_C2_SYSCFG_GRP1_FLASH                 SYSCFG_C2IMR1_FLASHIM    /*!< Enabling of interrupt
 276:Drivers/STM32WBxx_HAL_Driver/Inc/stm32wbxx_ll_system.h **** #define LL_C2_SYSCFG_GRP1_PKA                   SYSCFG_C2IMR1_PKAIM      /*!< Enabling of interrupt
 277:Drivers/STM32WBxx_HAL_Driver/Inc/stm32wbxx_ll_system.h **** #define LL_C2_SYSCFG_GRP1_RNG                   SYSCFG_C2IMR1_RNGIM      /*!< Enabling of interrupt
 278:Drivers/STM32WBxx_HAL_Driver/Inc/stm32wbxx_ll_system.h **** #if defined(AES1)
 279:Drivers/STM32WBxx_HAL_Driver/Inc/stm32wbxx_ll_system.h **** #define LL_C2_SYSCFG_GRP1_AES1                  SYSCFG_C2IMR1_AES1IM     /*!< Enabling of interrupt
 280:Drivers/STM32WBxx_HAL_Driver/Inc/stm32wbxx_ll_system.h **** #endif /* AES1 */
 281:Drivers/STM32WBxx_HAL_Driver/Inc/stm32wbxx_ll_system.h **** #if defined(COMP1)
 282:Drivers/STM32WBxx_HAL_Driver/Inc/stm32wbxx_ll_system.h **** #define LL_C2_SYSCFG_GRP1_COMP                  SYSCFG_C2IMR1_COMPIM     /*!< Enabling of interrupt
 283:Drivers/STM32WBxx_HAL_Driver/Inc/stm32wbxx_ll_system.h **** #endif /* COMP1 */
 284:Drivers/STM32WBxx_HAL_Driver/Inc/stm32wbxx_ll_system.h **** #define LL_C2_SYSCFG_GRP1_ADC                   SYSCFG_C2IMR1_ADCIM      /*!< Enabling of interrupt
 285:Drivers/STM32WBxx_HAL_Driver/Inc/stm32wbxx_ll_system.h **** 
 286:Drivers/STM32WBxx_HAL_Driver/Inc/stm32wbxx_ll_system.h **** #define LL_C2_SYSCFG_GRP1_EXTI0                 SYSCFG_C2IMR1_EXTI0IM    /*!< Enabling of interrupt
 287:Drivers/STM32WBxx_HAL_Driver/Inc/stm32wbxx_ll_system.h **** #define LL_C2_SYSCFG_GRP1_EXTI1                 SYSCFG_C2IMR1_EXTI1IM    /*!< Enabling of interrupt
 288:Drivers/STM32WBxx_HAL_Driver/Inc/stm32wbxx_ll_system.h **** #define LL_C2_SYSCFG_GRP1_EXTI2                 SYSCFG_C2IMR1_EXTI2IM    /*!< Enabling of interrupt
 289:Drivers/STM32WBxx_HAL_Driver/Inc/stm32wbxx_ll_system.h **** #define LL_C2_SYSCFG_GRP1_EXTI3                 SYSCFG_C2IMR1_EXTI3IM    /*!< Enabling of interrupt
 290:Drivers/STM32WBxx_HAL_Driver/Inc/stm32wbxx_ll_system.h **** #define LL_C2_SYSCFG_GRP1_EXTI4                 SYSCFG_C2IMR1_EXTI4IM    /*!< Enabling of interrupt
 291:Drivers/STM32WBxx_HAL_Driver/Inc/stm32wbxx_ll_system.h **** #define LL_C2_SYSCFG_GRP1_EXTI5                 SYSCFG_C2IMR1_EXTI5IM    /*!< Enabling of interrupt
 292:Drivers/STM32WBxx_HAL_Driver/Inc/stm32wbxx_ll_system.h **** #define LL_C2_SYSCFG_GRP1_EXTI6                 SYSCFG_C2IMR1_EXTI6IM    /*!< Enabling of interrupt
 293:Drivers/STM32WBxx_HAL_Driver/Inc/stm32wbxx_ll_system.h **** #define LL_C2_SYSCFG_GRP1_EXTI7                 SYSCFG_C2IMR1_EXTI7IM    /*!< Enabling of interrupt
 294:Drivers/STM32WBxx_HAL_Driver/Inc/stm32wbxx_ll_system.h **** #define LL_C2_SYSCFG_GRP1_EXTI8                 SYSCFG_C2IMR1_EXTI8IM    /*!< Enabling of interrupt
 295:Drivers/STM32WBxx_HAL_Driver/Inc/stm32wbxx_ll_system.h **** #define LL_C2_SYSCFG_GRP1_EXTI9                 SYSCFG_C2IMR1_EXTI9IM    /*!< Enabling of interrupt
 296:Drivers/STM32WBxx_HAL_Driver/Inc/stm32wbxx_ll_system.h **** #define LL_C2_SYSCFG_GRP1_EXTI10                SYSCFG_C2IMR1_EXTI10IM   /*!< Enabling of interrupt
 297:Drivers/STM32WBxx_HAL_Driver/Inc/stm32wbxx_ll_system.h **** #define LL_C2_SYSCFG_GRP1_EXTI11                SYSCFG_C2IMR1_EXTI11IM   /*!< Enabling of interrupt
 298:Drivers/STM32WBxx_HAL_Driver/Inc/stm32wbxx_ll_system.h **** #define LL_C2_SYSCFG_GRP1_EXTI12                SYSCFG_C2IMR1_EXTI12IM   /*!< Enabling of interrupt
 299:Drivers/STM32WBxx_HAL_Driver/Inc/stm32wbxx_ll_system.h **** #define LL_C2_SYSCFG_GRP1_EXTI13                SYSCFG_C2IMR1_EXTI13IM   /*!< Enabling of interrupt
 300:Drivers/STM32WBxx_HAL_Driver/Inc/stm32wbxx_ll_system.h **** #define LL_C2_SYSCFG_GRP1_EXTI14                SYSCFG_C2IMR1_EXTI14IM   /*!< Enabling of interrupt
 301:Drivers/STM32WBxx_HAL_Driver/Inc/stm32wbxx_ll_system.h **** #define LL_C2_SYSCFG_GRP1_EXTI15                SYSCFG_C2IMR1_EXTI15IM   /*!< Enabling of interrupt
 302:Drivers/STM32WBxx_HAL_Driver/Inc/stm32wbxx_ll_system.h **** 
 303:Drivers/STM32WBxx_HAL_Driver/Inc/stm32wbxx_ll_system.h **** #define LL_C2_SYSCFG_GRP2_DMA1CH1               SYSCFG_C2IMR2_DMA1CH1IM  /*!< Enabling of interrupt
ARM GAS  C:\Users\843E~1\AppData\Local\Temp\ccnpSKQK.s 			page 39


 304:Drivers/STM32WBxx_HAL_Driver/Inc/stm32wbxx_ll_system.h **** #define LL_C2_SYSCFG_GRP2_DMA1CH2               SYSCFG_C2IMR2_DMA1CH2IM  /*!< Enabling of interrupt
 305:Drivers/STM32WBxx_HAL_Driver/Inc/stm32wbxx_ll_system.h **** #define LL_C2_SYSCFG_GRP2_DMA1CH3               SYSCFG_C2IMR2_DMA1CH3IM  /*!< Enabling of interrupt
 306:Drivers/STM32WBxx_HAL_Driver/Inc/stm32wbxx_ll_system.h **** #define LL_C2_SYSCFG_GRP2_DMA1CH4               SYSCFG_C2IMR2_DMA1CH4IM  /*!< Enabling of interrupt
 307:Drivers/STM32WBxx_HAL_Driver/Inc/stm32wbxx_ll_system.h **** #define LL_C2_SYSCFG_GRP2_DMA1CH5               SYSCFG_C2IMR2_DMA1CH5IM  /*!< Enabling of interrupt
 308:Drivers/STM32WBxx_HAL_Driver/Inc/stm32wbxx_ll_system.h **** #define LL_C2_SYSCFG_GRP2_DMA1CH6               SYSCFG_C2IMR2_DMA1CH6IM  /*!< Enabling of interrupt
 309:Drivers/STM32WBxx_HAL_Driver/Inc/stm32wbxx_ll_system.h **** #define LL_C2_SYSCFG_GRP2_DMA1CH7               SYSCFG_C2IMR2_DMA1CH7IM  /*!< Enabling of interrupt
 310:Drivers/STM32WBxx_HAL_Driver/Inc/stm32wbxx_ll_system.h **** 
 311:Drivers/STM32WBxx_HAL_Driver/Inc/stm32wbxx_ll_system.h **** #if defined(DMA2)
 312:Drivers/STM32WBxx_HAL_Driver/Inc/stm32wbxx_ll_system.h **** #define LL_C2_SYSCFG_GRP2_DMA2CH1               SYSCFG_C2IMR2_DMA2CH1IM  /*!< Enabling of interrupt
 313:Drivers/STM32WBxx_HAL_Driver/Inc/stm32wbxx_ll_system.h **** #define LL_C2_SYSCFG_GRP2_DMA2CH2               SYSCFG_C2IMR2_DMA2CH2IM  /*!< Enabling of interrupt
 314:Drivers/STM32WBxx_HAL_Driver/Inc/stm32wbxx_ll_system.h **** #define LL_C2_SYSCFG_GRP2_DMA2CH3               SYSCFG_C2IMR2_DMA2CH3IM  /*!< Enabling of interrupt
 315:Drivers/STM32WBxx_HAL_Driver/Inc/stm32wbxx_ll_system.h **** #define LL_C2_SYSCFG_GRP2_DMA2CH4               SYSCFG_C2IMR2_DMA2CH4IM  /*!< Enabling of interrupt
 316:Drivers/STM32WBxx_HAL_Driver/Inc/stm32wbxx_ll_system.h **** #define LL_C2_SYSCFG_GRP2_DMA2CH5               SYSCFG_C2IMR2_DMA2CH5IM  /*!< Enabling of interrupt
 317:Drivers/STM32WBxx_HAL_Driver/Inc/stm32wbxx_ll_system.h **** #define LL_C2_SYSCFG_GRP2_DMA2CH6               SYSCFG_C2IMR2_DMA2CH6IM  /*!< Enabling of interrupt
 318:Drivers/STM32WBxx_HAL_Driver/Inc/stm32wbxx_ll_system.h **** #define LL_C2_SYSCFG_GRP2_DMA2CH7               SYSCFG_C2IMR2_DMA2CH7IM  /*!< Enabling of interrupt
 319:Drivers/STM32WBxx_HAL_Driver/Inc/stm32wbxx_ll_system.h **** #endif /* DMA2 */
 320:Drivers/STM32WBxx_HAL_Driver/Inc/stm32wbxx_ll_system.h **** 
 321:Drivers/STM32WBxx_HAL_Driver/Inc/stm32wbxx_ll_system.h **** #define LL_C2_SYSCFG_GRP2_DMAMUX1               SYSCFG_C2IMR2_DMAMUX1IM  /*!< Enabling of interrupt
 322:Drivers/STM32WBxx_HAL_Driver/Inc/stm32wbxx_ll_system.h **** #if defined(SYSCFG_C2IMR2_PVM1IM)
 323:Drivers/STM32WBxx_HAL_Driver/Inc/stm32wbxx_ll_system.h **** #define LL_C2_SYSCFG_GRP2_PVM1                  SYSCFG_C2IMR2_PVM1IM     /*!< Enabling of interrupt
 324:Drivers/STM32WBxx_HAL_Driver/Inc/stm32wbxx_ll_system.h **** #endif /* SYSCFG_C2IMR2_PVM1IM */
 325:Drivers/STM32WBxx_HAL_Driver/Inc/stm32wbxx_ll_system.h **** #define LL_C2_SYSCFG_GRP2_PVM3                  SYSCFG_C2IMR2_PVM3IM     /*!< Enabling of interrupt
 326:Drivers/STM32WBxx_HAL_Driver/Inc/stm32wbxx_ll_system.h **** #define LL_C2_SYSCFG_GRP2_PVD                   SYSCFG_C2IMR2_PVDIM      /*!< Enabling of interrupt
 327:Drivers/STM32WBxx_HAL_Driver/Inc/stm32wbxx_ll_system.h **** #define LL_C2_SYSCFG_GRP2_TSC                   SYSCFG_C2IMR2_TSCIM      /*!< Enabling of interrupt
 328:Drivers/STM32WBxx_HAL_Driver/Inc/stm32wbxx_ll_system.h **** #if defined(LCD)
 329:Drivers/STM32WBxx_HAL_Driver/Inc/stm32wbxx_ll_system.h **** #define LL_C2_SYSCFG_GRP2_LCD                   SYSCFG_C2IMR2_LCDIM      /*!< Enabling of interrupt
 330:Drivers/STM32WBxx_HAL_Driver/Inc/stm32wbxx_ll_system.h **** #endif /* LCD */
 331:Drivers/STM32WBxx_HAL_Driver/Inc/stm32wbxx_ll_system.h **** /**
 332:Drivers/STM32WBxx_HAL_Driver/Inc/stm32wbxx_ll_system.h ****   * @}
 333:Drivers/STM32WBxx_HAL_Driver/Inc/stm32wbxx_ll_system.h ****   */
 334:Drivers/STM32WBxx_HAL_Driver/Inc/stm32wbxx_ll_system.h **** 
 335:Drivers/STM32WBxx_HAL_Driver/Inc/stm32wbxx_ll_system.h **** /** @defgroup SYSTEM_LL_EC_SECURE_IP_ACCESS SYSCFG SECURE IP ACCESS
 336:Drivers/STM32WBxx_HAL_Driver/Inc/stm32wbxx_ll_system.h ****   * @{
 337:Drivers/STM32WBxx_HAL_Driver/Inc/stm32wbxx_ll_system.h ****   */
 338:Drivers/STM32WBxx_HAL_Driver/Inc/stm32wbxx_ll_system.h **** #if defined(AES1)
 339:Drivers/STM32WBxx_HAL_Driver/Inc/stm32wbxx_ll_system.h **** #define LL_SYSCFG_SECURE_ACCESS_AES1            SYSCFG_SIPCR_SAES1       /*!< Enabling the security
 340:Drivers/STM32WBxx_HAL_Driver/Inc/stm32wbxx_ll_system.h **** #endif /* AES1 */
 341:Drivers/STM32WBxx_HAL_Driver/Inc/stm32wbxx_ll_system.h **** #define LL_SYSCFG_SECURE_ACCESS_AES2            SYSCFG_SIPCR_SAES2       /*!< Enabling the security
 342:Drivers/STM32WBxx_HAL_Driver/Inc/stm32wbxx_ll_system.h **** #define LL_SYSCFG_SECURE_ACCESS_PKA             SYSCFG_SIPCR_SPKA        /*!< Enabling the security
 343:Drivers/STM32WBxx_HAL_Driver/Inc/stm32wbxx_ll_system.h **** #define LL_SYSCFG_SECURE_ACCESS_RNG             SYSCFG_SIPCR_SRNG        /*!< Enabling the security
 344:Drivers/STM32WBxx_HAL_Driver/Inc/stm32wbxx_ll_system.h **** /**
 345:Drivers/STM32WBxx_HAL_Driver/Inc/stm32wbxx_ll_system.h ****   * @}
 346:Drivers/STM32WBxx_HAL_Driver/Inc/stm32wbxx_ll_system.h ****   */
 347:Drivers/STM32WBxx_HAL_Driver/Inc/stm32wbxx_ll_system.h **** 
 348:Drivers/STM32WBxx_HAL_Driver/Inc/stm32wbxx_ll_system.h **** /** @defgroup SYSTEM_LL_EC_APB1_GRP1_STOP_IP DBGMCU CPU1 APB1 GRP1 STOP IP
 349:Drivers/STM32WBxx_HAL_Driver/Inc/stm32wbxx_ll_system.h ****   * @{
 350:Drivers/STM32WBxx_HAL_Driver/Inc/stm32wbxx_ll_system.h ****   */
 351:Drivers/STM32WBxx_HAL_Driver/Inc/stm32wbxx_ll_system.h **** #define LL_DBGMCU_APB1_GRP1_TIM2_STOP      DBGMCU_APB1FZR1_DBG_TIM2_STOP   /*!< The counter clock o
 352:Drivers/STM32WBxx_HAL_Driver/Inc/stm32wbxx_ll_system.h **** #define LL_DBGMCU_APB1_GRP1_RTC_STOP       DBGMCU_APB1FZR1_DBG_RTC_STOP    /*!< The clock of the RT
 353:Drivers/STM32WBxx_HAL_Driver/Inc/stm32wbxx_ll_system.h **** #define LL_DBGMCU_APB1_GRP1_WWDG_STOP      DBGMCU_APB1FZR1_DBG_WWDG_STOP   /*!< The window watchdog
 354:Drivers/STM32WBxx_HAL_Driver/Inc/stm32wbxx_ll_system.h **** #define LL_DBGMCU_APB1_GRP1_IWDG_STOP      DBGMCU_APB1FZR1_DBG_IWDG_STOP   /*!< The independent wat
 355:Drivers/STM32WBxx_HAL_Driver/Inc/stm32wbxx_ll_system.h **** #define LL_DBGMCU_APB1_GRP1_I2C1_STOP      DBGMCU_APB1FZR1_DBG_I2C1_STOP   /*!< The I2C1 SMBus time
 356:Drivers/STM32WBxx_HAL_Driver/Inc/stm32wbxx_ll_system.h **** #if defined(I2C3)
 357:Drivers/STM32WBxx_HAL_Driver/Inc/stm32wbxx_ll_system.h **** #define LL_DBGMCU_APB1_GRP1_I2C3_STOP      DBGMCU_APB1FZR1_DBG_I2C3_STOP   /*!< The I2C3 SMBus time
 358:Drivers/STM32WBxx_HAL_Driver/Inc/stm32wbxx_ll_system.h **** #endif /* I2C3 */
 359:Drivers/STM32WBxx_HAL_Driver/Inc/stm32wbxx_ll_system.h **** #define LL_DBGMCU_APB1_GRP1_LPTIM1_STOP    DBGMCU_APB1FZR1_DBG_LPTIM1_STOP /*!< The counter clock o
 360:Drivers/STM32WBxx_HAL_Driver/Inc/stm32wbxx_ll_system.h **** /**
ARM GAS  C:\Users\843E~1\AppData\Local\Temp\ccnpSKQK.s 			page 40


 361:Drivers/STM32WBxx_HAL_Driver/Inc/stm32wbxx_ll_system.h ****   * @}
 362:Drivers/STM32WBxx_HAL_Driver/Inc/stm32wbxx_ll_system.h ****   */
 363:Drivers/STM32WBxx_HAL_Driver/Inc/stm32wbxx_ll_system.h **** 
 364:Drivers/STM32WBxx_HAL_Driver/Inc/stm32wbxx_ll_system.h **** /** @defgroup SYSTEM_LL_EC_C2_APB1_GRP1_STOP_IP DBGMCU CPU2 APB1 GRP1 STOP IP
 365:Drivers/STM32WBxx_HAL_Driver/Inc/stm32wbxx_ll_system.h ****   * @{
 366:Drivers/STM32WBxx_HAL_Driver/Inc/stm32wbxx_ll_system.h ****   */
 367:Drivers/STM32WBxx_HAL_Driver/Inc/stm32wbxx_ll_system.h **** #define LL_C2_DBGMCU_APB1_GRP1_TIM2_STOP   DBGMCU_C2APB1FZR1_DBG_TIM2_STOP   /*!< The counter clock
 368:Drivers/STM32WBxx_HAL_Driver/Inc/stm32wbxx_ll_system.h **** #define LL_C2_DBGMCU_APB1_GRP1_RTC_STOP    DBGMCU_C2APB1FZR1_DBG_RTC_STOP    /*!< The clock of the 
 369:Drivers/STM32WBxx_HAL_Driver/Inc/stm32wbxx_ll_system.h **** #define LL_C2_DBGMCU_APB1_GRP1_IWDG_STOP   DBGMCU_C2APB1FZR1_DBG_IWDG_STOP   /*!< The independent w
 370:Drivers/STM32WBxx_HAL_Driver/Inc/stm32wbxx_ll_system.h **** #define LL_C2_DBGMCU_APB1_GRP1_I2C1_STOP   DBGMCU_C2APB1FZR1_DBG_I2C1_STOP   /*!< The I2C1 SMBus ti
 371:Drivers/STM32WBxx_HAL_Driver/Inc/stm32wbxx_ll_system.h **** #if defined(I2C3)
 372:Drivers/STM32WBxx_HAL_Driver/Inc/stm32wbxx_ll_system.h **** #define LL_C2_DBGMCU_APB1_GRP1_I2C3_STOP   DBGMCU_C2APB1FZR1_DBG_I2C3_STOP   /*!< The I2C3 SMBus ti
 373:Drivers/STM32WBxx_HAL_Driver/Inc/stm32wbxx_ll_system.h **** #endif /* I2C3 */
 374:Drivers/STM32WBxx_HAL_Driver/Inc/stm32wbxx_ll_system.h **** #define LL_C2_DBGMCU_APB1_GRP1_LPTIM1_STOP DBGMCU_C2APB1FZR1_DBG_LPTIM1_STOP /*!< The counter clock
 375:Drivers/STM32WBxx_HAL_Driver/Inc/stm32wbxx_ll_system.h **** /**
 376:Drivers/STM32WBxx_HAL_Driver/Inc/stm32wbxx_ll_system.h ****   * @}
 377:Drivers/STM32WBxx_HAL_Driver/Inc/stm32wbxx_ll_system.h ****   */
 378:Drivers/STM32WBxx_HAL_Driver/Inc/stm32wbxx_ll_system.h **** 
 379:Drivers/STM32WBxx_HAL_Driver/Inc/stm32wbxx_ll_system.h **** /** @defgroup SYSTEM_LL_EC_APB1_GRP2_STOP_IP DBGMCU CPU1 APB1 GRP2 STOP IP
 380:Drivers/STM32WBxx_HAL_Driver/Inc/stm32wbxx_ll_system.h ****   * @{
 381:Drivers/STM32WBxx_HAL_Driver/Inc/stm32wbxx_ll_system.h ****   */
 382:Drivers/STM32WBxx_HAL_Driver/Inc/stm32wbxx_ll_system.h **** #define LL_DBGMCU_APB1_GRP2_LPTIM2_STOP    DBGMCU_APB1FZR2_DBG_LPTIM2_STOP /*!< The counter clock o
 383:Drivers/STM32WBxx_HAL_Driver/Inc/stm32wbxx_ll_system.h **** /**
 384:Drivers/STM32WBxx_HAL_Driver/Inc/stm32wbxx_ll_system.h ****   * @}
 385:Drivers/STM32WBxx_HAL_Driver/Inc/stm32wbxx_ll_system.h ****   */
 386:Drivers/STM32WBxx_HAL_Driver/Inc/stm32wbxx_ll_system.h **** 
 387:Drivers/STM32WBxx_HAL_Driver/Inc/stm32wbxx_ll_system.h **** /** @defgroup SYSTEM_LL_EC_C2_APB1_GRP2_STOP_IP DBGMCU CPU2 APB1 GRP2 STOP IP
 388:Drivers/STM32WBxx_HAL_Driver/Inc/stm32wbxx_ll_system.h ****   * @{
 389:Drivers/STM32WBxx_HAL_Driver/Inc/stm32wbxx_ll_system.h ****   */
 390:Drivers/STM32WBxx_HAL_Driver/Inc/stm32wbxx_ll_system.h **** #define LL_C2_DBGMCU_APB1_GRP2_LPTIM2_STOP DBGMCU_C2APB1FZR2_DBG_LPTIM2_STOP /*!< The counter clock
 391:Drivers/STM32WBxx_HAL_Driver/Inc/stm32wbxx_ll_system.h **** /**
 392:Drivers/STM32WBxx_HAL_Driver/Inc/stm32wbxx_ll_system.h ****   * @}
 393:Drivers/STM32WBxx_HAL_Driver/Inc/stm32wbxx_ll_system.h ****   */
 394:Drivers/STM32WBxx_HAL_Driver/Inc/stm32wbxx_ll_system.h **** 
 395:Drivers/STM32WBxx_HAL_Driver/Inc/stm32wbxx_ll_system.h **** /** @defgroup SYSTEM_LL_EC_APB2_GRP1_STOP_IP DBGMCU CPU1 APB2 GRP1 STOP IP
 396:Drivers/STM32WBxx_HAL_Driver/Inc/stm32wbxx_ll_system.h ****   * @{
 397:Drivers/STM32WBxx_HAL_Driver/Inc/stm32wbxx_ll_system.h ****   */
 398:Drivers/STM32WBxx_HAL_Driver/Inc/stm32wbxx_ll_system.h **** #define LL_DBGMCU_APB2_GRP1_TIM1_STOP      DBGMCU_APB2FZR_DBG_TIM1_STOP   /*!< The counter clock of
 399:Drivers/STM32WBxx_HAL_Driver/Inc/stm32wbxx_ll_system.h **** #if defined(TIM16)
 400:Drivers/STM32WBxx_HAL_Driver/Inc/stm32wbxx_ll_system.h **** #define LL_DBGMCU_APB2_GRP1_TIM16_STOP     DBGMCU_APB2FZR_DBG_TIM16_STOP  /*!< The counter clock of
 401:Drivers/STM32WBxx_HAL_Driver/Inc/stm32wbxx_ll_system.h **** #endif /* TIM16 */
 402:Drivers/STM32WBxx_HAL_Driver/Inc/stm32wbxx_ll_system.h **** #if defined(TIM17)
 403:Drivers/STM32WBxx_HAL_Driver/Inc/stm32wbxx_ll_system.h **** #define LL_DBGMCU_APB2_GRP1_TIM17_STOP     DBGMCU_APB2FZR_DBG_TIM17_STOP  /*!< The counter clock of
 404:Drivers/STM32WBxx_HAL_Driver/Inc/stm32wbxx_ll_system.h **** #endif /* TIM17 */
 405:Drivers/STM32WBxx_HAL_Driver/Inc/stm32wbxx_ll_system.h **** /**
 406:Drivers/STM32WBxx_HAL_Driver/Inc/stm32wbxx_ll_system.h ****   * @}
 407:Drivers/STM32WBxx_HAL_Driver/Inc/stm32wbxx_ll_system.h ****   */
 408:Drivers/STM32WBxx_HAL_Driver/Inc/stm32wbxx_ll_system.h **** 
 409:Drivers/STM32WBxx_HAL_Driver/Inc/stm32wbxx_ll_system.h **** /** @defgroup SYSTEM_LL_EC_C2_APB2_GRP1_STOP_IP DBGMCU CPU2 APB2 GRP1 STOP IP
 410:Drivers/STM32WBxx_HAL_Driver/Inc/stm32wbxx_ll_system.h ****   * @{
 411:Drivers/STM32WBxx_HAL_Driver/Inc/stm32wbxx_ll_system.h ****   */
 412:Drivers/STM32WBxx_HAL_Driver/Inc/stm32wbxx_ll_system.h **** #define LL_C2_DBGMCU_APB2_GRP1_TIM1_STOP   DBGMCU_C2APB2FZR_DBG_TIM1_STOP   /*!< The counter clock 
 413:Drivers/STM32WBxx_HAL_Driver/Inc/stm32wbxx_ll_system.h **** #if defined(TIM16)
 414:Drivers/STM32WBxx_HAL_Driver/Inc/stm32wbxx_ll_system.h **** #define LL_C2_DBGMCU_APB2_GRP1_TIM16_STOP  DBGMCU_C2APB2FZR_DBG_TIM16_STOP  /*!< The counter clock 
 415:Drivers/STM32WBxx_HAL_Driver/Inc/stm32wbxx_ll_system.h **** #endif /* TIM16 */
 416:Drivers/STM32WBxx_HAL_Driver/Inc/stm32wbxx_ll_system.h **** #if defined(TIM17)
 417:Drivers/STM32WBxx_HAL_Driver/Inc/stm32wbxx_ll_system.h **** #define LL_C2_DBGMCU_APB2_GRP1_TIM17_STOP  DBGMCU_C2APB2FZR_DBG_TIM17_STOP  /*!< The counter clock 
ARM GAS  C:\Users\843E~1\AppData\Local\Temp\ccnpSKQK.s 			page 41


 418:Drivers/STM32WBxx_HAL_Driver/Inc/stm32wbxx_ll_system.h **** #endif /* TIM17 */
 419:Drivers/STM32WBxx_HAL_Driver/Inc/stm32wbxx_ll_system.h **** /**
 420:Drivers/STM32WBxx_HAL_Driver/Inc/stm32wbxx_ll_system.h ****   * @}
 421:Drivers/STM32WBxx_HAL_Driver/Inc/stm32wbxx_ll_system.h ****   */
 422:Drivers/STM32WBxx_HAL_Driver/Inc/stm32wbxx_ll_system.h **** 
 423:Drivers/STM32WBxx_HAL_Driver/Inc/stm32wbxx_ll_system.h **** #if defined(VREFBUF)
 424:Drivers/STM32WBxx_HAL_Driver/Inc/stm32wbxx_ll_system.h **** /** @defgroup SYSTEM_LL_EC_VOLTAGE VREFBUF VOLTAGE
 425:Drivers/STM32WBxx_HAL_Driver/Inc/stm32wbxx_ll_system.h ****   * @{
 426:Drivers/STM32WBxx_HAL_Driver/Inc/stm32wbxx_ll_system.h ****   */
 427:Drivers/STM32WBxx_HAL_Driver/Inc/stm32wbxx_ll_system.h **** #define LL_VREFBUF_VOLTAGE_SCALE0          0x00000000U     /*!< Voltage reference scale 0 (VREF_OUT
 428:Drivers/STM32WBxx_HAL_Driver/Inc/stm32wbxx_ll_system.h **** #define LL_VREFBUF_VOLTAGE_SCALE1          VREFBUF_CSR_VRS /*!< Voltage reference scale 1 (VREF_OUT
 429:Drivers/STM32WBxx_HAL_Driver/Inc/stm32wbxx_ll_system.h **** /**
 430:Drivers/STM32WBxx_HAL_Driver/Inc/stm32wbxx_ll_system.h ****   * @}
 431:Drivers/STM32WBxx_HAL_Driver/Inc/stm32wbxx_ll_system.h ****   */
 432:Drivers/STM32WBxx_HAL_Driver/Inc/stm32wbxx_ll_system.h **** #endif /* VREFBUF */
 433:Drivers/STM32WBxx_HAL_Driver/Inc/stm32wbxx_ll_system.h **** 
 434:Drivers/STM32WBxx_HAL_Driver/Inc/stm32wbxx_ll_system.h **** /** @defgroup SYSTEM_LL_EC_LATENCY FLASH LATENCY
 435:Drivers/STM32WBxx_HAL_Driver/Inc/stm32wbxx_ll_system.h ****   * @{
 436:Drivers/STM32WBxx_HAL_Driver/Inc/stm32wbxx_ll_system.h ****   */
 437:Drivers/STM32WBxx_HAL_Driver/Inc/stm32wbxx_ll_system.h **** #define LL_FLASH_LATENCY_0                 FLASH_ACR_LATENCY_0WS   /*!< FLASH Zero wait state   */
 438:Drivers/STM32WBxx_HAL_Driver/Inc/stm32wbxx_ll_system.h **** #define LL_FLASH_LATENCY_1                 FLASH_ACR_LATENCY_1WS   /*!< FLASH One wait state    */
 439:Drivers/STM32WBxx_HAL_Driver/Inc/stm32wbxx_ll_system.h **** #define LL_FLASH_LATENCY_2                 FLASH_ACR_LATENCY_2WS   /*!< FLASH Two wait states   */
 440:Drivers/STM32WBxx_HAL_Driver/Inc/stm32wbxx_ll_system.h **** #define LL_FLASH_LATENCY_3                 FLASH_ACR_LATENCY_3WS   /*!< FLASH Three wait states */
 441:Drivers/STM32WBxx_HAL_Driver/Inc/stm32wbxx_ll_system.h **** 
 442:Drivers/STM32WBxx_HAL_Driver/Inc/stm32wbxx_ll_system.h **** /**
 443:Drivers/STM32WBxx_HAL_Driver/Inc/stm32wbxx_ll_system.h ****   * @}
 444:Drivers/STM32WBxx_HAL_Driver/Inc/stm32wbxx_ll_system.h ****   */
 445:Drivers/STM32WBxx_HAL_Driver/Inc/stm32wbxx_ll_system.h **** 
 446:Drivers/STM32WBxx_HAL_Driver/Inc/stm32wbxx_ll_system.h **** /**
 447:Drivers/STM32WBxx_HAL_Driver/Inc/stm32wbxx_ll_system.h ****   * @}
 448:Drivers/STM32WBxx_HAL_Driver/Inc/stm32wbxx_ll_system.h ****   */
 449:Drivers/STM32WBxx_HAL_Driver/Inc/stm32wbxx_ll_system.h **** 
 450:Drivers/STM32WBxx_HAL_Driver/Inc/stm32wbxx_ll_system.h **** /* Exported macro ------------------------------------------------------------*/
 451:Drivers/STM32WBxx_HAL_Driver/Inc/stm32wbxx_ll_system.h **** 
 452:Drivers/STM32WBxx_HAL_Driver/Inc/stm32wbxx_ll_system.h **** /* Exported functions --------------------------------------------------------*/
 453:Drivers/STM32WBxx_HAL_Driver/Inc/stm32wbxx_ll_system.h **** /** @defgroup SYSTEM_LL_Exported_Functions SYSTEM Exported Functions
 454:Drivers/STM32WBxx_HAL_Driver/Inc/stm32wbxx_ll_system.h ****   * @{
 455:Drivers/STM32WBxx_HAL_Driver/Inc/stm32wbxx_ll_system.h ****   */
 456:Drivers/STM32WBxx_HAL_Driver/Inc/stm32wbxx_ll_system.h **** 
 457:Drivers/STM32WBxx_HAL_Driver/Inc/stm32wbxx_ll_system.h **** /** @defgroup SYSTEM_LL_EF_SYSCFG SYSCFG
 458:Drivers/STM32WBxx_HAL_Driver/Inc/stm32wbxx_ll_system.h ****   * @{
 459:Drivers/STM32WBxx_HAL_Driver/Inc/stm32wbxx_ll_system.h ****   */
 460:Drivers/STM32WBxx_HAL_Driver/Inc/stm32wbxx_ll_system.h **** 
 461:Drivers/STM32WBxx_HAL_Driver/Inc/stm32wbxx_ll_system.h **** /**
 462:Drivers/STM32WBxx_HAL_Driver/Inc/stm32wbxx_ll_system.h ****   * @brief  Set memory mapping at address 0x00000000
 463:Drivers/STM32WBxx_HAL_Driver/Inc/stm32wbxx_ll_system.h ****   * @rmtoll SYSCFG_MEMRMP MEM_MODE      LL_SYSCFG_SetRemapMemory
 464:Drivers/STM32WBxx_HAL_Driver/Inc/stm32wbxx_ll_system.h ****   * @param  Memory This parameter can be one of the following values:
 465:Drivers/STM32WBxx_HAL_Driver/Inc/stm32wbxx_ll_system.h ****   *         @arg @ref LL_SYSCFG_REMAP_FLASH
 466:Drivers/STM32WBxx_HAL_Driver/Inc/stm32wbxx_ll_system.h ****   *         @arg @ref LL_SYSCFG_REMAP_SYSTEMFLASH
 467:Drivers/STM32WBxx_HAL_Driver/Inc/stm32wbxx_ll_system.h ****   *         @arg @ref LL_SYSCFG_REMAP_SRAM
 468:Drivers/STM32WBxx_HAL_Driver/Inc/stm32wbxx_ll_system.h ****   *         @arg @ref LL_SYSCFG_REMAP_QUADSPI
 469:Drivers/STM32WBxx_HAL_Driver/Inc/stm32wbxx_ll_system.h ****   * @retval None
 470:Drivers/STM32WBxx_HAL_Driver/Inc/stm32wbxx_ll_system.h ****   */
 471:Drivers/STM32WBxx_HAL_Driver/Inc/stm32wbxx_ll_system.h **** __STATIC_INLINE void LL_SYSCFG_SetRemapMemory(uint32_t Memory)
 472:Drivers/STM32WBxx_HAL_Driver/Inc/stm32wbxx_ll_system.h **** {
 473:Drivers/STM32WBxx_HAL_Driver/Inc/stm32wbxx_ll_system.h ****   MODIFY_REG(SYSCFG->MEMRMP, SYSCFG_MEMRMP_MEM_MODE, Memory);
 474:Drivers/STM32WBxx_HAL_Driver/Inc/stm32wbxx_ll_system.h **** }
ARM GAS  C:\Users\843E~1\AppData\Local\Temp\ccnpSKQK.s 			page 42


 475:Drivers/STM32WBxx_HAL_Driver/Inc/stm32wbxx_ll_system.h **** 
 476:Drivers/STM32WBxx_HAL_Driver/Inc/stm32wbxx_ll_system.h **** /**
 477:Drivers/STM32WBxx_HAL_Driver/Inc/stm32wbxx_ll_system.h ****   * @brief  Get memory mapping at address 0x00000000
 478:Drivers/STM32WBxx_HAL_Driver/Inc/stm32wbxx_ll_system.h ****   * @rmtoll SYSCFG_MEMRMP MEM_MODE      LL_SYSCFG_GetRemapMemory
 479:Drivers/STM32WBxx_HAL_Driver/Inc/stm32wbxx_ll_system.h ****   * @retval Returned value can be one of the following values:
 480:Drivers/STM32WBxx_HAL_Driver/Inc/stm32wbxx_ll_system.h ****   *         @arg @ref LL_SYSCFG_REMAP_FLASH
 481:Drivers/STM32WBxx_HAL_Driver/Inc/stm32wbxx_ll_system.h ****   *         @arg @ref LL_SYSCFG_REMAP_SYSTEMFLASH
 482:Drivers/STM32WBxx_HAL_Driver/Inc/stm32wbxx_ll_system.h ****   *         @arg @ref LL_SYSCFG_REMAP_SRAM
 483:Drivers/STM32WBxx_HAL_Driver/Inc/stm32wbxx_ll_system.h ****   *         @arg @ref LL_SYSCFG_REMAP_QUADSPI
 484:Drivers/STM32WBxx_HAL_Driver/Inc/stm32wbxx_ll_system.h ****   */
 485:Drivers/STM32WBxx_HAL_Driver/Inc/stm32wbxx_ll_system.h **** __STATIC_INLINE uint32_t LL_SYSCFG_GetRemapMemory(void)
 486:Drivers/STM32WBxx_HAL_Driver/Inc/stm32wbxx_ll_system.h **** {
 487:Drivers/STM32WBxx_HAL_Driver/Inc/stm32wbxx_ll_system.h ****   return (uint32_t)(READ_BIT(SYSCFG->MEMRMP, SYSCFG_MEMRMP_MEM_MODE));
 488:Drivers/STM32WBxx_HAL_Driver/Inc/stm32wbxx_ll_system.h **** }
 489:Drivers/STM32WBxx_HAL_Driver/Inc/stm32wbxx_ll_system.h **** 
 490:Drivers/STM32WBxx_HAL_Driver/Inc/stm32wbxx_ll_system.h **** /**
 491:Drivers/STM32WBxx_HAL_Driver/Inc/stm32wbxx_ll_system.h ****   * @brief  Enable I/O analog switch voltage booster.
 492:Drivers/STM32WBxx_HAL_Driver/Inc/stm32wbxx_ll_system.h ****   * @note   When voltage booster is enabled, I/O analog switches are supplied
 493:Drivers/STM32WBxx_HAL_Driver/Inc/stm32wbxx_ll_system.h ****   *         by a dedicated voltage booster, from VDD power domain. This is
 494:Drivers/STM32WBxx_HAL_Driver/Inc/stm32wbxx_ll_system.h ****   *         the recommended configuration with low VDDA voltage operation.
 495:Drivers/STM32WBxx_HAL_Driver/Inc/stm32wbxx_ll_system.h ****   * @note   The I/O analog switch voltage booster is relevant for peripherals
 496:Drivers/STM32WBxx_HAL_Driver/Inc/stm32wbxx_ll_system.h ****   *         using I/O in analog input: ADC and COMP.
 497:Drivers/STM32WBxx_HAL_Driver/Inc/stm32wbxx_ll_system.h ****   *         However, COMP inputs have a high impedance and
 498:Drivers/STM32WBxx_HAL_Driver/Inc/stm32wbxx_ll_system.h ****   *         voltage booster do not impact performance significantly.
 499:Drivers/STM32WBxx_HAL_Driver/Inc/stm32wbxx_ll_system.h ****   *         Therefore, the voltage booster is mainly intended for
 500:Drivers/STM32WBxx_HAL_Driver/Inc/stm32wbxx_ll_system.h ****   *         usage with ADC.
 501:Drivers/STM32WBxx_HAL_Driver/Inc/stm32wbxx_ll_system.h ****   * @rmtoll SYSCFG_CFGR1 BOOSTEN       LL_SYSCFG_EnableAnalogBooster
 502:Drivers/STM32WBxx_HAL_Driver/Inc/stm32wbxx_ll_system.h ****   * @retval None
 503:Drivers/STM32WBxx_HAL_Driver/Inc/stm32wbxx_ll_system.h ****   */
 504:Drivers/STM32WBxx_HAL_Driver/Inc/stm32wbxx_ll_system.h **** __STATIC_INLINE void LL_SYSCFG_EnableAnalogBooster(void)
 505:Drivers/STM32WBxx_HAL_Driver/Inc/stm32wbxx_ll_system.h **** {
 506:Drivers/STM32WBxx_HAL_Driver/Inc/stm32wbxx_ll_system.h ****   SET_BIT(SYSCFG->CFGR1, SYSCFG_CFGR1_BOOSTEN);
 507:Drivers/STM32WBxx_HAL_Driver/Inc/stm32wbxx_ll_system.h **** }
 508:Drivers/STM32WBxx_HAL_Driver/Inc/stm32wbxx_ll_system.h **** 
 509:Drivers/STM32WBxx_HAL_Driver/Inc/stm32wbxx_ll_system.h **** /**
 510:Drivers/STM32WBxx_HAL_Driver/Inc/stm32wbxx_ll_system.h ****   * @brief  Disable I/O analog switch voltage booster.
 511:Drivers/STM32WBxx_HAL_Driver/Inc/stm32wbxx_ll_system.h ****   * @note   When voltage booster is enabled, I/O analog switches are supplied
 512:Drivers/STM32WBxx_HAL_Driver/Inc/stm32wbxx_ll_system.h ****   *         by a dedicated voltage booster, from VDD power domain. This is
 513:Drivers/STM32WBxx_HAL_Driver/Inc/stm32wbxx_ll_system.h ****   *         the recommended configuration with low VDDA voltage operation.
 514:Drivers/STM32WBxx_HAL_Driver/Inc/stm32wbxx_ll_system.h ****   * @note   The I/O analog switch voltage booster is relevant for peripherals
 515:Drivers/STM32WBxx_HAL_Driver/Inc/stm32wbxx_ll_system.h ****   *         using I/O in analog input: ADC and COMP.
 516:Drivers/STM32WBxx_HAL_Driver/Inc/stm32wbxx_ll_system.h ****   *         However, COMP inputs have a high impedance and
 517:Drivers/STM32WBxx_HAL_Driver/Inc/stm32wbxx_ll_system.h ****   *         voltage booster do not impact performance significantly.
 518:Drivers/STM32WBxx_HAL_Driver/Inc/stm32wbxx_ll_system.h ****   *         Therefore, the voltage booster is mainly intended for
 519:Drivers/STM32WBxx_HAL_Driver/Inc/stm32wbxx_ll_system.h ****   *         usage with ADC.
 520:Drivers/STM32WBxx_HAL_Driver/Inc/stm32wbxx_ll_system.h ****   * @rmtoll SYSCFG_CFGR1 BOOSTEN       LL_SYSCFG_DisableAnalogBooster
 521:Drivers/STM32WBxx_HAL_Driver/Inc/stm32wbxx_ll_system.h ****   * @retval None
 522:Drivers/STM32WBxx_HAL_Driver/Inc/stm32wbxx_ll_system.h ****   */
 523:Drivers/STM32WBxx_HAL_Driver/Inc/stm32wbxx_ll_system.h **** __STATIC_INLINE void LL_SYSCFG_DisableAnalogBooster(void)
 524:Drivers/STM32WBxx_HAL_Driver/Inc/stm32wbxx_ll_system.h **** {
 525:Drivers/STM32WBxx_HAL_Driver/Inc/stm32wbxx_ll_system.h ****   CLEAR_BIT(SYSCFG->CFGR1, SYSCFG_CFGR1_BOOSTEN);
 526:Drivers/STM32WBxx_HAL_Driver/Inc/stm32wbxx_ll_system.h **** }
 527:Drivers/STM32WBxx_HAL_Driver/Inc/stm32wbxx_ll_system.h **** 
 528:Drivers/STM32WBxx_HAL_Driver/Inc/stm32wbxx_ll_system.h **** #if defined(SYSCFG_CFGR1_ANASWVDD)
 529:Drivers/STM32WBxx_HAL_Driver/Inc/stm32wbxx_ll_system.h **** /**
 530:Drivers/STM32WBxx_HAL_Driver/Inc/stm32wbxx_ll_system.h ****   * @brief  Enable the Analog GPIO switch to control voltage selection
 531:Drivers/STM32WBxx_HAL_Driver/Inc/stm32wbxx_ll_system.h ****   *         when the supply voltage is supplied by VDDA
ARM GAS  C:\Users\843E~1\AppData\Local\Temp\ccnpSKQK.s 			page 43


 532:Drivers/STM32WBxx_HAL_Driver/Inc/stm32wbxx_ll_system.h ****   * @rmtoll SYSCFG_CFGR1   ANASWVDD   LL_SYSCFG_EnableAnalogGpioSwitch
 533:Drivers/STM32WBxx_HAL_Driver/Inc/stm32wbxx_ll_system.h ****   * @note   Activating the gpio switch enable IOs analog switches supplied by VDDA
 534:Drivers/STM32WBxx_HAL_Driver/Inc/stm32wbxx_ll_system.h ****   * @retval None
 535:Drivers/STM32WBxx_HAL_Driver/Inc/stm32wbxx_ll_system.h ****   */
 536:Drivers/STM32WBxx_HAL_Driver/Inc/stm32wbxx_ll_system.h **** __STATIC_INLINE void LL_SYSCFG_EnableAnalogGpioSwitch(void)
 537:Drivers/STM32WBxx_HAL_Driver/Inc/stm32wbxx_ll_system.h **** {
 538:Drivers/STM32WBxx_HAL_Driver/Inc/stm32wbxx_ll_system.h ****   SET_BIT(SYSCFG->CFGR1, SYSCFG_CFGR1_ANASWVDD);
 539:Drivers/STM32WBxx_HAL_Driver/Inc/stm32wbxx_ll_system.h **** }
 540:Drivers/STM32WBxx_HAL_Driver/Inc/stm32wbxx_ll_system.h **** 
 541:Drivers/STM32WBxx_HAL_Driver/Inc/stm32wbxx_ll_system.h **** /**
 542:Drivers/STM32WBxx_HAL_Driver/Inc/stm32wbxx_ll_system.h ****   * @brief  Disable the Analog GPIO switch to control voltage selection
 543:Drivers/STM32WBxx_HAL_Driver/Inc/stm32wbxx_ll_system.h ****   *         when the supply voltage is supplied by VDDA
 544:Drivers/STM32WBxx_HAL_Driver/Inc/stm32wbxx_ll_system.h ****   * @rmtoll SYSCFG_CFGR1   ANASWVDD   LL_SYSCFG_DisableAnalogGpioSwitch
 545:Drivers/STM32WBxx_HAL_Driver/Inc/stm32wbxx_ll_system.h ****   * @note   Activating the gpio switch enable IOs analog switches supplied by VDDA
 546:Drivers/STM32WBxx_HAL_Driver/Inc/stm32wbxx_ll_system.h ****   * @retval None
 547:Drivers/STM32WBxx_HAL_Driver/Inc/stm32wbxx_ll_system.h ****   */
 548:Drivers/STM32WBxx_HAL_Driver/Inc/stm32wbxx_ll_system.h **** __STATIC_INLINE void LL_SYSCFG_DisableAnalogGpioSwitch(void)
 549:Drivers/STM32WBxx_HAL_Driver/Inc/stm32wbxx_ll_system.h **** {
 550:Drivers/STM32WBxx_HAL_Driver/Inc/stm32wbxx_ll_system.h ****   CLEAR_BIT(SYSCFG->CFGR1, SYSCFG_CFGR1_ANASWVDD);
 551:Drivers/STM32WBxx_HAL_Driver/Inc/stm32wbxx_ll_system.h **** }
 552:Drivers/STM32WBxx_HAL_Driver/Inc/stm32wbxx_ll_system.h **** #endif /* SYSCFG_CFGR1_ANASWVDD */
 553:Drivers/STM32WBxx_HAL_Driver/Inc/stm32wbxx_ll_system.h **** 
 554:Drivers/STM32WBxx_HAL_Driver/Inc/stm32wbxx_ll_system.h **** /**
 555:Drivers/STM32WBxx_HAL_Driver/Inc/stm32wbxx_ll_system.h ****   * @brief  Enable the I2C fast mode plus driving capability.
 556:Drivers/STM32WBxx_HAL_Driver/Inc/stm32wbxx_ll_system.h ****   * @rmtoll SYSCFG_CFGR1 I2C_PBx_FMP   LL_SYSCFG_EnableFastModePlus\n
 557:Drivers/STM32WBxx_HAL_Driver/Inc/stm32wbxx_ll_system.h ****   *         SYSCFG_CFGR1 I2Cx_FMP      LL_SYSCFG_EnableFastModePlus
 558:Drivers/STM32WBxx_HAL_Driver/Inc/stm32wbxx_ll_system.h ****   * @param  ConfigFastModePlus This parameter can be a combination of the following values:
 559:Drivers/STM32WBxx_HAL_Driver/Inc/stm32wbxx_ll_system.h ****   *         @arg @ref LL_SYSCFG_I2C_FASTMODEPLUS_PB6
 560:Drivers/STM32WBxx_HAL_Driver/Inc/stm32wbxx_ll_system.h ****   *         @arg @ref LL_SYSCFG_I2C_FASTMODEPLUS_PB7
 561:Drivers/STM32WBxx_HAL_Driver/Inc/stm32wbxx_ll_system.h ****   *         @arg @ref LL_SYSCFG_I2C_FASTMODEPLUS_PB8
 562:Drivers/STM32WBxx_HAL_Driver/Inc/stm32wbxx_ll_system.h ****   *         @arg @ref LL_SYSCFG_I2C_FASTMODEPLUS_PB9
 563:Drivers/STM32WBxx_HAL_Driver/Inc/stm32wbxx_ll_system.h ****   *         @arg @ref LL_SYSCFG_I2C_FASTMODEPLUS_I2C1
 564:Drivers/STM32WBxx_HAL_Driver/Inc/stm32wbxx_ll_system.h ****   *         @arg @ref LL_SYSCFG_I2C_FASTMODEPLUS_I2C3
 565:Drivers/STM32WBxx_HAL_Driver/Inc/stm32wbxx_ll_system.h ****   * @retval None
 566:Drivers/STM32WBxx_HAL_Driver/Inc/stm32wbxx_ll_system.h ****   */
 567:Drivers/STM32WBxx_HAL_Driver/Inc/stm32wbxx_ll_system.h **** __STATIC_INLINE void LL_SYSCFG_EnableFastModePlus(uint32_t ConfigFastModePlus)
 568:Drivers/STM32WBxx_HAL_Driver/Inc/stm32wbxx_ll_system.h **** {
 569:Drivers/STM32WBxx_HAL_Driver/Inc/stm32wbxx_ll_system.h ****   SET_BIT(SYSCFG->CFGR1, ConfigFastModePlus);
 570:Drivers/STM32WBxx_HAL_Driver/Inc/stm32wbxx_ll_system.h **** }
 571:Drivers/STM32WBxx_HAL_Driver/Inc/stm32wbxx_ll_system.h **** 
 572:Drivers/STM32WBxx_HAL_Driver/Inc/stm32wbxx_ll_system.h **** /**
 573:Drivers/STM32WBxx_HAL_Driver/Inc/stm32wbxx_ll_system.h ****   * @brief  Disable the I2C fast mode plus driving capability.
 574:Drivers/STM32WBxx_HAL_Driver/Inc/stm32wbxx_ll_system.h ****   * @rmtoll SYSCFG_CFGR1 I2C_PBx_FMP   LL_SYSCFG_DisableFastModePlus\n
 575:Drivers/STM32WBxx_HAL_Driver/Inc/stm32wbxx_ll_system.h ****   *         SYSCFG_CFGR1 I2Cx_FMP      LL_SYSCFG_DisableFastModePlus
 576:Drivers/STM32WBxx_HAL_Driver/Inc/stm32wbxx_ll_system.h ****   * @param  ConfigFastModePlus This parameter can be a combination of the following values:
 577:Drivers/STM32WBxx_HAL_Driver/Inc/stm32wbxx_ll_system.h ****   *         @arg @ref LL_SYSCFG_I2C_FASTMODEPLUS_PB6
 578:Drivers/STM32WBxx_HAL_Driver/Inc/stm32wbxx_ll_system.h ****   *         @arg @ref LL_SYSCFG_I2C_FASTMODEPLUS_PB7
 579:Drivers/STM32WBxx_HAL_Driver/Inc/stm32wbxx_ll_system.h ****   *         @arg @ref LL_SYSCFG_I2C_FASTMODEPLUS_PB8
 580:Drivers/STM32WBxx_HAL_Driver/Inc/stm32wbxx_ll_system.h ****   *         @arg @ref LL_SYSCFG_I2C_FASTMODEPLUS_PB9
 581:Drivers/STM32WBxx_HAL_Driver/Inc/stm32wbxx_ll_system.h ****   *         @arg @ref LL_SYSCFG_I2C_FASTMODEPLUS_I2C1
 582:Drivers/STM32WBxx_HAL_Driver/Inc/stm32wbxx_ll_system.h ****   *         @arg @ref LL_SYSCFG_I2C_FASTMODEPLUS_I2C3
 583:Drivers/STM32WBxx_HAL_Driver/Inc/stm32wbxx_ll_system.h ****   * @retval None
 584:Drivers/STM32WBxx_HAL_Driver/Inc/stm32wbxx_ll_system.h ****   */
 585:Drivers/STM32WBxx_HAL_Driver/Inc/stm32wbxx_ll_system.h **** __STATIC_INLINE void LL_SYSCFG_DisableFastModePlus(uint32_t ConfigFastModePlus)
 586:Drivers/STM32WBxx_HAL_Driver/Inc/stm32wbxx_ll_system.h **** {
 587:Drivers/STM32WBxx_HAL_Driver/Inc/stm32wbxx_ll_system.h ****   CLEAR_BIT(SYSCFG->CFGR1, ConfigFastModePlus);
 588:Drivers/STM32WBxx_HAL_Driver/Inc/stm32wbxx_ll_system.h **** }
ARM GAS  C:\Users\843E~1\AppData\Local\Temp\ccnpSKQK.s 			page 44


 589:Drivers/STM32WBxx_HAL_Driver/Inc/stm32wbxx_ll_system.h **** 
 590:Drivers/STM32WBxx_HAL_Driver/Inc/stm32wbxx_ll_system.h **** /**
 591:Drivers/STM32WBxx_HAL_Driver/Inc/stm32wbxx_ll_system.h ****   * @brief  Enable Floating Point Unit Invalid operation Interrupt
 592:Drivers/STM32WBxx_HAL_Driver/Inc/stm32wbxx_ll_system.h ****   * @rmtoll SYSCFG_CFGR1 FPU_IE_0      LL_SYSCFG_EnableIT_FPU_IOC
 593:Drivers/STM32WBxx_HAL_Driver/Inc/stm32wbxx_ll_system.h ****   * @retval None
 594:Drivers/STM32WBxx_HAL_Driver/Inc/stm32wbxx_ll_system.h ****   */
 595:Drivers/STM32WBxx_HAL_Driver/Inc/stm32wbxx_ll_system.h **** __STATIC_INLINE void LL_SYSCFG_EnableIT_FPU_IOC(void)
 596:Drivers/STM32WBxx_HAL_Driver/Inc/stm32wbxx_ll_system.h **** {
 597:Drivers/STM32WBxx_HAL_Driver/Inc/stm32wbxx_ll_system.h ****   SET_BIT(SYSCFG->CFGR1, SYSCFG_CFGR1_FPU_IE_0);
 598:Drivers/STM32WBxx_HAL_Driver/Inc/stm32wbxx_ll_system.h **** }
 599:Drivers/STM32WBxx_HAL_Driver/Inc/stm32wbxx_ll_system.h **** 
 600:Drivers/STM32WBxx_HAL_Driver/Inc/stm32wbxx_ll_system.h **** /**
 601:Drivers/STM32WBxx_HAL_Driver/Inc/stm32wbxx_ll_system.h ****   * @brief  Enable Floating Point Unit Divide-by-zero Interrupt
 602:Drivers/STM32WBxx_HAL_Driver/Inc/stm32wbxx_ll_system.h ****   * @rmtoll SYSCFG_CFGR1 FPU_IE_1      LL_SYSCFG_EnableIT_FPU_DZC
 603:Drivers/STM32WBxx_HAL_Driver/Inc/stm32wbxx_ll_system.h ****   * @retval None
 604:Drivers/STM32WBxx_HAL_Driver/Inc/stm32wbxx_ll_system.h ****   */
 605:Drivers/STM32WBxx_HAL_Driver/Inc/stm32wbxx_ll_system.h **** __STATIC_INLINE void LL_SYSCFG_EnableIT_FPU_DZC(void)
 606:Drivers/STM32WBxx_HAL_Driver/Inc/stm32wbxx_ll_system.h **** {
 607:Drivers/STM32WBxx_HAL_Driver/Inc/stm32wbxx_ll_system.h ****   SET_BIT(SYSCFG->CFGR1, SYSCFG_CFGR1_FPU_IE_1);
 608:Drivers/STM32WBxx_HAL_Driver/Inc/stm32wbxx_ll_system.h **** }
 609:Drivers/STM32WBxx_HAL_Driver/Inc/stm32wbxx_ll_system.h **** 
 610:Drivers/STM32WBxx_HAL_Driver/Inc/stm32wbxx_ll_system.h **** /**
 611:Drivers/STM32WBxx_HAL_Driver/Inc/stm32wbxx_ll_system.h ****   * @brief  Enable Floating Point Unit Underflow Interrupt
 612:Drivers/STM32WBxx_HAL_Driver/Inc/stm32wbxx_ll_system.h ****   * @rmtoll SYSCFG_CFGR1 FPU_IE_2      LL_SYSCFG_EnableIT_FPU_UFC
 613:Drivers/STM32WBxx_HAL_Driver/Inc/stm32wbxx_ll_system.h ****   * @retval None
 614:Drivers/STM32WBxx_HAL_Driver/Inc/stm32wbxx_ll_system.h ****   */
 615:Drivers/STM32WBxx_HAL_Driver/Inc/stm32wbxx_ll_system.h **** __STATIC_INLINE void LL_SYSCFG_EnableIT_FPU_UFC(void)
 616:Drivers/STM32WBxx_HAL_Driver/Inc/stm32wbxx_ll_system.h **** {
 617:Drivers/STM32WBxx_HAL_Driver/Inc/stm32wbxx_ll_system.h ****   SET_BIT(SYSCFG->CFGR1, SYSCFG_CFGR1_FPU_IE_2);
 618:Drivers/STM32WBxx_HAL_Driver/Inc/stm32wbxx_ll_system.h **** }
 619:Drivers/STM32WBxx_HAL_Driver/Inc/stm32wbxx_ll_system.h **** 
 620:Drivers/STM32WBxx_HAL_Driver/Inc/stm32wbxx_ll_system.h **** /**
 621:Drivers/STM32WBxx_HAL_Driver/Inc/stm32wbxx_ll_system.h ****   * @brief  Enable Floating Point Unit Overflow Interrupt
 622:Drivers/STM32WBxx_HAL_Driver/Inc/stm32wbxx_ll_system.h ****   * @rmtoll SYSCFG_CFGR1 FPU_IE_3      LL_SYSCFG_EnableIT_FPU_OFC
 623:Drivers/STM32WBxx_HAL_Driver/Inc/stm32wbxx_ll_system.h ****   * @retval None
 624:Drivers/STM32WBxx_HAL_Driver/Inc/stm32wbxx_ll_system.h ****   */
 625:Drivers/STM32WBxx_HAL_Driver/Inc/stm32wbxx_ll_system.h **** __STATIC_INLINE void LL_SYSCFG_EnableIT_FPU_OFC(void)
 626:Drivers/STM32WBxx_HAL_Driver/Inc/stm32wbxx_ll_system.h **** {
 627:Drivers/STM32WBxx_HAL_Driver/Inc/stm32wbxx_ll_system.h ****   SET_BIT(SYSCFG->CFGR1, SYSCFG_CFGR1_FPU_IE_3);
 628:Drivers/STM32WBxx_HAL_Driver/Inc/stm32wbxx_ll_system.h **** }
 629:Drivers/STM32WBxx_HAL_Driver/Inc/stm32wbxx_ll_system.h **** 
 630:Drivers/STM32WBxx_HAL_Driver/Inc/stm32wbxx_ll_system.h **** /**
 631:Drivers/STM32WBxx_HAL_Driver/Inc/stm32wbxx_ll_system.h ****   * @brief  Enable Floating Point Unit Input denormal Interrupt
 632:Drivers/STM32WBxx_HAL_Driver/Inc/stm32wbxx_ll_system.h ****   * @rmtoll SYSCFG_CFGR1 FPU_IE_4      LL_SYSCFG_EnableIT_FPU_IDC
 633:Drivers/STM32WBxx_HAL_Driver/Inc/stm32wbxx_ll_system.h ****   * @retval None
 634:Drivers/STM32WBxx_HAL_Driver/Inc/stm32wbxx_ll_system.h ****   */
 635:Drivers/STM32WBxx_HAL_Driver/Inc/stm32wbxx_ll_system.h **** __STATIC_INLINE void LL_SYSCFG_EnableIT_FPU_IDC(void)
 636:Drivers/STM32WBxx_HAL_Driver/Inc/stm32wbxx_ll_system.h **** {
 637:Drivers/STM32WBxx_HAL_Driver/Inc/stm32wbxx_ll_system.h ****   SET_BIT(SYSCFG->CFGR1, SYSCFG_CFGR1_FPU_IE_4);
 638:Drivers/STM32WBxx_HAL_Driver/Inc/stm32wbxx_ll_system.h **** }
 639:Drivers/STM32WBxx_HAL_Driver/Inc/stm32wbxx_ll_system.h **** 
 640:Drivers/STM32WBxx_HAL_Driver/Inc/stm32wbxx_ll_system.h **** /**
 641:Drivers/STM32WBxx_HAL_Driver/Inc/stm32wbxx_ll_system.h ****   * @brief  Enable Floating Point Unit Inexact Interrupt
 642:Drivers/STM32WBxx_HAL_Driver/Inc/stm32wbxx_ll_system.h ****   * @rmtoll SYSCFG_CFGR1 FPU_IE_5      LL_SYSCFG_EnableIT_FPU_IXC
 643:Drivers/STM32WBxx_HAL_Driver/Inc/stm32wbxx_ll_system.h ****   * @retval None
 644:Drivers/STM32WBxx_HAL_Driver/Inc/stm32wbxx_ll_system.h ****   */
 645:Drivers/STM32WBxx_HAL_Driver/Inc/stm32wbxx_ll_system.h **** __STATIC_INLINE void LL_SYSCFG_EnableIT_FPU_IXC(void)
ARM GAS  C:\Users\843E~1\AppData\Local\Temp\ccnpSKQK.s 			page 45


 646:Drivers/STM32WBxx_HAL_Driver/Inc/stm32wbxx_ll_system.h **** {
 647:Drivers/STM32WBxx_HAL_Driver/Inc/stm32wbxx_ll_system.h ****   SET_BIT(SYSCFG->CFGR1, SYSCFG_CFGR1_FPU_IE_5);
 648:Drivers/STM32WBxx_HAL_Driver/Inc/stm32wbxx_ll_system.h **** }
 649:Drivers/STM32WBxx_HAL_Driver/Inc/stm32wbxx_ll_system.h **** 
 650:Drivers/STM32WBxx_HAL_Driver/Inc/stm32wbxx_ll_system.h **** /**
 651:Drivers/STM32WBxx_HAL_Driver/Inc/stm32wbxx_ll_system.h ****   * @brief  Disable Floating Point Unit Invalid operation Interrupt
 652:Drivers/STM32WBxx_HAL_Driver/Inc/stm32wbxx_ll_system.h ****   * @rmtoll SYSCFG_CFGR1 FPU_IE_0      LL_SYSCFG_DisableIT_FPU_IOC
 653:Drivers/STM32WBxx_HAL_Driver/Inc/stm32wbxx_ll_system.h ****   * @retval None
 654:Drivers/STM32WBxx_HAL_Driver/Inc/stm32wbxx_ll_system.h ****   */
 655:Drivers/STM32WBxx_HAL_Driver/Inc/stm32wbxx_ll_system.h **** __STATIC_INLINE void LL_SYSCFG_DisableIT_FPU_IOC(void)
 656:Drivers/STM32WBxx_HAL_Driver/Inc/stm32wbxx_ll_system.h **** {
 657:Drivers/STM32WBxx_HAL_Driver/Inc/stm32wbxx_ll_system.h ****   CLEAR_BIT(SYSCFG->CFGR1, SYSCFG_CFGR1_FPU_IE_0);
 658:Drivers/STM32WBxx_HAL_Driver/Inc/stm32wbxx_ll_system.h **** }
 659:Drivers/STM32WBxx_HAL_Driver/Inc/stm32wbxx_ll_system.h **** 
 660:Drivers/STM32WBxx_HAL_Driver/Inc/stm32wbxx_ll_system.h **** /**
 661:Drivers/STM32WBxx_HAL_Driver/Inc/stm32wbxx_ll_system.h ****   * @brief  Disable Floating Point Unit Divide-by-zero Interrupt
 662:Drivers/STM32WBxx_HAL_Driver/Inc/stm32wbxx_ll_system.h ****   * @rmtoll SYSCFG_CFGR1 FPU_IE_1      LL_SYSCFG_DisableIT_FPU_DZC
 663:Drivers/STM32WBxx_HAL_Driver/Inc/stm32wbxx_ll_system.h ****   * @retval None
 664:Drivers/STM32WBxx_HAL_Driver/Inc/stm32wbxx_ll_system.h ****   */
 665:Drivers/STM32WBxx_HAL_Driver/Inc/stm32wbxx_ll_system.h **** __STATIC_INLINE void LL_SYSCFG_DisableIT_FPU_DZC(void)
 666:Drivers/STM32WBxx_HAL_Driver/Inc/stm32wbxx_ll_system.h **** {
 667:Drivers/STM32WBxx_HAL_Driver/Inc/stm32wbxx_ll_system.h ****   CLEAR_BIT(SYSCFG->CFGR1, SYSCFG_CFGR1_FPU_IE_1);
 668:Drivers/STM32WBxx_HAL_Driver/Inc/stm32wbxx_ll_system.h **** }
 669:Drivers/STM32WBxx_HAL_Driver/Inc/stm32wbxx_ll_system.h **** 
 670:Drivers/STM32WBxx_HAL_Driver/Inc/stm32wbxx_ll_system.h **** /**
 671:Drivers/STM32WBxx_HAL_Driver/Inc/stm32wbxx_ll_system.h ****   * @brief  Disable Floating Point Unit Underflow Interrupt
 672:Drivers/STM32WBxx_HAL_Driver/Inc/stm32wbxx_ll_system.h ****   * @rmtoll SYSCFG_CFGR1 FPU_IE_2      LL_SYSCFG_DisableIT_FPU_UFC
 673:Drivers/STM32WBxx_HAL_Driver/Inc/stm32wbxx_ll_system.h ****   * @retval None
 674:Drivers/STM32WBxx_HAL_Driver/Inc/stm32wbxx_ll_system.h ****   */
 675:Drivers/STM32WBxx_HAL_Driver/Inc/stm32wbxx_ll_system.h **** __STATIC_INLINE void LL_SYSCFG_DisableIT_FPU_UFC(void)
 676:Drivers/STM32WBxx_HAL_Driver/Inc/stm32wbxx_ll_system.h **** {
 677:Drivers/STM32WBxx_HAL_Driver/Inc/stm32wbxx_ll_system.h ****   CLEAR_BIT(SYSCFG->CFGR1, SYSCFG_CFGR1_FPU_IE_2);
 678:Drivers/STM32WBxx_HAL_Driver/Inc/stm32wbxx_ll_system.h **** }
 679:Drivers/STM32WBxx_HAL_Driver/Inc/stm32wbxx_ll_system.h **** 
 680:Drivers/STM32WBxx_HAL_Driver/Inc/stm32wbxx_ll_system.h **** /**
 681:Drivers/STM32WBxx_HAL_Driver/Inc/stm32wbxx_ll_system.h ****   * @brief  Disable Floating Point Unit Overflow Interrupt
 682:Drivers/STM32WBxx_HAL_Driver/Inc/stm32wbxx_ll_system.h ****   * @rmtoll SYSCFG_CFGR1 FPU_IE_3      LL_SYSCFG_DisableIT_FPU_OFC
 683:Drivers/STM32WBxx_HAL_Driver/Inc/stm32wbxx_ll_system.h ****   * @retval None
 684:Drivers/STM32WBxx_HAL_Driver/Inc/stm32wbxx_ll_system.h ****   */
 685:Drivers/STM32WBxx_HAL_Driver/Inc/stm32wbxx_ll_system.h **** __STATIC_INLINE void LL_SYSCFG_DisableIT_FPU_OFC(void)
 686:Drivers/STM32WBxx_HAL_Driver/Inc/stm32wbxx_ll_system.h **** {
 687:Drivers/STM32WBxx_HAL_Driver/Inc/stm32wbxx_ll_system.h ****   CLEAR_BIT(SYSCFG->CFGR1, SYSCFG_CFGR1_FPU_IE_3);
 688:Drivers/STM32WBxx_HAL_Driver/Inc/stm32wbxx_ll_system.h **** }
 689:Drivers/STM32WBxx_HAL_Driver/Inc/stm32wbxx_ll_system.h **** 
 690:Drivers/STM32WBxx_HAL_Driver/Inc/stm32wbxx_ll_system.h **** /**
 691:Drivers/STM32WBxx_HAL_Driver/Inc/stm32wbxx_ll_system.h ****   * @brief  Disable Floating Point Unit Input denormal Interrupt
 692:Drivers/STM32WBxx_HAL_Driver/Inc/stm32wbxx_ll_system.h ****   * @rmtoll SYSCFG_CFGR1 FPU_IE_4      LL_SYSCFG_DisableIT_FPU_IDC
 693:Drivers/STM32WBxx_HAL_Driver/Inc/stm32wbxx_ll_system.h ****   * @retval None
 694:Drivers/STM32WBxx_HAL_Driver/Inc/stm32wbxx_ll_system.h ****   */
 695:Drivers/STM32WBxx_HAL_Driver/Inc/stm32wbxx_ll_system.h **** __STATIC_INLINE void LL_SYSCFG_DisableIT_FPU_IDC(void)
 696:Drivers/STM32WBxx_HAL_Driver/Inc/stm32wbxx_ll_system.h **** {
 697:Drivers/STM32WBxx_HAL_Driver/Inc/stm32wbxx_ll_system.h ****   CLEAR_BIT(SYSCFG->CFGR1, SYSCFG_CFGR1_FPU_IE_4);
 698:Drivers/STM32WBxx_HAL_Driver/Inc/stm32wbxx_ll_system.h **** }
 699:Drivers/STM32WBxx_HAL_Driver/Inc/stm32wbxx_ll_system.h **** 
 700:Drivers/STM32WBxx_HAL_Driver/Inc/stm32wbxx_ll_system.h **** /**
 701:Drivers/STM32WBxx_HAL_Driver/Inc/stm32wbxx_ll_system.h ****   * @brief  Disable Floating Point Unit Inexact Interrupt
 702:Drivers/STM32WBxx_HAL_Driver/Inc/stm32wbxx_ll_system.h ****   * @rmtoll SYSCFG_CFGR1 FPU_IE_5      LL_SYSCFG_DisableIT_FPU_IXC
ARM GAS  C:\Users\843E~1\AppData\Local\Temp\ccnpSKQK.s 			page 46


 703:Drivers/STM32WBxx_HAL_Driver/Inc/stm32wbxx_ll_system.h ****   * @retval None
 704:Drivers/STM32WBxx_HAL_Driver/Inc/stm32wbxx_ll_system.h ****   */
 705:Drivers/STM32WBxx_HAL_Driver/Inc/stm32wbxx_ll_system.h **** __STATIC_INLINE void LL_SYSCFG_DisableIT_FPU_IXC(void)
 706:Drivers/STM32WBxx_HAL_Driver/Inc/stm32wbxx_ll_system.h **** {
 707:Drivers/STM32WBxx_HAL_Driver/Inc/stm32wbxx_ll_system.h ****   CLEAR_BIT(SYSCFG->CFGR1, SYSCFG_CFGR1_FPU_IE_5);
 708:Drivers/STM32WBxx_HAL_Driver/Inc/stm32wbxx_ll_system.h **** }
 709:Drivers/STM32WBxx_HAL_Driver/Inc/stm32wbxx_ll_system.h **** 
 710:Drivers/STM32WBxx_HAL_Driver/Inc/stm32wbxx_ll_system.h **** /**
 711:Drivers/STM32WBxx_HAL_Driver/Inc/stm32wbxx_ll_system.h ****   * @brief  Check if Floating Point Unit Invalid operation Interrupt source is enabled or disabled.
 712:Drivers/STM32WBxx_HAL_Driver/Inc/stm32wbxx_ll_system.h ****   * @rmtoll SYSCFG_CFGR1 FPU_IE_0      LL_SYSCFG_IsEnabledIT_FPU_IOC
 713:Drivers/STM32WBxx_HAL_Driver/Inc/stm32wbxx_ll_system.h ****   * @retval State of bit (1 or 0).
 714:Drivers/STM32WBxx_HAL_Driver/Inc/stm32wbxx_ll_system.h ****   */
 715:Drivers/STM32WBxx_HAL_Driver/Inc/stm32wbxx_ll_system.h **** __STATIC_INLINE uint32_t LL_SYSCFG_IsEnabledIT_FPU_IOC(void)
 716:Drivers/STM32WBxx_HAL_Driver/Inc/stm32wbxx_ll_system.h **** {
 717:Drivers/STM32WBxx_HAL_Driver/Inc/stm32wbxx_ll_system.h ****   return ((READ_BIT(SYSCFG->CFGR1, SYSCFG_CFGR1_FPU_IE_0) == (SYSCFG_CFGR1_FPU_IE_0)) ? 1UL : 0UL);
 718:Drivers/STM32WBxx_HAL_Driver/Inc/stm32wbxx_ll_system.h **** }
 719:Drivers/STM32WBxx_HAL_Driver/Inc/stm32wbxx_ll_system.h **** 
 720:Drivers/STM32WBxx_HAL_Driver/Inc/stm32wbxx_ll_system.h **** /**
 721:Drivers/STM32WBxx_HAL_Driver/Inc/stm32wbxx_ll_system.h ****   * @brief  Check if Floating Point Unit Divide-by-zero Interrupt source is enabled or disabled.
 722:Drivers/STM32WBxx_HAL_Driver/Inc/stm32wbxx_ll_system.h ****   * @rmtoll SYSCFG_CFGR1 FPU_IE_1      LL_SYSCFG_IsEnabledIT_FPU_DZC
 723:Drivers/STM32WBxx_HAL_Driver/Inc/stm32wbxx_ll_system.h ****   * @retval State of bit (1 or 0).
 724:Drivers/STM32WBxx_HAL_Driver/Inc/stm32wbxx_ll_system.h ****   */
 725:Drivers/STM32WBxx_HAL_Driver/Inc/stm32wbxx_ll_system.h **** __STATIC_INLINE uint32_t LL_SYSCFG_IsEnabledIT_FPU_DZC(void)
 726:Drivers/STM32WBxx_HAL_Driver/Inc/stm32wbxx_ll_system.h **** {
 727:Drivers/STM32WBxx_HAL_Driver/Inc/stm32wbxx_ll_system.h ****   return ((READ_BIT(SYSCFG->CFGR1, SYSCFG_CFGR1_FPU_IE_1) == (SYSCFG_CFGR1_FPU_IE_1)) ? 1UL : 0UL);
 728:Drivers/STM32WBxx_HAL_Driver/Inc/stm32wbxx_ll_system.h **** }
 729:Drivers/STM32WBxx_HAL_Driver/Inc/stm32wbxx_ll_system.h **** 
 730:Drivers/STM32WBxx_HAL_Driver/Inc/stm32wbxx_ll_system.h **** /**
 731:Drivers/STM32WBxx_HAL_Driver/Inc/stm32wbxx_ll_system.h ****   * @brief  Check if Floating Point Unit Underflow Interrupt source is enabled or disabled.
 732:Drivers/STM32WBxx_HAL_Driver/Inc/stm32wbxx_ll_system.h ****   * @rmtoll SYSCFG_CFGR1 FPU_IE_2      LL_SYSCFG_IsEnabledIT_FPU_UFC
 733:Drivers/STM32WBxx_HAL_Driver/Inc/stm32wbxx_ll_system.h ****   * @retval State of bit (1 or 0).
 734:Drivers/STM32WBxx_HAL_Driver/Inc/stm32wbxx_ll_system.h ****   */
 735:Drivers/STM32WBxx_HAL_Driver/Inc/stm32wbxx_ll_system.h **** __STATIC_INLINE uint32_t LL_SYSCFG_IsEnabledIT_FPU_UFC(void)
 736:Drivers/STM32WBxx_HAL_Driver/Inc/stm32wbxx_ll_system.h **** {
 737:Drivers/STM32WBxx_HAL_Driver/Inc/stm32wbxx_ll_system.h ****   return ((READ_BIT(SYSCFG->CFGR1, SYSCFG_CFGR1_FPU_IE_2) == (SYSCFG_CFGR1_FPU_IE_2)) ? 1UL : 0UL);
 738:Drivers/STM32WBxx_HAL_Driver/Inc/stm32wbxx_ll_system.h **** }
 739:Drivers/STM32WBxx_HAL_Driver/Inc/stm32wbxx_ll_system.h **** 
 740:Drivers/STM32WBxx_HAL_Driver/Inc/stm32wbxx_ll_system.h **** /**
 741:Drivers/STM32WBxx_HAL_Driver/Inc/stm32wbxx_ll_system.h ****   * @brief  Check if Floating Point Unit Overflow Interrupt source is enabled or disabled.
 742:Drivers/STM32WBxx_HAL_Driver/Inc/stm32wbxx_ll_system.h ****   * @rmtoll SYSCFG_CFGR1 FPU_IE_3      LL_SYSCFG_IsEnabledIT_FPU_OFC
 743:Drivers/STM32WBxx_HAL_Driver/Inc/stm32wbxx_ll_system.h ****   * @retval State of bit (1 or 0).
 744:Drivers/STM32WBxx_HAL_Driver/Inc/stm32wbxx_ll_system.h ****   */
 745:Drivers/STM32WBxx_HAL_Driver/Inc/stm32wbxx_ll_system.h **** __STATIC_INLINE uint32_t LL_SYSCFG_IsEnabledIT_FPU_OFC(void)
 746:Drivers/STM32WBxx_HAL_Driver/Inc/stm32wbxx_ll_system.h **** {
 747:Drivers/STM32WBxx_HAL_Driver/Inc/stm32wbxx_ll_system.h ****   return ((READ_BIT(SYSCFG->CFGR1, SYSCFG_CFGR1_FPU_IE_3) == (SYSCFG_CFGR1_FPU_IE_3)) ? 1UL : 0UL);
 748:Drivers/STM32WBxx_HAL_Driver/Inc/stm32wbxx_ll_system.h **** }
 749:Drivers/STM32WBxx_HAL_Driver/Inc/stm32wbxx_ll_system.h **** 
 750:Drivers/STM32WBxx_HAL_Driver/Inc/stm32wbxx_ll_system.h **** /**
 751:Drivers/STM32WBxx_HAL_Driver/Inc/stm32wbxx_ll_system.h ****   * @brief  Check if Floating Point Unit Input denormal Interrupt source is enabled or disabled.
 752:Drivers/STM32WBxx_HAL_Driver/Inc/stm32wbxx_ll_system.h ****   * @rmtoll SYSCFG_CFGR1 FPU_IE_4      LL_SYSCFG_IsEnabledIT_FPU_IDC
 753:Drivers/STM32WBxx_HAL_Driver/Inc/stm32wbxx_ll_system.h ****   * @retval State of bit (1 or 0).
 754:Drivers/STM32WBxx_HAL_Driver/Inc/stm32wbxx_ll_system.h ****   */
 755:Drivers/STM32WBxx_HAL_Driver/Inc/stm32wbxx_ll_system.h **** __STATIC_INLINE uint32_t LL_SYSCFG_IsEnabledIT_FPU_IDC(void)
 756:Drivers/STM32WBxx_HAL_Driver/Inc/stm32wbxx_ll_system.h **** {
 757:Drivers/STM32WBxx_HAL_Driver/Inc/stm32wbxx_ll_system.h ****   return ((READ_BIT(SYSCFG->CFGR1, SYSCFG_CFGR1_FPU_IE_4) == (SYSCFG_CFGR1_FPU_IE_4)) ? 1UL : 0UL);
 758:Drivers/STM32WBxx_HAL_Driver/Inc/stm32wbxx_ll_system.h **** }
 759:Drivers/STM32WBxx_HAL_Driver/Inc/stm32wbxx_ll_system.h **** 
ARM GAS  C:\Users\843E~1\AppData\Local\Temp\ccnpSKQK.s 			page 47


 760:Drivers/STM32WBxx_HAL_Driver/Inc/stm32wbxx_ll_system.h **** /**
 761:Drivers/STM32WBxx_HAL_Driver/Inc/stm32wbxx_ll_system.h ****   * @brief  Check if Floating Point Unit Inexact Interrupt source is enabled or disabled.
 762:Drivers/STM32WBxx_HAL_Driver/Inc/stm32wbxx_ll_system.h ****   * @rmtoll SYSCFG_CFGR1 FPU_IE_5      LL_SYSCFG_IsEnabledIT_FPU_IXC
 763:Drivers/STM32WBxx_HAL_Driver/Inc/stm32wbxx_ll_system.h ****   * @retval State of bit (1 or 0).
 764:Drivers/STM32WBxx_HAL_Driver/Inc/stm32wbxx_ll_system.h ****   */
 765:Drivers/STM32WBxx_HAL_Driver/Inc/stm32wbxx_ll_system.h **** __STATIC_INLINE uint32_t LL_SYSCFG_IsEnabledIT_FPU_IXC(void)
 766:Drivers/STM32WBxx_HAL_Driver/Inc/stm32wbxx_ll_system.h **** {
 767:Drivers/STM32WBxx_HAL_Driver/Inc/stm32wbxx_ll_system.h ****   return ((READ_BIT(SYSCFG->CFGR1, SYSCFG_CFGR1_FPU_IE_5) == (SYSCFG_CFGR1_FPU_IE_5)) ? 1UL : 0UL);
 768:Drivers/STM32WBxx_HAL_Driver/Inc/stm32wbxx_ll_system.h **** }
 769:Drivers/STM32WBxx_HAL_Driver/Inc/stm32wbxx_ll_system.h **** 
 770:Drivers/STM32WBxx_HAL_Driver/Inc/stm32wbxx_ll_system.h **** 
 771:Drivers/STM32WBxx_HAL_Driver/Inc/stm32wbxx_ll_system.h **** /**
 772:Drivers/STM32WBxx_HAL_Driver/Inc/stm32wbxx_ll_system.h ****   * @brief  Configure source input for the EXTI external interrupt.
 773:Drivers/STM32WBxx_HAL_Driver/Inc/stm32wbxx_ll_system.h ****   * @rmtoll SYSCFG_EXTICR1 EXTIx         LL_SYSCFG_SetEXTISource\n
 774:Drivers/STM32WBxx_HAL_Driver/Inc/stm32wbxx_ll_system.h ****   *         SYSCFG_EXTICR2 EXTIx         LL_SYSCFG_SetEXTISource\n
 775:Drivers/STM32WBxx_HAL_Driver/Inc/stm32wbxx_ll_system.h ****   *         SYSCFG_EXTICR3 EXTIx         LL_SYSCFG_SetEXTISource\n
 776:Drivers/STM32WBxx_HAL_Driver/Inc/stm32wbxx_ll_system.h ****   *         SYSCFG_EXTICR4 EXTIx         LL_SYSCFG_SetEXTISource
 777:Drivers/STM32WBxx_HAL_Driver/Inc/stm32wbxx_ll_system.h ****   * @param  Port This parameter can be one of the following values:
 778:Drivers/STM32WBxx_HAL_Driver/Inc/stm32wbxx_ll_system.h ****   *         @arg @ref LL_SYSCFG_EXTI_PORTA
 779:Drivers/STM32WBxx_HAL_Driver/Inc/stm32wbxx_ll_system.h ****   *         @arg @ref LL_SYSCFG_EXTI_PORTB
 780:Drivers/STM32WBxx_HAL_Driver/Inc/stm32wbxx_ll_system.h ****   *         @arg @ref LL_SYSCFG_EXTI_PORTC
 781:Drivers/STM32WBxx_HAL_Driver/Inc/stm32wbxx_ll_system.h ****   *         @arg @ref LL_SYSCFG_EXTI_PORTD
 782:Drivers/STM32WBxx_HAL_Driver/Inc/stm32wbxx_ll_system.h ****   *         @arg @ref LL_SYSCFG_EXTI_PORTE
 783:Drivers/STM32WBxx_HAL_Driver/Inc/stm32wbxx_ll_system.h ****   *         @arg @ref LL_SYSCFG_EXTI_PORTH
 784:Drivers/STM32WBxx_HAL_Driver/Inc/stm32wbxx_ll_system.h ****   *
 785:Drivers/STM32WBxx_HAL_Driver/Inc/stm32wbxx_ll_system.h ****   * @param  Line This parameter can be one of the following values:
 786:Drivers/STM32WBxx_HAL_Driver/Inc/stm32wbxx_ll_system.h ****   *         @arg @ref LL_SYSCFG_EXTI_LINE0
 787:Drivers/STM32WBxx_HAL_Driver/Inc/stm32wbxx_ll_system.h ****   *         @arg @ref LL_SYSCFG_EXTI_LINE1
 788:Drivers/STM32WBxx_HAL_Driver/Inc/stm32wbxx_ll_system.h ****   *         @arg @ref LL_SYSCFG_EXTI_LINE2
 789:Drivers/STM32WBxx_HAL_Driver/Inc/stm32wbxx_ll_system.h ****   *         @arg @ref LL_SYSCFG_EXTI_LINE3
 790:Drivers/STM32WBxx_HAL_Driver/Inc/stm32wbxx_ll_system.h ****   *         @arg @ref LL_SYSCFG_EXTI_LINE4
 791:Drivers/STM32WBxx_HAL_Driver/Inc/stm32wbxx_ll_system.h ****   *         @arg @ref LL_SYSCFG_EXTI_LINE5
 792:Drivers/STM32WBxx_HAL_Driver/Inc/stm32wbxx_ll_system.h ****   *         @arg @ref LL_SYSCFG_EXTI_LINE6
 793:Drivers/STM32WBxx_HAL_Driver/Inc/stm32wbxx_ll_system.h ****   *         @arg @ref LL_SYSCFG_EXTI_LINE7
 794:Drivers/STM32WBxx_HAL_Driver/Inc/stm32wbxx_ll_system.h ****   *         @arg @ref LL_SYSCFG_EXTI_LINE8
 795:Drivers/STM32WBxx_HAL_Driver/Inc/stm32wbxx_ll_system.h ****   *         @arg @ref LL_SYSCFG_EXTI_LINE9
 796:Drivers/STM32WBxx_HAL_Driver/Inc/stm32wbxx_ll_system.h ****   *         @arg @ref LL_SYSCFG_EXTI_LINE10
 797:Drivers/STM32WBxx_HAL_Driver/Inc/stm32wbxx_ll_system.h ****   *         @arg @ref LL_SYSCFG_EXTI_LINE11
 798:Drivers/STM32WBxx_HAL_Driver/Inc/stm32wbxx_ll_system.h ****   *         @arg @ref LL_SYSCFG_EXTI_LINE12
 799:Drivers/STM32WBxx_HAL_Driver/Inc/stm32wbxx_ll_system.h ****   *         @arg @ref LL_SYSCFG_EXTI_LINE13
 800:Drivers/STM32WBxx_HAL_Driver/Inc/stm32wbxx_ll_system.h ****   *         @arg @ref LL_SYSCFG_EXTI_LINE14
 801:Drivers/STM32WBxx_HAL_Driver/Inc/stm32wbxx_ll_system.h ****   *         @arg @ref LL_SYSCFG_EXTI_LINE15
 802:Drivers/STM32WBxx_HAL_Driver/Inc/stm32wbxx_ll_system.h ****   * @retval None
 803:Drivers/STM32WBxx_HAL_Driver/Inc/stm32wbxx_ll_system.h ****   */
 804:Drivers/STM32WBxx_HAL_Driver/Inc/stm32wbxx_ll_system.h **** __STATIC_INLINE void LL_SYSCFG_SetEXTISource(uint32_t Port, uint32_t Line)
 805:Drivers/STM32WBxx_HAL_Driver/Inc/stm32wbxx_ll_system.h **** {
 806:Drivers/STM32WBxx_HAL_Driver/Inc/stm32wbxx_ll_system.h ****   MODIFY_REG(SYSCFG->EXTICR[Line & 0x03U], (Line >> 16U), (Port << ((POSITION_VAL((Line >> 16U))) &
 807:Drivers/STM32WBxx_HAL_Driver/Inc/stm32wbxx_ll_system.h **** }
 808:Drivers/STM32WBxx_HAL_Driver/Inc/stm32wbxx_ll_system.h **** 
 809:Drivers/STM32WBxx_HAL_Driver/Inc/stm32wbxx_ll_system.h **** /**
 810:Drivers/STM32WBxx_HAL_Driver/Inc/stm32wbxx_ll_system.h ****   * @brief  Get the configured defined for specific EXTI Line
 811:Drivers/STM32WBxx_HAL_Driver/Inc/stm32wbxx_ll_system.h ****   * @rmtoll SYSCFG_EXTICR1 EXTIx         LL_SYSCFG_GetEXTISource\n
 812:Drivers/STM32WBxx_HAL_Driver/Inc/stm32wbxx_ll_system.h ****   *         SYSCFG_EXTICR2 EXTIx         LL_SYSCFG_GetEXTISource\n
 813:Drivers/STM32WBxx_HAL_Driver/Inc/stm32wbxx_ll_system.h ****   *         SYSCFG_EXTICR3 EXTIx         LL_SYSCFG_GetEXTISource\n
 814:Drivers/STM32WBxx_HAL_Driver/Inc/stm32wbxx_ll_system.h ****   *         SYSCFG_EXTICR4 EXTIx         LL_SYSCFG_GetEXTISource
 815:Drivers/STM32WBxx_HAL_Driver/Inc/stm32wbxx_ll_system.h ****   * @param  Line This parameter can be one of the following values:
 816:Drivers/STM32WBxx_HAL_Driver/Inc/stm32wbxx_ll_system.h ****   *         @arg @ref LL_SYSCFG_EXTI_LINE0
ARM GAS  C:\Users\843E~1\AppData\Local\Temp\ccnpSKQK.s 			page 48


 817:Drivers/STM32WBxx_HAL_Driver/Inc/stm32wbxx_ll_system.h ****   *         @arg @ref LL_SYSCFG_EXTI_LINE1
 818:Drivers/STM32WBxx_HAL_Driver/Inc/stm32wbxx_ll_system.h ****   *         @arg @ref LL_SYSCFG_EXTI_LINE2
 819:Drivers/STM32WBxx_HAL_Driver/Inc/stm32wbxx_ll_system.h ****   *         @arg @ref LL_SYSCFG_EXTI_LINE3
 820:Drivers/STM32WBxx_HAL_Driver/Inc/stm32wbxx_ll_system.h ****   *         @arg @ref LL_SYSCFG_EXTI_LINE4
 821:Drivers/STM32WBxx_HAL_Driver/Inc/stm32wbxx_ll_system.h ****   *         @arg @ref LL_SYSCFG_EXTI_LINE5
 822:Drivers/STM32WBxx_HAL_Driver/Inc/stm32wbxx_ll_system.h ****   *         @arg @ref LL_SYSCFG_EXTI_LINE6
 823:Drivers/STM32WBxx_HAL_Driver/Inc/stm32wbxx_ll_system.h ****   *         @arg @ref LL_SYSCFG_EXTI_LINE7
 824:Drivers/STM32WBxx_HAL_Driver/Inc/stm32wbxx_ll_system.h ****   *         @arg @ref LL_SYSCFG_EXTI_LINE8
 825:Drivers/STM32WBxx_HAL_Driver/Inc/stm32wbxx_ll_system.h ****   *         @arg @ref LL_SYSCFG_EXTI_LINE9
 826:Drivers/STM32WBxx_HAL_Driver/Inc/stm32wbxx_ll_system.h ****   *         @arg @ref LL_SYSCFG_EXTI_LINE10
 827:Drivers/STM32WBxx_HAL_Driver/Inc/stm32wbxx_ll_system.h ****   *         @arg @ref LL_SYSCFG_EXTI_LINE11
 828:Drivers/STM32WBxx_HAL_Driver/Inc/stm32wbxx_ll_system.h ****   *         @arg @ref LL_SYSCFG_EXTI_LINE12
 829:Drivers/STM32WBxx_HAL_Driver/Inc/stm32wbxx_ll_system.h ****   *         @arg @ref LL_SYSCFG_EXTI_LINE13
 830:Drivers/STM32WBxx_HAL_Driver/Inc/stm32wbxx_ll_system.h ****   *         @arg @ref LL_SYSCFG_EXTI_LINE14
 831:Drivers/STM32WBxx_HAL_Driver/Inc/stm32wbxx_ll_system.h ****   *         @arg @ref LL_SYSCFG_EXTI_LINE15
 832:Drivers/STM32WBxx_HAL_Driver/Inc/stm32wbxx_ll_system.h ****   * @retval Returned value can be one of the following values:
 833:Drivers/STM32WBxx_HAL_Driver/Inc/stm32wbxx_ll_system.h ****   *         @arg @ref LL_SYSCFG_EXTI_PORTA
 834:Drivers/STM32WBxx_HAL_Driver/Inc/stm32wbxx_ll_system.h ****   *         @arg @ref LL_SYSCFG_EXTI_PORTB
 835:Drivers/STM32WBxx_HAL_Driver/Inc/stm32wbxx_ll_system.h ****   *         @arg @ref LL_SYSCFG_EXTI_PORTC
 836:Drivers/STM32WBxx_HAL_Driver/Inc/stm32wbxx_ll_system.h ****   *         @arg @ref LL_SYSCFG_EXTI_PORTD
 837:Drivers/STM32WBxx_HAL_Driver/Inc/stm32wbxx_ll_system.h ****   *         @arg @ref LL_SYSCFG_EXTI_PORTE
 838:Drivers/STM32WBxx_HAL_Driver/Inc/stm32wbxx_ll_system.h ****   *         @arg @ref LL_SYSCFG_EXTI_PORTH
 839:Drivers/STM32WBxx_HAL_Driver/Inc/stm32wbxx_ll_system.h ****   */
 840:Drivers/STM32WBxx_HAL_Driver/Inc/stm32wbxx_ll_system.h **** __STATIC_INLINE uint32_t LL_SYSCFG_GetEXTISource(uint32_t Line)
 841:Drivers/STM32WBxx_HAL_Driver/Inc/stm32wbxx_ll_system.h **** {
 842:Drivers/STM32WBxx_HAL_Driver/Inc/stm32wbxx_ll_system.h ****   return (uint32_t)(READ_BIT(SYSCFG->EXTICR[Line & 0x03U], (Line >> 16U)) >> (POSITION_VAL(Line >> 
 843:Drivers/STM32WBxx_HAL_Driver/Inc/stm32wbxx_ll_system.h **** }
 844:Drivers/STM32WBxx_HAL_Driver/Inc/stm32wbxx_ll_system.h **** 
 845:Drivers/STM32WBxx_HAL_Driver/Inc/stm32wbxx_ll_system.h **** /**
 846:Drivers/STM32WBxx_HAL_Driver/Inc/stm32wbxx_ll_system.h ****   * @brief  Enable SRAM2 Erase (starts a hardware SRAM2 erase operation. This bit is
 847:Drivers/STM32WBxx_HAL_Driver/Inc/stm32wbxx_ll_system.h ****   * automatically cleared at the end of the SRAM2 erase operation.)
 848:Drivers/STM32WBxx_HAL_Driver/Inc/stm32wbxx_ll_system.h ****   * @note This bit is write-protected: setting this bit is possible only after the
 849:Drivers/STM32WBxx_HAL_Driver/Inc/stm32wbxx_ll_system.h ****   *       correct key sequence is written in the SYSCFG_SKR register.
 850:Drivers/STM32WBxx_HAL_Driver/Inc/stm32wbxx_ll_system.h ****   * @rmtoll SYSCFG_SCSR  SRAM2ER       LL_SYSCFG_EnableSRAM2Erase
 851:Drivers/STM32WBxx_HAL_Driver/Inc/stm32wbxx_ll_system.h ****   * @retval None
 852:Drivers/STM32WBxx_HAL_Driver/Inc/stm32wbxx_ll_system.h ****   */
 853:Drivers/STM32WBxx_HAL_Driver/Inc/stm32wbxx_ll_system.h **** __STATIC_INLINE void LL_SYSCFG_EnableSRAM2Erase(void)
 854:Drivers/STM32WBxx_HAL_Driver/Inc/stm32wbxx_ll_system.h **** {
 855:Drivers/STM32WBxx_HAL_Driver/Inc/stm32wbxx_ll_system.h ****   SET_BIT(SYSCFG->SCSR, SYSCFG_SCSR_SRAM2ER);
 856:Drivers/STM32WBxx_HAL_Driver/Inc/stm32wbxx_ll_system.h **** }
 857:Drivers/STM32WBxx_HAL_Driver/Inc/stm32wbxx_ll_system.h **** 
 858:Drivers/STM32WBxx_HAL_Driver/Inc/stm32wbxx_ll_system.h **** /**
 859:Drivers/STM32WBxx_HAL_Driver/Inc/stm32wbxx_ll_system.h ****   * @brief  Check if SRAM2 erase operation is on going
 860:Drivers/STM32WBxx_HAL_Driver/Inc/stm32wbxx_ll_system.h ****   * @rmtoll SYSCFG_SCSR  SRAM2BSY      LL_SYSCFG_IsSRAM2EraseOngoing
 861:Drivers/STM32WBxx_HAL_Driver/Inc/stm32wbxx_ll_system.h ****   * @retval State of bit (1 or 0).
 862:Drivers/STM32WBxx_HAL_Driver/Inc/stm32wbxx_ll_system.h ****   */
 863:Drivers/STM32WBxx_HAL_Driver/Inc/stm32wbxx_ll_system.h **** __STATIC_INLINE uint32_t LL_SYSCFG_IsSRAM2EraseOngoing(void)
 864:Drivers/STM32WBxx_HAL_Driver/Inc/stm32wbxx_ll_system.h **** {
 865:Drivers/STM32WBxx_HAL_Driver/Inc/stm32wbxx_ll_system.h ****   return ((READ_BIT(SYSCFG->SCSR, SYSCFG_SCSR_SRAM2BSY) == (SYSCFG_SCSR_SRAM2BSY)) ? 1UL : 0UL);
 866:Drivers/STM32WBxx_HAL_Driver/Inc/stm32wbxx_ll_system.h **** }
 867:Drivers/STM32WBxx_HAL_Driver/Inc/stm32wbxx_ll_system.h **** 
 868:Drivers/STM32WBxx_HAL_Driver/Inc/stm32wbxx_ll_system.h **** /**
 869:Drivers/STM32WBxx_HAL_Driver/Inc/stm32wbxx_ll_system.h ****   * @brief  Disable CPU2 SRAM fetch (execution) (This bit can be set by Firmware
 870:Drivers/STM32WBxx_HAL_Driver/Inc/stm32wbxx_ll_system.h ****   *         and will only be reset by a Hardware reset, including a reset after Standby.)
 871:Drivers/STM32WBxx_HAL_Driver/Inc/stm32wbxx_ll_system.h ****   * @note Firmware writing 0 has no effect.
 872:Drivers/STM32WBxx_HAL_Driver/Inc/stm32wbxx_ll_system.h ****   * @rmtoll SYSCFG_SCSR  C2RFD         LL_SYSCFG_DisableSRAMFetch
 873:Drivers/STM32WBxx_HAL_Driver/Inc/stm32wbxx_ll_system.h ****   * @retval None
ARM GAS  C:\Users\843E~1\AppData\Local\Temp\ccnpSKQK.s 			page 49


 874:Drivers/STM32WBxx_HAL_Driver/Inc/stm32wbxx_ll_system.h ****   */
 875:Drivers/STM32WBxx_HAL_Driver/Inc/stm32wbxx_ll_system.h **** __STATIC_INLINE void LL_SYSCFG_DisableSRAMFetch(void)
 876:Drivers/STM32WBxx_HAL_Driver/Inc/stm32wbxx_ll_system.h **** {
 877:Drivers/STM32WBxx_HAL_Driver/Inc/stm32wbxx_ll_system.h ****   SET_BIT(SYSCFG->SCSR, SYSCFG_SCSR_C2RFD);
 878:Drivers/STM32WBxx_HAL_Driver/Inc/stm32wbxx_ll_system.h **** }
 879:Drivers/STM32WBxx_HAL_Driver/Inc/stm32wbxx_ll_system.h **** 
 880:Drivers/STM32WBxx_HAL_Driver/Inc/stm32wbxx_ll_system.h **** /**
 881:Drivers/STM32WBxx_HAL_Driver/Inc/stm32wbxx_ll_system.h ****   * @brief  Check if CPU2 SRAM fetch is enabled
 882:Drivers/STM32WBxx_HAL_Driver/Inc/stm32wbxx_ll_system.h ****   * @rmtoll SYSCFG_SCSR  C2RFD         LL_SYSCFG_IsEnabledSRAMFetch
 883:Drivers/STM32WBxx_HAL_Driver/Inc/stm32wbxx_ll_system.h ****   * @retval State of bit (1 or 0).
 884:Drivers/STM32WBxx_HAL_Driver/Inc/stm32wbxx_ll_system.h ****   */
 885:Drivers/STM32WBxx_HAL_Driver/Inc/stm32wbxx_ll_system.h **** __STATIC_INLINE uint32_t LL_SYSCFG_IsEnabledSRAMFetch(void)
 886:Drivers/STM32WBxx_HAL_Driver/Inc/stm32wbxx_ll_system.h **** {
 887:Drivers/STM32WBxx_HAL_Driver/Inc/stm32wbxx_ll_system.h ****   return ((READ_BIT(SYSCFG->SCSR, SYSCFG_SCSR_C2RFD) != (SYSCFG_SCSR_C2RFD)) ? 1UL : 0UL);
 888:Drivers/STM32WBxx_HAL_Driver/Inc/stm32wbxx_ll_system.h **** }
 889:Drivers/STM32WBxx_HAL_Driver/Inc/stm32wbxx_ll_system.h **** 
 890:Drivers/STM32WBxx_HAL_Driver/Inc/stm32wbxx_ll_system.h **** /**
 891:Drivers/STM32WBxx_HAL_Driver/Inc/stm32wbxx_ll_system.h ****   * @brief  Set connections to TIM1/16/17 Break inputs
 892:Drivers/STM32WBxx_HAL_Driver/Inc/stm32wbxx_ll_system.h ****   * @rmtoll SYSCFG_CFGR2 CLL           LL_SYSCFG_SetTIMBreakInputs\n
 893:Drivers/STM32WBxx_HAL_Driver/Inc/stm32wbxx_ll_system.h ****   *         SYSCFG_CFGR2 SPL           LL_SYSCFG_SetTIMBreakInputs\n
 894:Drivers/STM32WBxx_HAL_Driver/Inc/stm32wbxx_ll_system.h ****   *         SYSCFG_CFGR2 PVDL          LL_SYSCFG_SetTIMBreakInputs\n
 895:Drivers/STM32WBxx_HAL_Driver/Inc/stm32wbxx_ll_system.h ****   *         SYSCFG_CFGR2 ECCL          LL_SYSCFG_SetTIMBreakInputs
 896:Drivers/STM32WBxx_HAL_Driver/Inc/stm32wbxx_ll_system.h ****   * @param  Break This parameter can be a combination of the following values:
 897:Drivers/STM32WBxx_HAL_Driver/Inc/stm32wbxx_ll_system.h ****   *         @arg @ref LL_SYSCFG_TIMBREAK_ECC
 898:Drivers/STM32WBxx_HAL_Driver/Inc/stm32wbxx_ll_system.h ****   *         @arg @ref LL_SYSCFG_TIMBREAK_PVD
 899:Drivers/STM32WBxx_HAL_Driver/Inc/stm32wbxx_ll_system.h ****   *         @arg @ref LL_SYSCFG_TIMBREAK_SRAM2_PARITY
 900:Drivers/STM32WBxx_HAL_Driver/Inc/stm32wbxx_ll_system.h ****   *         @arg @ref LL_SYSCFG_TIMBREAK_LOCKUP
 901:Drivers/STM32WBxx_HAL_Driver/Inc/stm32wbxx_ll_system.h ****   * @retval None
 902:Drivers/STM32WBxx_HAL_Driver/Inc/stm32wbxx_ll_system.h ****   */
 903:Drivers/STM32WBxx_HAL_Driver/Inc/stm32wbxx_ll_system.h **** __STATIC_INLINE void LL_SYSCFG_SetTIMBreakInputs(uint32_t Break)
 904:Drivers/STM32WBxx_HAL_Driver/Inc/stm32wbxx_ll_system.h **** {
 905:Drivers/STM32WBxx_HAL_Driver/Inc/stm32wbxx_ll_system.h ****   MODIFY_REG(SYSCFG->CFGR2, SYSCFG_CFGR2_CLL | SYSCFG_CFGR2_SPL | SYSCFG_CFGR2_PVDL | SYSCFG_CFGR2_
 906:Drivers/STM32WBxx_HAL_Driver/Inc/stm32wbxx_ll_system.h **** }
 907:Drivers/STM32WBxx_HAL_Driver/Inc/stm32wbxx_ll_system.h **** 
 908:Drivers/STM32WBxx_HAL_Driver/Inc/stm32wbxx_ll_system.h **** /**
 909:Drivers/STM32WBxx_HAL_Driver/Inc/stm32wbxx_ll_system.h ****   * @brief  Get connections to TIM1/16/17 Break inputs
 910:Drivers/STM32WBxx_HAL_Driver/Inc/stm32wbxx_ll_system.h ****   * @rmtoll SYSCFG_CFGR2 CLL           LL_SYSCFG_GetTIMBreakInputs\n
 911:Drivers/STM32WBxx_HAL_Driver/Inc/stm32wbxx_ll_system.h ****   *         SYSCFG_CFGR2 SPL           LL_SYSCFG_GetTIMBreakInputs\n
 912:Drivers/STM32WBxx_HAL_Driver/Inc/stm32wbxx_ll_system.h ****   *         SYSCFG_CFGR2 PVDL          LL_SYSCFG_GetTIMBreakInputs\n
 913:Drivers/STM32WBxx_HAL_Driver/Inc/stm32wbxx_ll_system.h ****   *         SYSCFG_CFGR2 ECCL          LL_SYSCFG_GetTIMBreakInputs
 914:Drivers/STM32WBxx_HAL_Driver/Inc/stm32wbxx_ll_system.h ****   * @retval Returned value can be can be a combination of the following values:
 915:Drivers/STM32WBxx_HAL_Driver/Inc/stm32wbxx_ll_system.h ****   *         @arg @ref LL_SYSCFG_TIMBREAK_ECC
 916:Drivers/STM32WBxx_HAL_Driver/Inc/stm32wbxx_ll_system.h ****   *         @arg @ref LL_SYSCFG_TIMBREAK_PVD
 917:Drivers/STM32WBxx_HAL_Driver/Inc/stm32wbxx_ll_system.h ****   *         @arg @ref LL_SYSCFG_TIMBREAK_SRAM2_PARITY
 918:Drivers/STM32WBxx_HAL_Driver/Inc/stm32wbxx_ll_system.h ****   *         @arg @ref LL_SYSCFG_TIMBREAK_LOCKUP
 919:Drivers/STM32WBxx_HAL_Driver/Inc/stm32wbxx_ll_system.h ****   */
 920:Drivers/STM32WBxx_HAL_Driver/Inc/stm32wbxx_ll_system.h **** __STATIC_INLINE uint32_t LL_SYSCFG_GetTIMBreakInputs(void)
 921:Drivers/STM32WBxx_HAL_Driver/Inc/stm32wbxx_ll_system.h **** {
 922:Drivers/STM32WBxx_HAL_Driver/Inc/stm32wbxx_ll_system.h ****   return (uint32_t)(READ_BIT(SYSCFG->CFGR2, SYSCFG_CFGR2_CLL | SYSCFG_CFGR2_SPL | SYSCFG_CFGR2_PVDL
 923:Drivers/STM32WBxx_HAL_Driver/Inc/stm32wbxx_ll_system.h **** }
 924:Drivers/STM32WBxx_HAL_Driver/Inc/stm32wbxx_ll_system.h **** 
 925:Drivers/STM32WBxx_HAL_Driver/Inc/stm32wbxx_ll_system.h **** /**
 926:Drivers/STM32WBxx_HAL_Driver/Inc/stm32wbxx_ll_system.h ****   * @brief  Check if SRAM2 parity error detected
 927:Drivers/STM32WBxx_HAL_Driver/Inc/stm32wbxx_ll_system.h ****   * @rmtoll SYSCFG_CFGR2 SPF           LL_SYSCFG_IsActiveFlag_SP
 928:Drivers/STM32WBxx_HAL_Driver/Inc/stm32wbxx_ll_system.h ****   * @retval State of bit (1 or 0).
 929:Drivers/STM32WBxx_HAL_Driver/Inc/stm32wbxx_ll_system.h ****   */
 930:Drivers/STM32WBxx_HAL_Driver/Inc/stm32wbxx_ll_system.h **** __STATIC_INLINE uint32_t LL_SYSCFG_IsActiveFlag_SP(void)
ARM GAS  C:\Users\843E~1\AppData\Local\Temp\ccnpSKQK.s 			page 50


 931:Drivers/STM32WBxx_HAL_Driver/Inc/stm32wbxx_ll_system.h **** {
 932:Drivers/STM32WBxx_HAL_Driver/Inc/stm32wbxx_ll_system.h ****   return ((READ_BIT(SYSCFG->CFGR2, SYSCFG_CFGR2_SPF) == (SYSCFG_CFGR2_SPF)) ? 1UL : 0UL);
 933:Drivers/STM32WBxx_HAL_Driver/Inc/stm32wbxx_ll_system.h **** }
 934:Drivers/STM32WBxx_HAL_Driver/Inc/stm32wbxx_ll_system.h **** 
 935:Drivers/STM32WBxx_HAL_Driver/Inc/stm32wbxx_ll_system.h **** /**
 936:Drivers/STM32WBxx_HAL_Driver/Inc/stm32wbxx_ll_system.h ****   * @brief  Clear SRAM2 parity error flag
 937:Drivers/STM32WBxx_HAL_Driver/Inc/stm32wbxx_ll_system.h ****   * @rmtoll SYSCFG_CFGR2 SPF           LL_SYSCFG_ClearFlag_SP
 938:Drivers/STM32WBxx_HAL_Driver/Inc/stm32wbxx_ll_system.h ****   * @retval None
 939:Drivers/STM32WBxx_HAL_Driver/Inc/stm32wbxx_ll_system.h ****   */
 940:Drivers/STM32WBxx_HAL_Driver/Inc/stm32wbxx_ll_system.h **** __STATIC_INLINE void LL_SYSCFG_ClearFlag_SP(void)
 941:Drivers/STM32WBxx_HAL_Driver/Inc/stm32wbxx_ll_system.h **** {
 942:Drivers/STM32WBxx_HAL_Driver/Inc/stm32wbxx_ll_system.h ****   SET_BIT(SYSCFG->CFGR2, SYSCFG_CFGR2_SPF);
 943:Drivers/STM32WBxx_HAL_Driver/Inc/stm32wbxx_ll_system.h **** }
 944:Drivers/STM32WBxx_HAL_Driver/Inc/stm32wbxx_ll_system.h **** 
 945:Drivers/STM32WBxx_HAL_Driver/Inc/stm32wbxx_ll_system.h **** /**
 946:Drivers/STM32WBxx_HAL_Driver/Inc/stm32wbxx_ll_system.h ****   * @brief  Enable SRAM2 page write protection for Pages in range 0 to 31
 947:Drivers/STM32WBxx_HAL_Driver/Inc/stm32wbxx_ll_system.h ****   * @note Write protection is cleared only by a system reset
 948:Drivers/STM32WBxx_HAL_Driver/Inc/stm32wbxx_ll_system.h ****   * @rmtoll SYSCFG_SWPR1 PxWP          LL_SYSCFG_EnableSRAM2PageWRP_0_31
 949:Drivers/STM32WBxx_HAL_Driver/Inc/stm32wbxx_ll_system.h ****   * @param  SRAM2WRP This parameter can be a combination of the following values:
 950:Drivers/STM32WBxx_HAL_Driver/Inc/stm32wbxx_ll_system.h ****   *         @arg @ref LL_SYSCFG_SRAM2WRP_PAGE0
 951:Drivers/STM32WBxx_HAL_Driver/Inc/stm32wbxx_ll_system.h ****   *         @arg @ref LL_SYSCFG_SRAM2WRP_PAGE1
 952:Drivers/STM32WBxx_HAL_Driver/Inc/stm32wbxx_ll_system.h ****   *         @arg @ref LL_SYSCFG_SRAM2WRP_PAGE2
 953:Drivers/STM32WBxx_HAL_Driver/Inc/stm32wbxx_ll_system.h ****   *         @arg @ref LL_SYSCFG_SRAM2WRP_PAGE3
 954:Drivers/STM32WBxx_HAL_Driver/Inc/stm32wbxx_ll_system.h ****   *         @arg @ref LL_SYSCFG_SRAM2WRP_PAGE4
 955:Drivers/STM32WBxx_HAL_Driver/Inc/stm32wbxx_ll_system.h ****   *         @arg @ref LL_SYSCFG_SRAM2WRP_PAGE5
 956:Drivers/STM32WBxx_HAL_Driver/Inc/stm32wbxx_ll_system.h ****   *         @arg @ref LL_SYSCFG_SRAM2WRP_PAGE6
 957:Drivers/STM32WBxx_HAL_Driver/Inc/stm32wbxx_ll_system.h ****   *         @arg @ref LL_SYSCFG_SRAM2WRP_PAGE7
 958:Drivers/STM32WBxx_HAL_Driver/Inc/stm32wbxx_ll_system.h ****   *         @arg @ref LL_SYSCFG_SRAM2WRP_PAGE8
 959:Drivers/STM32WBxx_HAL_Driver/Inc/stm32wbxx_ll_system.h ****   *         @arg @ref LL_SYSCFG_SRAM2WRP_PAGE9
 960:Drivers/STM32WBxx_HAL_Driver/Inc/stm32wbxx_ll_system.h ****   *         @arg @ref LL_SYSCFG_SRAM2WRP_PAGE10
 961:Drivers/STM32WBxx_HAL_Driver/Inc/stm32wbxx_ll_system.h ****   *         @arg @ref LL_SYSCFG_SRAM2WRP_PAGE11
 962:Drivers/STM32WBxx_HAL_Driver/Inc/stm32wbxx_ll_system.h ****   *         @arg @ref LL_SYSCFG_SRAM2WRP_PAGE12
 963:Drivers/STM32WBxx_HAL_Driver/Inc/stm32wbxx_ll_system.h ****   *         @arg @ref LL_SYSCFG_SRAM2WRP_PAGE13
 964:Drivers/STM32WBxx_HAL_Driver/Inc/stm32wbxx_ll_system.h ****   *         @arg @ref LL_SYSCFG_SRAM2WRP_PAGE14
 965:Drivers/STM32WBxx_HAL_Driver/Inc/stm32wbxx_ll_system.h ****   *         @arg @ref LL_SYSCFG_SRAM2WRP_PAGE15
 966:Drivers/STM32WBxx_HAL_Driver/Inc/stm32wbxx_ll_system.h ****   *         @arg @ref LL_SYSCFG_SRAM2WRP_PAGE16
 967:Drivers/STM32WBxx_HAL_Driver/Inc/stm32wbxx_ll_system.h ****   *         @arg @ref LL_SYSCFG_SRAM2WRP_PAGE17
 968:Drivers/STM32WBxx_HAL_Driver/Inc/stm32wbxx_ll_system.h ****   *         @arg @ref LL_SYSCFG_SRAM2WRP_PAGE18
 969:Drivers/STM32WBxx_HAL_Driver/Inc/stm32wbxx_ll_system.h ****   *         @arg @ref LL_SYSCFG_SRAM2WRP_PAGE19
 970:Drivers/STM32WBxx_HAL_Driver/Inc/stm32wbxx_ll_system.h ****   *         @arg @ref LL_SYSCFG_SRAM2WRP_PAGE20
 971:Drivers/STM32WBxx_HAL_Driver/Inc/stm32wbxx_ll_system.h ****   *         @arg @ref LL_SYSCFG_SRAM2WRP_PAGE21
 972:Drivers/STM32WBxx_HAL_Driver/Inc/stm32wbxx_ll_system.h ****   *         @arg @ref LL_SYSCFG_SRAM2WRP_PAGE22
 973:Drivers/STM32WBxx_HAL_Driver/Inc/stm32wbxx_ll_system.h ****   *         @arg @ref LL_SYSCFG_SRAM2WRP_PAGE23
 974:Drivers/STM32WBxx_HAL_Driver/Inc/stm32wbxx_ll_system.h ****   *         @arg @ref LL_SYSCFG_SRAM2WRP_PAGE24
 975:Drivers/STM32WBxx_HAL_Driver/Inc/stm32wbxx_ll_system.h ****   *         @arg @ref LL_SYSCFG_SRAM2WRP_PAGE25
 976:Drivers/STM32WBxx_HAL_Driver/Inc/stm32wbxx_ll_system.h ****   *         @arg @ref LL_SYSCFG_SRAM2WRP_PAGE26
 977:Drivers/STM32WBxx_HAL_Driver/Inc/stm32wbxx_ll_system.h ****   *         @arg @ref LL_SYSCFG_SRAM2WRP_PAGE27
 978:Drivers/STM32WBxx_HAL_Driver/Inc/stm32wbxx_ll_system.h ****   *         @arg @ref LL_SYSCFG_SRAM2WRP_PAGE28
 979:Drivers/STM32WBxx_HAL_Driver/Inc/stm32wbxx_ll_system.h ****   *         @arg @ref LL_SYSCFG_SRAM2WRP_PAGE29
 980:Drivers/STM32WBxx_HAL_Driver/Inc/stm32wbxx_ll_system.h ****   *         @arg @ref LL_SYSCFG_SRAM2WRP_PAGE30
 981:Drivers/STM32WBxx_HAL_Driver/Inc/stm32wbxx_ll_system.h ****   *         @arg @ref LL_SYSCFG_SRAM2WRP_PAGE31
 982:Drivers/STM32WBxx_HAL_Driver/Inc/stm32wbxx_ll_system.h ****   * @retval None
 983:Drivers/STM32WBxx_HAL_Driver/Inc/stm32wbxx_ll_system.h ****   */
 984:Drivers/STM32WBxx_HAL_Driver/Inc/stm32wbxx_ll_system.h **** /* Legacy define */
 985:Drivers/STM32WBxx_HAL_Driver/Inc/stm32wbxx_ll_system.h **** #define LL_SYSCFG_EnableSRAM2PageWRP    LL_SYSCFG_EnableSRAM2PageWRP_0_31
 986:Drivers/STM32WBxx_HAL_Driver/Inc/stm32wbxx_ll_system.h **** __STATIC_INLINE void LL_SYSCFG_EnableSRAM2PageWRP_0_31(uint32_t SRAM2WRP)
 987:Drivers/STM32WBxx_HAL_Driver/Inc/stm32wbxx_ll_system.h **** {
ARM GAS  C:\Users\843E~1\AppData\Local\Temp\ccnpSKQK.s 			page 51


 988:Drivers/STM32WBxx_HAL_Driver/Inc/stm32wbxx_ll_system.h ****   SET_BIT(SYSCFG->SWPR1, SRAM2WRP);
 989:Drivers/STM32WBxx_HAL_Driver/Inc/stm32wbxx_ll_system.h **** }
 990:Drivers/STM32WBxx_HAL_Driver/Inc/stm32wbxx_ll_system.h **** 
 991:Drivers/STM32WBxx_HAL_Driver/Inc/stm32wbxx_ll_system.h **** /**
 992:Drivers/STM32WBxx_HAL_Driver/Inc/stm32wbxx_ll_system.h ****   * @brief  Enable SRAM2 page write protection for Pages in range 32 to 63
 993:Drivers/STM32WBxx_HAL_Driver/Inc/stm32wbxx_ll_system.h ****   * @note Write protection is cleared only by a system reset
 994:Drivers/STM32WBxx_HAL_Driver/Inc/stm32wbxx_ll_system.h ****   * @rmtoll SYSCFG_SWPR2 PxWP          LL_SYSCFG_EnableSRAM2PageWRP_32_63
 995:Drivers/STM32WBxx_HAL_Driver/Inc/stm32wbxx_ll_system.h ****   * @param  SRAM2WRP This parameter can be a combination of the following values:
 996:Drivers/STM32WBxx_HAL_Driver/Inc/stm32wbxx_ll_system.h ****   *         @arg @ref LL_SYSCFG_SRAM2WRP_PAGE32
 997:Drivers/STM32WBxx_HAL_Driver/Inc/stm32wbxx_ll_system.h ****   *         @arg @ref LL_SYSCFG_SRAM2WRP_PAGE33
 998:Drivers/STM32WBxx_HAL_Driver/Inc/stm32wbxx_ll_system.h ****   *         @arg @ref LL_SYSCFG_SRAM2WRP_PAGE34
 999:Drivers/STM32WBxx_HAL_Driver/Inc/stm32wbxx_ll_system.h ****   *         @arg @ref LL_SYSCFG_SRAM2WRP_PAGE35
1000:Drivers/STM32WBxx_HAL_Driver/Inc/stm32wbxx_ll_system.h ****   *         @arg @ref LL_SYSCFG_SRAM2WRP_PAGE36
1001:Drivers/STM32WBxx_HAL_Driver/Inc/stm32wbxx_ll_system.h ****   *         @arg @ref LL_SYSCFG_SRAM2WRP_PAGE37
1002:Drivers/STM32WBxx_HAL_Driver/Inc/stm32wbxx_ll_system.h ****   *         @arg @ref LL_SYSCFG_SRAM2WRP_PAGE38
1003:Drivers/STM32WBxx_HAL_Driver/Inc/stm32wbxx_ll_system.h ****   *         @arg @ref LL_SYSCFG_SRAM2WRP_PAGE39
1004:Drivers/STM32WBxx_HAL_Driver/Inc/stm32wbxx_ll_system.h ****   *         @arg @ref LL_SYSCFG_SRAM2WRP_PAGE40
1005:Drivers/STM32WBxx_HAL_Driver/Inc/stm32wbxx_ll_system.h ****   *         @arg @ref LL_SYSCFG_SRAM2WRP_PAGE41
1006:Drivers/STM32WBxx_HAL_Driver/Inc/stm32wbxx_ll_system.h ****   *         @arg @ref LL_SYSCFG_SRAM2WRP_PAGE42
1007:Drivers/STM32WBxx_HAL_Driver/Inc/stm32wbxx_ll_system.h ****   *         @arg @ref LL_SYSCFG_SRAM2WRP_PAGE43
1008:Drivers/STM32WBxx_HAL_Driver/Inc/stm32wbxx_ll_system.h ****   *         @arg @ref LL_SYSCFG_SRAM2WRP_PAGE44
1009:Drivers/STM32WBxx_HAL_Driver/Inc/stm32wbxx_ll_system.h ****   *         @arg @ref LL_SYSCFG_SRAM2WRP_PAGE45
1010:Drivers/STM32WBxx_HAL_Driver/Inc/stm32wbxx_ll_system.h ****   *         @arg @ref LL_SYSCFG_SRAM2WRP_PAGE46
1011:Drivers/STM32WBxx_HAL_Driver/Inc/stm32wbxx_ll_system.h ****   *         @arg @ref LL_SYSCFG_SRAM2WRP_PAGE47
1012:Drivers/STM32WBxx_HAL_Driver/Inc/stm32wbxx_ll_system.h ****   *         @arg @ref LL_SYSCFG_SRAM2WRP_PAGE48
1013:Drivers/STM32WBxx_HAL_Driver/Inc/stm32wbxx_ll_system.h ****   *         @arg @ref LL_SYSCFG_SRAM2WRP_PAGE49
1014:Drivers/STM32WBxx_HAL_Driver/Inc/stm32wbxx_ll_system.h ****   *         @arg @ref LL_SYSCFG_SRAM2WRP_PAGE50
1015:Drivers/STM32WBxx_HAL_Driver/Inc/stm32wbxx_ll_system.h ****   *         @arg @ref LL_SYSCFG_SRAM2WRP_PAGE51
1016:Drivers/STM32WBxx_HAL_Driver/Inc/stm32wbxx_ll_system.h ****   *         @arg @ref LL_SYSCFG_SRAM2WRP_PAGE52
1017:Drivers/STM32WBxx_HAL_Driver/Inc/stm32wbxx_ll_system.h ****   *         @arg @ref LL_SYSCFG_SRAM2WRP_PAGE53
1018:Drivers/STM32WBxx_HAL_Driver/Inc/stm32wbxx_ll_system.h ****   *         @arg @ref LL_SYSCFG_SRAM2WRP_PAGE54
1019:Drivers/STM32WBxx_HAL_Driver/Inc/stm32wbxx_ll_system.h ****   *         @arg @ref LL_SYSCFG_SRAM2WRP_PAGE55
1020:Drivers/STM32WBxx_HAL_Driver/Inc/stm32wbxx_ll_system.h ****   *         @arg @ref LL_SYSCFG_SRAM2WRP_PAGE56
1021:Drivers/STM32WBxx_HAL_Driver/Inc/stm32wbxx_ll_system.h ****   *         @arg @ref LL_SYSCFG_SRAM2WRP_PAGE57
1022:Drivers/STM32WBxx_HAL_Driver/Inc/stm32wbxx_ll_system.h ****   *         @arg @ref LL_SYSCFG_SRAM2WRP_PAGE58
1023:Drivers/STM32WBxx_HAL_Driver/Inc/stm32wbxx_ll_system.h ****   *         @arg @ref LL_SYSCFG_SRAM2WRP_PAGE59
1024:Drivers/STM32WBxx_HAL_Driver/Inc/stm32wbxx_ll_system.h ****   *         @arg @ref LL_SYSCFG_SRAM2WRP_PAGE60
1025:Drivers/STM32WBxx_HAL_Driver/Inc/stm32wbxx_ll_system.h ****   *         @arg @ref LL_SYSCFG_SRAM2WRP_PAGE61
1026:Drivers/STM32WBxx_HAL_Driver/Inc/stm32wbxx_ll_system.h ****   *         @arg @ref LL_SYSCFG_SRAM2WRP_PAGE62
1027:Drivers/STM32WBxx_HAL_Driver/Inc/stm32wbxx_ll_system.h ****   *         @arg @ref LL_SYSCFG_SRAM2WRP_PAGE63
1028:Drivers/STM32WBxx_HAL_Driver/Inc/stm32wbxx_ll_system.h ****   * @retval None
1029:Drivers/STM32WBxx_HAL_Driver/Inc/stm32wbxx_ll_system.h ****   */
1030:Drivers/STM32WBxx_HAL_Driver/Inc/stm32wbxx_ll_system.h **** __STATIC_INLINE void LL_SYSCFG_EnableSRAM2PageWRP_32_63(uint32_t SRAM2WRP)
1031:Drivers/STM32WBxx_HAL_Driver/Inc/stm32wbxx_ll_system.h **** {
1032:Drivers/STM32WBxx_HAL_Driver/Inc/stm32wbxx_ll_system.h ****   SET_BIT(SYSCFG->SWPR2, SRAM2WRP);
1033:Drivers/STM32WBxx_HAL_Driver/Inc/stm32wbxx_ll_system.h **** }
1034:Drivers/STM32WBxx_HAL_Driver/Inc/stm32wbxx_ll_system.h **** 
1035:Drivers/STM32WBxx_HAL_Driver/Inc/stm32wbxx_ll_system.h **** /**
1036:Drivers/STM32WBxx_HAL_Driver/Inc/stm32wbxx_ll_system.h ****   * @brief  SRAM2 page write protection lock prior to erase
1037:Drivers/STM32WBxx_HAL_Driver/Inc/stm32wbxx_ll_system.h ****   * @rmtoll SYSCFG_SKR   KEY           LL_SYSCFG_LockSRAM2WRP
1038:Drivers/STM32WBxx_HAL_Driver/Inc/stm32wbxx_ll_system.h ****   * @retval None
1039:Drivers/STM32WBxx_HAL_Driver/Inc/stm32wbxx_ll_system.h ****   */
1040:Drivers/STM32WBxx_HAL_Driver/Inc/stm32wbxx_ll_system.h **** __STATIC_INLINE void LL_SYSCFG_LockSRAM2WRP(void)
1041:Drivers/STM32WBxx_HAL_Driver/Inc/stm32wbxx_ll_system.h **** {
1042:Drivers/STM32WBxx_HAL_Driver/Inc/stm32wbxx_ll_system.h ****   /* Writing a wrong key reactivates the write protection */
1043:Drivers/STM32WBxx_HAL_Driver/Inc/stm32wbxx_ll_system.h ****   WRITE_REG(SYSCFG->SKR, 0x00U);
1044:Drivers/STM32WBxx_HAL_Driver/Inc/stm32wbxx_ll_system.h **** }
ARM GAS  C:\Users\843E~1\AppData\Local\Temp\ccnpSKQK.s 			page 52


1045:Drivers/STM32WBxx_HAL_Driver/Inc/stm32wbxx_ll_system.h **** 
1046:Drivers/STM32WBxx_HAL_Driver/Inc/stm32wbxx_ll_system.h **** /**
1047:Drivers/STM32WBxx_HAL_Driver/Inc/stm32wbxx_ll_system.h ****   * @brief  SRAM2 page write protection unlock prior to erase
1048:Drivers/STM32WBxx_HAL_Driver/Inc/stm32wbxx_ll_system.h ****   * @rmtoll SYSCFG_SKR   KEY           LL_SYSCFG_UnlockSRAM2WRP
1049:Drivers/STM32WBxx_HAL_Driver/Inc/stm32wbxx_ll_system.h ****   * @retval None
1050:Drivers/STM32WBxx_HAL_Driver/Inc/stm32wbxx_ll_system.h ****   */
1051:Drivers/STM32WBxx_HAL_Driver/Inc/stm32wbxx_ll_system.h **** __STATIC_INLINE void LL_SYSCFG_UnlockSRAM2WRP(void)
1052:Drivers/STM32WBxx_HAL_Driver/Inc/stm32wbxx_ll_system.h **** {
1053:Drivers/STM32WBxx_HAL_Driver/Inc/stm32wbxx_ll_system.h ****   /* unlock the write protection of the SRAM2ER bit */
1054:Drivers/STM32WBxx_HAL_Driver/Inc/stm32wbxx_ll_system.h ****   WRITE_REG(SYSCFG->SKR, 0xCAU);
1055:Drivers/STM32WBxx_HAL_Driver/Inc/stm32wbxx_ll_system.h ****   WRITE_REG(SYSCFG->SKR, 0x53U);
1056:Drivers/STM32WBxx_HAL_Driver/Inc/stm32wbxx_ll_system.h **** }
1057:Drivers/STM32WBxx_HAL_Driver/Inc/stm32wbxx_ll_system.h **** 
1058:Drivers/STM32WBxx_HAL_Driver/Inc/stm32wbxx_ll_system.h **** /**
1059:Drivers/STM32WBxx_HAL_Driver/Inc/stm32wbxx_ll_system.h ****   * @brief  Enable CPU1 Interrupt Mask
1060:Drivers/STM32WBxx_HAL_Driver/Inc/stm32wbxx_ll_system.h ****   * @rmtoll SYSCFG_IMR1  TIM1IM      LL_SYSCFG_GRP1_EnableIT\n
1061:Drivers/STM32WBxx_HAL_Driver/Inc/stm32wbxx_ll_system.h ****   *         SYSCFG_IMR1  TIM16IM     LL_SYSCFG_GRP1_EnableIT\n
1062:Drivers/STM32WBxx_HAL_Driver/Inc/stm32wbxx_ll_system.h ****   *         SYSCFG_IMR1  TIM17IM     LL_SYSCFG_GRP1_EnableIT\n
1063:Drivers/STM32WBxx_HAL_Driver/Inc/stm32wbxx_ll_system.h ****   *         SYSCFG_IMR1  EXTIxIM     LL_SYSCFG_GRP1_EnableIT
1064:Drivers/STM32WBxx_HAL_Driver/Inc/stm32wbxx_ll_system.h ****   * @param  Interrupt This parameter can be a combination of the following values:
1065:Drivers/STM32WBxx_HAL_Driver/Inc/stm32wbxx_ll_system.h ****   *         @arg @ref LL_SYSCFG_GRP1_TIM1
1066:Drivers/STM32WBxx_HAL_Driver/Inc/stm32wbxx_ll_system.h ****   *         @arg @ref LL_SYSCFG_GRP1_TIM16
1067:Drivers/STM32WBxx_HAL_Driver/Inc/stm32wbxx_ll_system.h ****   *         @arg @ref LL_SYSCFG_GRP1_TIM17
1068:Drivers/STM32WBxx_HAL_Driver/Inc/stm32wbxx_ll_system.h ****   *         @arg @ref LL_SYSCFG_GRP1_EXTI5
1069:Drivers/STM32WBxx_HAL_Driver/Inc/stm32wbxx_ll_system.h ****   *         @arg @ref LL_SYSCFG_GRP1_EXTI6
1070:Drivers/STM32WBxx_HAL_Driver/Inc/stm32wbxx_ll_system.h ****   *         @arg @ref LL_SYSCFG_GRP1_EXTI7
1071:Drivers/STM32WBxx_HAL_Driver/Inc/stm32wbxx_ll_system.h ****   *         @arg @ref LL_SYSCFG_GRP1_EXTI8
1072:Drivers/STM32WBxx_HAL_Driver/Inc/stm32wbxx_ll_system.h ****   *         @arg @ref LL_SYSCFG_GRP1_EXTI9
1073:Drivers/STM32WBxx_HAL_Driver/Inc/stm32wbxx_ll_system.h ****   *         @arg @ref LL_SYSCFG_GRP1_EXTI10
1074:Drivers/STM32WBxx_HAL_Driver/Inc/stm32wbxx_ll_system.h ****   *         @arg @ref LL_SYSCFG_GRP1_EXTI11
1075:Drivers/STM32WBxx_HAL_Driver/Inc/stm32wbxx_ll_system.h ****   *         @arg @ref LL_SYSCFG_GRP1_EXTI12
1076:Drivers/STM32WBxx_HAL_Driver/Inc/stm32wbxx_ll_system.h ****   *         @arg @ref LL_SYSCFG_GRP1_EXTI13
1077:Drivers/STM32WBxx_HAL_Driver/Inc/stm32wbxx_ll_system.h ****   *         @arg @ref LL_SYSCFG_GRP1_EXTI14
1078:Drivers/STM32WBxx_HAL_Driver/Inc/stm32wbxx_ll_system.h ****   *         @arg @ref LL_SYSCFG_GRP1_EXTI15
1079:Drivers/STM32WBxx_HAL_Driver/Inc/stm32wbxx_ll_system.h ****   * @retval None
1080:Drivers/STM32WBxx_HAL_Driver/Inc/stm32wbxx_ll_system.h ****   */
1081:Drivers/STM32WBxx_HAL_Driver/Inc/stm32wbxx_ll_system.h **** __STATIC_INLINE void LL_SYSCFG_GRP1_EnableIT(uint32_t Interrupt)
1082:Drivers/STM32WBxx_HAL_Driver/Inc/stm32wbxx_ll_system.h **** {
1083:Drivers/STM32WBxx_HAL_Driver/Inc/stm32wbxx_ll_system.h ****   CLEAR_BIT(SYSCFG->IMR1, Interrupt);
1084:Drivers/STM32WBxx_HAL_Driver/Inc/stm32wbxx_ll_system.h **** }
1085:Drivers/STM32WBxx_HAL_Driver/Inc/stm32wbxx_ll_system.h **** 
1086:Drivers/STM32WBxx_HAL_Driver/Inc/stm32wbxx_ll_system.h **** /**
1087:Drivers/STM32WBxx_HAL_Driver/Inc/stm32wbxx_ll_system.h ****   * @brief  Enable CPU1 Interrupt Mask
1088:Drivers/STM32WBxx_HAL_Driver/Inc/stm32wbxx_ll_system.h ****   * @rmtoll SYSCFG_IMR1  PVM1IM      LL_SYSCFG_GRP2_EnableIT\n
1089:Drivers/STM32WBxx_HAL_Driver/Inc/stm32wbxx_ll_system.h ****   *         SYSCFG_IMR1  PVM3IM      LL_SYSCFG_GRP2_EnableIT\n
1090:Drivers/STM32WBxx_HAL_Driver/Inc/stm32wbxx_ll_system.h ****   *         SYSCFG_IMR1  PVDIM       LL_SYSCFG_GRP2_EnableIT
1091:Drivers/STM32WBxx_HAL_Driver/Inc/stm32wbxx_ll_system.h ****   * @param  Interrupt This parameter can be a combination of the following values:
1092:Drivers/STM32WBxx_HAL_Driver/Inc/stm32wbxx_ll_system.h ****   *         @arg @ref LL_SYSCFG_GRP2_PVM1
1093:Drivers/STM32WBxx_HAL_Driver/Inc/stm32wbxx_ll_system.h ****   *         @arg @ref LL_SYSCFG_GRP2_PVM3
1094:Drivers/STM32WBxx_HAL_Driver/Inc/stm32wbxx_ll_system.h ****   *         @arg @ref LL_SYSCFG_GRP2_PVD
1095:Drivers/STM32WBxx_HAL_Driver/Inc/stm32wbxx_ll_system.h ****   * @retval None
1096:Drivers/STM32WBxx_HAL_Driver/Inc/stm32wbxx_ll_system.h ****   */
1097:Drivers/STM32WBxx_HAL_Driver/Inc/stm32wbxx_ll_system.h **** __STATIC_INLINE void LL_SYSCFG_GRP2_EnableIT(uint32_t Interrupt)
1098:Drivers/STM32WBxx_HAL_Driver/Inc/stm32wbxx_ll_system.h **** {
1099:Drivers/STM32WBxx_HAL_Driver/Inc/stm32wbxx_ll_system.h ****   CLEAR_BIT(SYSCFG->IMR2, Interrupt);
1100:Drivers/STM32WBxx_HAL_Driver/Inc/stm32wbxx_ll_system.h **** }
1101:Drivers/STM32WBxx_HAL_Driver/Inc/stm32wbxx_ll_system.h **** 
ARM GAS  C:\Users\843E~1\AppData\Local\Temp\ccnpSKQK.s 			page 53


1102:Drivers/STM32WBxx_HAL_Driver/Inc/stm32wbxx_ll_system.h **** /**
1103:Drivers/STM32WBxx_HAL_Driver/Inc/stm32wbxx_ll_system.h ****   * @brief  Disable CPU1 Interrupt Mask
1104:Drivers/STM32WBxx_HAL_Driver/Inc/stm32wbxx_ll_system.h ****   * @rmtoll SYSCFG_IMR1  TIM1IM      LL_SYSCFG_GRP1_DisableIT\n
1105:Drivers/STM32WBxx_HAL_Driver/Inc/stm32wbxx_ll_system.h ****   *         SYSCFG_IMR1  TIM16IM     LL_SYSCFG_GRP1_DisableIT\n
1106:Drivers/STM32WBxx_HAL_Driver/Inc/stm32wbxx_ll_system.h ****   *         SYSCFG_IMR1  TIM17IM     LL_SYSCFG_GRP1_DisableIT\n
1107:Drivers/STM32WBxx_HAL_Driver/Inc/stm32wbxx_ll_system.h ****   *         SYSCFG_IMR1  EXTIxIM     LL_SYSCFG_GRP1_DisableIT
1108:Drivers/STM32WBxx_HAL_Driver/Inc/stm32wbxx_ll_system.h ****   * @param  Interrupt This parameter can be a combination of the following values:
1109:Drivers/STM32WBxx_HAL_Driver/Inc/stm32wbxx_ll_system.h ****   *         @arg @ref LL_SYSCFG_GRP1_TIM1
1110:Drivers/STM32WBxx_HAL_Driver/Inc/stm32wbxx_ll_system.h ****   *         @arg @ref LL_SYSCFG_GRP1_TIM16
1111:Drivers/STM32WBxx_HAL_Driver/Inc/stm32wbxx_ll_system.h ****   *         @arg @ref LL_SYSCFG_GRP1_TIM17
1112:Drivers/STM32WBxx_HAL_Driver/Inc/stm32wbxx_ll_system.h ****   *         @arg @ref LL_SYSCFG_GRP1_EXTI5
1113:Drivers/STM32WBxx_HAL_Driver/Inc/stm32wbxx_ll_system.h ****   *         @arg @ref LL_SYSCFG_GRP1_EXTI6
1114:Drivers/STM32WBxx_HAL_Driver/Inc/stm32wbxx_ll_system.h ****   *         @arg @ref LL_SYSCFG_GRP1_EXTI7
1115:Drivers/STM32WBxx_HAL_Driver/Inc/stm32wbxx_ll_system.h ****   *         @arg @ref LL_SYSCFG_GRP1_EXTI8
1116:Drivers/STM32WBxx_HAL_Driver/Inc/stm32wbxx_ll_system.h ****   *         @arg @ref LL_SYSCFG_GRP1_EXTI9
1117:Drivers/STM32WBxx_HAL_Driver/Inc/stm32wbxx_ll_system.h ****   *         @arg @ref LL_SYSCFG_GRP1_EXTI10
1118:Drivers/STM32WBxx_HAL_Driver/Inc/stm32wbxx_ll_system.h ****   *         @arg @ref LL_SYSCFG_GRP1_EXTI11
1119:Drivers/STM32WBxx_HAL_Driver/Inc/stm32wbxx_ll_system.h ****   *         @arg @ref LL_SYSCFG_GRP1_EXTI12
1120:Drivers/STM32WBxx_HAL_Driver/Inc/stm32wbxx_ll_system.h ****   *         @arg @ref LL_SYSCFG_GRP1_EXTI13
1121:Drivers/STM32WBxx_HAL_Driver/Inc/stm32wbxx_ll_system.h ****   *         @arg @ref LL_SYSCFG_GRP1_EXTI14
1122:Drivers/STM32WBxx_HAL_Driver/Inc/stm32wbxx_ll_system.h ****   *         @arg @ref LL_SYSCFG_GRP1_EXTI15
1123:Drivers/STM32WBxx_HAL_Driver/Inc/stm32wbxx_ll_system.h ****   * @retval None
1124:Drivers/STM32WBxx_HAL_Driver/Inc/stm32wbxx_ll_system.h ****   */
1125:Drivers/STM32WBxx_HAL_Driver/Inc/stm32wbxx_ll_system.h **** __STATIC_INLINE void LL_SYSCFG_GRP1_DisableIT(uint32_t Interrupt)
1126:Drivers/STM32WBxx_HAL_Driver/Inc/stm32wbxx_ll_system.h **** {
1127:Drivers/STM32WBxx_HAL_Driver/Inc/stm32wbxx_ll_system.h ****   SET_BIT(SYSCFG->IMR1, Interrupt);
1128:Drivers/STM32WBxx_HAL_Driver/Inc/stm32wbxx_ll_system.h **** }
1129:Drivers/STM32WBxx_HAL_Driver/Inc/stm32wbxx_ll_system.h **** 
1130:Drivers/STM32WBxx_HAL_Driver/Inc/stm32wbxx_ll_system.h **** /**
1131:Drivers/STM32WBxx_HAL_Driver/Inc/stm32wbxx_ll_system.h ****   * @brief  Disable CPU1 Interrupt Mask
1132:Drivers/STM32WBxx_HAL_Driver/Inc/stm32wbxx_ll_system.h ****   * @rmtoll SYSCFG_IMR2  PVM1IM      LL_SYSCFG_GRP2_DisableIT\n
1133:Drivers/STM32WBxx_HAL_Driver/Inc/stm32wbxx_ll_system.h ****   *         SYSCFG_IMR2  PVM3IM      LL_SYSCFG_GRP2_DisableIT\n
1134:Drivers/STM32WBxx_HAL_Driver/Inc/stm32wbxx_ll_system.h ****   *         SYSCFG_IMR2  PVDIM       LL_SYSCFG_GRP2_DisableIT
1135:Drivers/STM32WBxx_HAL_Driver/Inc/stm32wbxx_ll_system.h ****   * @param  Interrupt This parameter can be a combination of the following values:
1136:Drivers/STM32WBxx_HAL_Driver/Inc/stm32wbxx_ll_system.h ****   *         @arg @ref LL_SYSCFG_GRP2_PVM1
1137:Drivers/STM32WBxx_HAL_Driver/Inc/stm32wbxx_ll_system.h ****   *         @arg @ref LL_SYSCFG_GRP2_PVM3
1138:Drivers/STM32WBxx_HAL_Driver/Inc/stm32wbxx_ll_system.h ****   *         @arg @ref LL_SYSCFG_GRP2_PVD
1139:Drivers/STM32WBxx_HAL_Driver/Inc/stm32wbxx_ll_system.h ****   * @retval None
1140:Drivers/STM32WBxx_HAL_Driver/Inc/stm32wbxx_ll_system.h ****   */
1141:Drivers/STM32WBxx_HAL_Driver/Inc/stm32wbxx_ll_system.h **** __STATIC_INLINE void LL_SYSCFG_GRP2_DisableIT(uint32_t Interrupt)
1142:Drivers/STM32WBxx_HAL_Driver/Inc/stm32wbxx_ll_system.h **** {
1143:Drivers/STM32WBxx_HAL_Driver/Inc/stm32wbxx_ll_system.h ****   SET_BIT(SYSCFG->IMR2, Interrupt);
1144:Drivers/STM32WBxx_HAL_Driver/Inc/stm32wbxx_ll_system.h **** }
1145:Drivers/STM32WBxx_HAL_Driver/Inc/stm32wbxx_ll_system.h **** 
1146:Drivers/STM32WBxx_HAL_Driver/Inc/stm32wbxx_ll_system.h **** /**
1147:Drivers/STM32WBxx_HAL_Driver/Inc/stm32wbxx_ll_system.h ****   * @brief  Indicate if CPU1 Interrupt Mask is enabled
1148:Drivers/STM32WBxx_HAL_Driver/Inc/stm32wbxx_ll_system.h ****   * @rmtoll SYSCFG_IMR1  TIM1IM      LL_SYSCFG_GRP1_IsEnabledIT\n
1149:Drivers/STM32WBxx_HAL_Driver/Inc/stm32wbxx_ll_system.h ****   *         SYSCFG_IMR1  TIM16IM     LL_SYSCFG_GRP1_IsEnabledIT\n
1150:Drivers/STM32WBxx_HAL_Driver/Inc/stm32wbxx_ll_system.h ****   *         SYSCFG_IMR1  TIM17IM     LL_SYSCFG_GRP1_IsEnabledIT\n
1151:Drivers/STM32WBxx_HAL_Driver/Inc/stm32wbxx_ll_system.h ****   *         SYSCFG_IMR1  EXTIxIM     LL_SYSCFG_GRP1_IsEnabledIT
1152:Drivers/STM32WBxx_HAL_Driver/Inc/stm32wbxx_ll_system.h ****   * @param  Interrupt This parameter can be one of the following values:
1153:Drivers/STM32WBxx_HAL_Driver/Inc/stm32wbxx_ll_system.h ****   *         @arg @ref LL_SYSCFG_GRP1_TIM1
1154:Drivers/STM32WBxx_HAL_Driver/Inc/stm32wbxx_ll_system.h ****   *         @arg @ref LL_SYSCFG_GRP1_TIM16
1155:Drivers/STM32WBxx_HAL_Driver/Inc/stm32wbxx_ll_system.h ****   *         @arg @ref LL_SYSCFG_GRP1_TIM17
1156:Drivers/STM32WBxx_HAL_Driver/Inc/stm32wbxx_ll_system.h ****   *         @arg @ref LL_SYSCFG_GRP1_EXTI5
1157:Drivers/STM32WBxx_HAL_Driver/Inc/stm32wbxx_ll_system.h ****   *         @arg @ref LL_SYSCFG_GRP1_EXTI6
1158:Drivers/STM32WBxx_HAL_Driver/Inc/stm32wbxx_ll_system.h ****   *         @arg @ref LL_SYSCFG_GRP1_EXTI7
ARM GAS  C:\Users\843E~1\AppData\Local\Temp\ccnpSKQK.s 			page 54


1159:Drivers/STM32WBxx_HAL_Driver/Inc/stm32wbxx_ll_system.h ****   *         @arg @ref LL_SYSCFG_GRP1_EXTI8
1160:Drivers/STM32WBxx_HAL_Driver/Inc/stm32wbxx_ll_system.h ****   *         @arg @ref LL_SYSCFG_GRP1_EXTI9
1161:Drivers/STM32WBxx_HAL_Driver/Inc/stm32wbxx_ll_system.h ****   *         @arg @ref LL_SYSCFG_GRP1_EXTI10
1162:Drivers/STM32WBxx_HAL_Driver/Inc/stm32wbxx_ll_system.h ****   *         @arg @ref LL_SYSCFG_GRP1_EXTI11
1163:Drivers/STM32WBxx_HAL_Driver/Inc/stm32wbxx_ll_system.h ****   *         @arg @ref LL_SYSCFG_GRP1_EXTI12
1164:Drivers/STM32WBxx_HAL_Driver/Inc/stm32wbxx_ll_system.h ****   *         @arg @ref LL_SYSCFG_GRP1_EXTI13
1165:Drivers/STM32WBxx_HAL_Driver/Inc/stm32wbxx_ll_system.h ****   *         @arg @ref LL_SYSCFG_GRP1_EXTI14
1166:Drivers/STM32WBxx_HAL_Driver/Inc/stm32wbxx_ll_system.h ****   *         @arg @ref LL_SYSCFG_GRP1_EXTI15
1167:Drivers/STM32WBxx_HAL_Driver/Inc/stm32wbxx_ll_system.h ****   * @retval State of bit (1 or 0).
1168:Drivers/STM32WBxx_HAL_Driver/Inc/stm32wbxx_ll_system.h ****   */
1169:Drivers/STM32WBxx_HAL_Driver/Inc/stm32wbxx_ll_system.h **** __STATIC_INLINE uint32_t LL_SYSCFG_GRP1_IsEnabledIT(uint32_t Interrupt)
1170:Drivers/STM32WBxx_HAL_Driver/Inc/stm32wbxx_ll_system.h **** {
1171:Drivers/STM32WBxx_HAL_Driver/Inc/stm32wbxx_ll_system.h ****   return ((READ_BIT(SYSCFG->IMR1, Interrupt) != (Interrupt)) ? 1UL : 0UL);
1172:Drivers/STM32WBxx_HAL_Driver/Inc/stm32wbxx_ll_system.h **** }
1173:Drivers/STM32WBxx_HAL_Driver/Inc/stm32wbxx_ll_system.h **** 
1174:Drivers/STM32WBxx_HAL_Driver/Inc/stm32wbxx_ll_system.h **** /**
1175:Drivers/STM32WBxx_HAL_Driver/Inc/stm32wbxx_ll_system.h ****   * @brief  Indicate if CPU1 Interrupt Mask is enabled
1176:Drivers/STM32WBxx_HAL_Driver/Inc/stm32wbxx_ll_system.h ****   * @rmtoll SYSCFG_IMR2  PVM1IM      LL_SYSCFG_GRP2_IsEnabledIT\n
1177:Drivers/STM32WBxx_HAL_Driver/Inc/stm32wbxx_ll_system.h ****   *         SYSCFG_IMR2  PVM3IM      LL_SYSCFG_GRP2_IsEnabledIT\n
1178:Drivers/STM32WBxx_HAL_Driver/Inc/stm32wbxx_ll_system.h ****   *         SYSCFG_IMR2  PVDIM       LL_SYSCFG_GRP2_IsEnabledIT
1179:Drivers/STM32WBxx_HAL_Driver/Inc/stm32wbxx_ll_system.h ****   * @param  Interrupt This parameter can be one of the following values:
1180:Drivers/STM32WBxx_HAL_Driver/Inc/stm32wbxx_ll_system.h ****   *         @arg @ref LL_SYSCFG_GRP2_PVM1
1181:Drivers/STM32WBxx_HAL_Driver/Inc/stm32wbxx_ll_system.h ****   *         @arg @ref LL_SYSCFG_GRP2_PVM3
1182:Drivers/STM32WBxx_HAL_Driver/Inc/stm32wbxx_ll_system.h ****   *         @arg @ref LL_SYSCFG_GRP2_PVD
1183:Drivers/STM32WBxx_HAL_Driver/Inc/stm32wbxx_ll_system.h ****   * @retval State of bit (1 or 0).
1184:Drivers/STM32WBxx_HAL_Driver/Inc/stm32wbxx_ll_system.h ****   */
1185:Drivers/STM32WBxx_HAL_Driver/Inc/stm32wbxx_ll_system.h **** __STATIC_INLINE uint32_t LL_SYSCFG_GRP2_IsEnabledIT(uint32_t Interrupt)
1186:Drivers/STM32WBxx_HAL_Driver/Inc/stm32wbxx_ll_system.h **** {
1187:Drivers/STM32WBxx_HAL_Driver/Inc/stm32wbxx_ll_system.h ****   return ((READ_BIT(SYSCFG->IMR2, Interrupt) != (Interrupt)) ? 1UL : 0UL);
1188:Drivers/STM32WBxx_HAL_Driver/Inc/stm32wbxx_ll_system.h **** }
1189:Drivers/STM32WBxx_HAL_Driver/Inc/stm32wbxx_ll_system.h **** 
1190:Drivers/STM32WBxx_HAL_Driver/Inc/stm32wbxx_ll_system.h **** /**
1191:Drivers/STM32WBxx_HAL_Driver/Inc/stm32wbxx_ll_system.h ****   * @brief  Enable CPU2 Interrupt Mask
1192:Drivers/STM32WBxx_HAL_Driver/Inc/stm32wbxx_ll_system.h ****   * @rmtoll SYSCFG_C2IMR1  RTCSTAMPTAMPLSECSSIM      LL_C2_SYSCFG_GRP1_EnableIT\n
1193:Drivers/STM32WBxx_HAL_Driver/Inc/stm32wbxx_ll_system.h ****   *         SYSCFG_C2IMR1  RTCWKUPIM   LL_C2_SYSCFG_GRP1_EnableIT\n
1194:Drivers/STM32WBxx_HAL_Driver/Inc/stm32wbxx_ll_system.h ****   *         SYSCFG_C2IMR1  RTCALARMIM  LL_C2_SYSCFG_GRP1_EnableIT\n
1195:Drivers/STM32WBxx_HAL_Driver/Inc/stm32wbxx_ll_system.h ****   *         SYSCFG_C2IMR1  RCCIM       LL_C2_SYSCFG_GRP1_EnableIT\n
1196:Drivers/STM32WBxx_HAL_Driver/Inc/stm32wbxx_ll_system.h ****   *         SYSCFG_C2IMR1  FLASHIM     LL_C2_SYSCFG_GRP1_EnableIT\n
1197:Drivers/STM32WBxx_HAL_Driver/Inc/stm32wbxx_ll_system.h ****   *         SYSCFG_C2IMR1  PKAIM       LL_C2_SYSCFG_GRP1_EnableIT\n
1198:Drivers/STM32WBxx_HAL_Driver/Inc/stm32wbxx_ll_system.h ****   *         SYSCFG_C2IMR1  RNGIM       LL_C2_SYSCFG_GRP1_EnableIT\n
1199:Drivers/STM32WBxx_HAL_Driver/Inc/stm32wbxx_ll_system.h ****   *         SYSCFG_C2IMR1  AES1IM      LL_C2_SYSCFG_GRP1_EnableIT\n
1200:Drivers/STM32WBxx_HAL_Driver/Inc/stm32wbxx_ll_system.h ****   *         SYSCFG_C2IMR1  COMPIM      LL_C2_SYSCFG_GRP1_EnableIT\n
1201:Drivers/STM32WBxx_HAL_Driver/Inc/stm32wbxx_ll_system.h ****   *         SYSCFG_C2IMR1  ADCIM       LL_C2_SYSCFG_GRP1_EnableIT\n
1202:Drivers/STM32WBxx_HAL_Driver/Inc/stm32wbxx_ll_system.h ****   *         SYSCFG_C2IMR1  EXTIxIM     LL_C2_SYSCFG_GRP1_EnableIT
1203:Drivers/STM32WBxx_HAL_Driver/Inc/stm32wbxx_ll_system.h ****   * @param  Interrupt This parameter can be a combination of the following values:
1204:Drivers/STM32WBxx_HAL_Driver/Inc/stm32wbxx_ll_system.h ****   *         @arg @ref LL_C2_SYSCFG_GRP1_RTCSTAMP_RTCTAMP_LSECSS
1205:Drivers/STM32WBxx_HAL_Driver/Inc/stm32wbxx_ll_system.h ****   *         @arg @ref LL_C2_SYSCFG_GRP1_RTCWKUP
1206:Drivers/STM32WBxx_HAL_Driver/Inc/stm32wbxx_ll_system.h ****   *         @arg @ref LL_C2_SYSCFG_GRP1_RTCALARM
1207:Drivers/STM32WBxx_HAL_Driver/Inc/stm32wbxx_ll_system.h ****   *         @arg @ref LL_C2_SYSCFG_GRP1_RCC
1208:Drivers/STM32WBxx_HAL_Driver/Inc/stm32wbxx_ll_system.h ****   *         @arg @ref LL_C2_SYSCFG_GRP1_FLASH
1209:Drivers/STM32WBxx_HAL_Driver/Inc/stm32wbxx_ll_system.h ****   *         @arg @ref LL_C2_SYSCFG_GRP1_PKA
1210:Drivers/STM32WBxx_HAL_Driver/Inc/stm32wbxx_ll_system.h ****   *         @arg @ref LL_C2_SYSCFG_GRP1_RNG
1211:Drivers/STM32WBxx_HAL_Driver/Inc/stm32wbxx_ll_system.h ****   *         @arg @ref LL_C2_SYSCFG_GRP1_AES1
1212:Drivers/STM32WBxx_HAL_Driver/Inc/stm32wbxx_ll_system.h ****   *         @arg @ref LL_C2_SYSCFG_GRP1_COMP
1213:Drivers/STM32WBxx_HAL_Driver/Inc/stm32wbxx_ll_system.h ****   *         @arg @ref LL_C2_SYSCFG_GRP1_ADC
1214:Drivers/STM32WBxx_HAL_Driver/Inc/stm32wbxx_ll_system.h ****   *         @arg @ref LL_C2_SYSCFG_GRP1_EXTI0
1215:Drivers/STM32WBxx_HAL_Driver/Inc/stm32wbxx_ll_system.h ****   *         @arg @ref LL_C2_SYSCFG_GRP1_EXTI1
ARM GAS  C:\Users\843E~1\AppData\Local\Temp\ccnpSKQK.s 			page 55


1216:Drivers/STM32WBxx_HAL_Driver/Inc/stm32wbxx_ll_system.h ****   *         @arg @ref LL_C2_SYSCFG_GRP1_EXTI2
1217:Drivers/STM32WBxx_HAL_Driver/Inc/stm32wbxx_ll_system.h ****   *         @arg @ref LL_C2_SYSCFG_GRP1_EXTI3
1218:Drivers/STM32WBxx_HAL_Driver/Inc/stm32wbxx_ll_system.h ****   *         @arg @ref LL_C2_SYSCFG_GRP1_EXTI4
1219:Drivers/STM32WBxx_HAL_Driver/Inc/stm32wbxx_ll_system.h ****   *         @arg @ref LL_C2_SYSCFG_GRP1_EXTI5
1220:Drivers/STM32WBxx_HAL_Driver/Inc/stm32wbxx_ll_system.h ****   *         @arg @ref LL_C2_SYSCFG_GRP1_EXTI6
1221:Drivers/STM32WBxx_HAL_Driver/Inc/stm32wbxx_ll_system.h ****   *         @arg @ref LL_C2_SYSCFG_GRP1_EXTI7
1222:Drivers/STM32WBxx_HAL_Driver/Inc/stm32wbxx_ll_system.h ****   *         @arg @ref LL_C2_SYSCFG_GRP1_EXTI8
1223:Drivers/STM32WBxx_HAL_Driver/Inc/stm32wbxx_ll_system.h ****   *         @arg @ref LL_C2_SYSCFG_GRP1_EXTI9
1224:Drivers/STM32WBxx_HAL_Driver/Inc/stm32wbxx_ll_system.h ****   *         @arg @ref LL_C2_SYSCFG_GRP1_EXTI10
1225:Drivers/STM32WBxx_HAL_Driver/Inc/stm32wbxx_ll_system.h ****   *         @arg @ref LL_C2_SYSCFG_GRP1_EXTI11
1226:Drivers/STM32WBxx_HAL_Driver/Inc/stm32wbxx_ll_system.h ****   *         @arg @ref LL_C2_SYSCFG_GRP1_EXTI12
1227:Drivers/STM32WBxx_HAL_Driver/Inc/stm32wbxx_ll_system.h ****   *         @arg @ref LL_C2_SYSCFG_GRP1_EXTI13
1228:Drivers/STM32WBxx_HAL_Driver/Inc/stm32wbxx_ll_system.h ****   *         @arg @ref LL_C2_SYSCFG_GRP1_EXTI14
1229:Drivers/STM32WBxx_HAL_Driver/Inc/stm32wbxx_ll_system.h ****   *         @arg @ref LL_C2_SYSCFG_GRP1_EXTI15
1230:Drivers/STM32WBxx_HAL_Driver/Inc/stm32wbxx_ll_system.h ****   * @retval None
1231:Drivers/STM32WBxx_HAL_Driver/Inc/stm32wbxx_ll_system.h ****   */
1232:Drivers/STM32WBxx_HAL_Driver/Inc/stm32wbxx_ll_system.h **** __STATIC_INLINE void LL_C2_SYSCFG_GRP1_EnableIT(uint32_t Interrupt)
1233:Drivers/STM32WBxx_HAL_Driver/Inc/stm32wbxx_ll_system.h **** {
1234:Drivers/STM32WBxx_HAL_Driver/Inc/stm32wbxx_ll_system.h ****   CLEAR_BIT(SYSCFG->C2IMR1, Interrupt);
1235:Drivers/STM32WBxx_HAL_Driver/Inc/stm32wbxx_ll_system.h **** }
1236:Drivers/STM32WBxx_HAL_Driver/Inc/stm32wbxx_ll_system.h **** 
1237:Drivers/STM32WBxx_HAL_Driver/Inc/stm32wbxx_ll_system.h **** /**
1238:Drivers/STM32WBxx_HAL_Driver/Inc/stm32wbxx_ll_system.h ****   * @brief  Enable CPU2 Interrupt Mask
1239:Drivers/STM32WBxx_HAL_Driver/Inc/stm32wbxx_ll_system.h ****   * @rmtoll SYSCFG_C2IMR2  DMA1CHxIM   LL_C2_SYSCFG_GRP2_EnableIT\n
1240:Drivers/STM32WBxx_HAL_Driver/Inc/stm32wbxx_ll_system.h ****   *         SYSCFG_C2IMR2  DMA2CHxIM   LL_C2_SYSCFG_GRP2_EnableIT\n
1241:Drivers/STM32WBxx_HAL_Driver/Inc/stm32wbxx_ll_system.h ****   *         SYSCFG_C2IMR2  PVM1IM      LL_C2_SYSCFG_GRP2_EnableIT\n
1242:Drivers/STM32WBxx_HAL_Driver/Inc/stm32wbxx_ll_system.h ****   *         SYSCFG_C2IMR2  PVM3IM      LL_C2_SYSCFG_GRP2_EnableIT\n
1243:Drivers/STM32WBxx_HAL_Driver/Inc/stm32wbxx_ll_system.h ****   *         SYSCFG_C2IMR2  PVDIM       LL_C2_SYSCFG_GRP2_EnableIT\n
1244:Drivers/STM32WBxx_HAL_Driver/Inc/stm32wbxx_ll_system.h ****   *         SYSCFG_C2IMR2  TSCIM       LL_C2_SYSCFG_GRP2_EnableIT\n
1245:Drivers/STM32WBxx_HAL_Driver/Inc/stm32wbxx_ll_system.h ****   *         SYSCFG_C2IMR2  LCDIM       LL_C2_SYSCFG_GRP2_EnableIT
1246:Drivers/STM32WBxx_HAL_Driver/Inc/stm32wbxx_ll_system.h ****   * @param  Interrupt This parameter can be a combination of the following values:
1247:Drivers/STM32WBxx_HAL_Driver/Inc/stm32wbxx_ll_system.h ****   *         @arg @ref LL_C2_SYSCFG_GRP2_DMA1CH1
1248:Drivers/STM32WBxx_HAL_Driver/Inc/stm32wbxx_ll_system.h ****   *         @arg @ref LL_C2_SYSCFG_GRP2_DMA1CH2
1249:Drivers/STM32WBxx_HAL_Driver/Inc/stm32wbxx_ll_system.h ****   *         @arg @ref LL_C2_SYSCFG_GRP2_DMA1CH3
1250:Drivers/STM32WBxx_HAL_Driver/Inc/stm32wbxx_ll_system.h ****   *         @arg @ref LL_C2_SYSCFG_GRP2_DMA1CH4
1251:Drivers/STM32WBxx_HAL_Driver/Inc/stm32wbxx_ll_system.h ****   *         @arg @ref LL_C2_SYSCFG_GRP2_DMA1CH5
1252:Drivers/STM32WBxx_HAL_Driver/Inc/stm32wbxx_ll_system.h ****   *         @arg @ref LL_C2_SYSCFG_GRP2_DMA1CH6
1253:Drivers/STM32WBxx_HAL_Driver/Inc/stm32wbxx_ll_system.h ****   *         @arg @ref LL_C2_SYSCFG_GRP2_DMA1CH7
1254:Drivers/STM32WBxx_HAL_Driver/Inc/stm32wbxx_ll_system.h ****   *         @arg @ref LL_C2_SYSCFG_GRP2_DMA2CH1
1255:Drivers/STM32WBxx_HAL_Driver/Inc/stm32wbxx_ll_system.h ****   *         @arg @ref LL_C2_SYSCFG_GRP2_DMA2CH2
1256:Drivers/STM32WBxx_HAL_Driver/Inc/stm32wbxx_ll_system.h ****   *         @arg @ref LL_C2_SYSCFG_GRP2_DMA2CH3
1257:Drivers/STM32WBxx_HAL_Driver/Inc/stm32wbxx_ll_system.h ****   *         @arg @ref LL_C2_SYSCFG_GRP2_DMA2CH4
1258:Drivers/STM32WBxx_HAL_Driver/Inc/stm32wbxx_ll_system.h ****   *         @arg @ref LL_C2_SYSCFG_GRP2_DMA2CH5
1259:Drivers/STM32WBxx_HAL_Driver/Inc/stm32wbxx_ll_system.h ****   *         @arg @ref LL_C2_SYSCFG_GRP2_DMA2CH6
1260:Drivers/STM32WBxx_HAL_Driver/Inc/stm32wbxx_ll_system.h ****   *         @arg @ref LL_C2_SYSCFG_GRP2_DMA2CH7
1261:Drivers/STM32WBxx_HAL_Driver/Inc/stm32wbxx_ll_system.h ****   *         @arg @ref LL_C2_SYSCFG_GRP2_DMAMUX1
1262:Drivers/STM32WBxx_HAL_Driver/Inc/stm32wbxx_ll_system.h ****   *         @arg @ref LL_C2_SYSCFG_GRP2_PVM1
1263:Drivers/STM32WBxx_HAL_Driver/Inc/stm32wbxx_ll_system.h ****   *         @arg @ref LL_C2_SYSCFG_GRP2_PVM3
1264:Drivers/STM32WBxx_HAL_Driver/Inc/stm32wbxx_ll_system.h ****   *         @arg @ref LL_C2_SYSCFG_GRP2_PVD
1265:Drivers/STM32WBxx_HAL_Driver/Inc/stm32wbxx_ll_system.h ****   *         @arg @ref LL_C2_SYSCFG_GRP2_TSC
1266:Drivers/STM32WBxx_HAL_Driver/Inc/stm32wbxx_ll_system.h ****   *         @arg @ref LL_C2_SYSCFG_GRP2_LCD
1267:Drivers/STM32WBxx_HAL_Driver/Inc/stm32wbxx_ll_system.h ****   * @retval None
1268:Drivers/STM32WBxx_HAL_Driver/Inc/stm32wbxx_ll_system.h ****   */
1269:Drivers/STM32WBxx_HAL_Driver/Inc/stm32wbxx_ll_system.h **** __STATIC_INLINE void LL_C2_SYSCFG_GRP2_EnableIT(uint32_t Interrupt)
1270:Drivers/STM32WBxx_HAL_Driver/Inc/stm32wbxx_ll_system.h **** {
1271:Drivers/STM32WBxx_HAL_Driver/Inc/stm32wbxx_ll_system.h ****   CLEAR_BIT(SYSCFG->C2IMR2, Interrupt);
1272:Drivers/STM32WBxx_HAL_Driver/Inc/stm32wbxx_ll_system.h **** }
ARM GAS  C:\Users\843E~1\AppData\Local\Temp\ccnpSKQK.s 			page 56


1273:Drivers/STM32WBxx_HAL_Driver/Inc/stm32wbxx_ll_system.h **** 
1274:Drivers/STM32WBxx_HAL_Driver/Inc/stm32wbxx_ll_system.h **** /**
1275:Drivers/STM32WBxx_HAL_Driver/Inc/stm32wbxx_ll_system.h ****   * @brief  Disable CPU2 Interrupt Mask
1276:Drivers/STM32WBxx_HAL_Driver/Inc/stm32wbxx_ll_system.h ****   * @rmtoll SYSCFG_C2IMR1  RTCSTAMPTAMPLSECSSIM      LL_C2_SYSCFG_GRP1_DisableIT\n
1277:Drivers/STM32WBxx_HAL_Driver/Inc/stm32wbxx_ll_system.h ****   *         SYSCFG_C2IMR1  RTCWKUPIM   LL_C2_SYSCFG_GRP1_DisableIT\n
1278:Drivers/STM32WBxx_HAL_Driver/Inc/stm32wbxx_ll_system.h ****   *         SYSCFG_C2IMR1  RTCALARMIM  LL_C2_SYSCFG_GRP1_DisableIT\n
1279:Drivers/STM32WBxx_HAL_Driver/Inc/stm32wbxx_ll_system.h ****   *         SYSCFG_C2IMR1  RCCIM       LL_C2_SYSCFG_GRP1_DisableIT\n
1280:Drivers/STM32WBxx_HAL_Driver/Inc/stm32wbxx_ll_system.h ****   *         SYSCFG_C2IMR1  FLASHIM     LL_C2_SYSCFG_GRP1_DisableIT\n
1281:Drivers/STM32WBxx_HAL_Driver/Inc/stm32wbxx_ll_system.h ****   *         SYSCFG_C2IMR1  PKAIM       LL_C2_SYSCFG_GRP1_DisableIT\n
1282:Drivers/STM32WBxx_HAL_Driver/Inc/stm32wbxx_ll_system.h ****   *         SYSCFG_C2IMR1  RNGIM       LL_C2_SYSCFG_GRP1_DisableIT\n
1283:Drivers/STM32WBxx_HAL_Driver/Inc/stm32wbxx_ll_system.h ****   *         SYSCFG_C2IMR1  AES1IM      LL_C2_SYSCFG_GRP1_DisableIT\n
1284:Drivers/STM32WBxx_HAL_Driver/Inc/stm32wbxx_ll_system.h ****   *         SYSCFG_C2IMR1  COMPIM      LL_C2_SYSCFG_GRP1_DisableIT\n
1285:Drivers/STM32WBxx_HAL_Driver/Inc/stm32wbxx_ll_system.h ****   *         SYSCFG_C2IMR1  ADCIM       LL_C2_SYSCFG_GRP1_DisableIT\n
1286:Drivers/STM32WBxx_HAL_Driver/Inc/stm32wbxx_ll_system.h ****   *         SYSCFG_C2IMR1  EXTIxIM     LL_C2_SYSCFG_GRP1_DisableIT
1287:Drivers/STM32WBxx_HAL_Driver/Inc/stm32wbxx_ll_system.h ****   * @param  Interrupt This parameter can be a combination of the following values:
1288:Drivers/STM32WBxx_HAL_Driver/Inc/stm32wbxx_ll_system.h ****   *         @arg @ref LL_C2_SYSCFG_GRP1_RTCSTAMP_RTCTAMP_LSECSS
1289:Drivers/STM32WBxx_HAL_Driver/Inc/stm32wbxx_ll_system.h ****   *         @arg @ref LL_C2_SYSCFG_GRP1_RTCWKUP
1290:Drivers/STM32WBxx_HAL_Driver/Inc/stm32wbxx_ll_system.h ****   *         @arg @ref LL_C2_SYSCFG_GRP1_RTCALARM
1291:Drivers/STM32WBxx_HAL_Driver/Inc/stm32wbxx_ll_system.h ****   *         @arg @ref LL_C2_SYSCFG_GRP1_RCC
1292:Drivers/STM32WBxx_HAL_Driver/Inc/stm32wbxx_ll_system.h ****   *         @arg @ref LL_C2_SYSCFG_GRP1_FLASH
1293:Drivers/STM32WBxx_HAL_Driver/Inc/stm32wbxx_ll_system.h ****   *         @arg @ref LL_C2_SYSCFG_GRP1_PKA
1294:Drivers/STM32WBxx_HAL_Driver/Inc/stm32wbxx_ll_system.h ****   *         @arg @ref LL_C2_SYSCFG_GRP1_RNG
1295:Drivers/STM32WBxx_HAL_Driver/Inc/stm32wbxx_ll_system.h ****   *         @arg @ref LL_C2_SYSCFG_GRP1_AES1
1296:Drivers/STM32WBxx_HAL_Driver/Inc/stm32wbxx_ll_system.h ****   *         @arg @ref LL_C2_SYSCFG_GRP1_COMP
1297:Drivers/STM32WBxx_HAL_Driver/Inc/stm32wbxx_ll_system.h ****   *         @arg @ref LL_C2_SYSCFG_GRP1_ADC
1298:Drivers/STM32WBxx_HAL_Driver/Inc/stm32wbxx_ll_system.h ****   *         @arg @ref LL_C2_SYSCFG_GRP1_EXTI0
1299:Drivers/STM32WBxx_HAL_Driver/Inc/stm32wbxx_ll_system.h ****   *         @arg @ref LL_C2_SYSCFG_GRP1_EXTI1
1300:Drivers/STM32WBxx_HAL_Driver/Inc/stm32wbxx_ll_system.h ****   *         @arg @ref LL_C2_SYSCFG_GRP1_EXTI2
1301:Drivers/STM32WBxx_HAL_Driver/Inc/stm32wbxx_ll_system.h ****   *         @arg @ref LL_C2_SYSCFG_GRP1_EXTI3
1302:Drivers/STM32WBxx_HAL_Driver/Inc/stm32wbxx_ll_system.h ****   *         @arg @ref LL_C2_SYSCFG_GRP1_EXTI4
1303:Drivers/STM32WBxx_HAL_Driver/Inc/stm32wbxx_ll_system.h ****   *         @arg @ref LL_C2_SYSCFG_GRP1_EXTI5
1304:Drivers/STM32WBxx_HAL_Driver/Inc/stm32wbxx_ll_system.h ****   *         @arg @ref LL_C2_SYSCFG_GRP1_EXTI6
1305:Drivers/STM32WBxx_HAL_Driver/Inc/stm32wbxx_ll_system.h ****   *         @arg @ref LL_C2_SYSCFG_GRP1_EXTI7
1306:Drivers/STM32WBxx_HAL_Driver/Inc/stm32wbxx_ll_system.h ****   *         @arg @ref LL_C2_SYSCFG_GRP1_EXTI8
1307:Drivers/STM32WBxx_HAL_Driver/Inc/stm32wbxx_ll_system.h ****   *         @arg @ref LL_C2_SYSCFG_GRP1_EXTI9
1308:Drivers/STM32WBxx_HAL_Driver/Inc/stm32wbxx_ll_system.h ****   *         @arg @ref LL_C2_SYSCFG_GRP1_EXTI10
1309:Drivers/STM32WBxx_HAL_Driver/Inc/stm32wbxx_ll_system.h ****   *         @arg @ref LL_C2_SYSCFG_GRP1_EXTI11
1310:Drivers/STM32WBxx_HAL_Driver/Inc/stm32wbxx_ll_system.h ****   *         @arg @ref LL_C2_SYSCFG_GRP1_EXTI12
1311:Drivers/STM32WBxx_HAL_Driver/Inc/stm32wbxx_ll_system.h ****   *         @arg @ref LL_C2_SYSCFG_GRP1_EXTI13
1312:Drivers/STM32WBxx_HAL_Driver/Inc/stm32wbxx_ll_system.h ****   *         @arg @ref LL_C2_SYSCFG_GRP1_EXTI14
1313:Drivers/STM32WBxx_HAL_Driver/Inc/stm32wbxx_ll_system.h ****   *         @arg @ref LL_C2_SYSCFG_GRP1_EXTI15
1314:Drivers/STM32WBxx_HAL_Driver/Inc/stm32wbxx_ll_system.h ****   * @retval None
1315:Drivers/STM32WBxx_HAL_Driver/Inc/stm32wbxx_ll_system.h ****   */
1316:Drivers/STM32WBxx_HAL_Driver/Inc/stm32wbxx_ll_system.h **** __STATIC_INLINE void LL_C2_SYSCFG_GRP1_DisableIT(uint32_t Interrupt)
1317:Drivers/STM32WBxx_HAL_Driver/Inc/stm32wbxx_ll_system.h **** {
1318:Drivers/STM32WBxx_HAL_Driver/Inc/stm32wbxx_ll_system.h ****   SET_BIT(SYSCFG->C2IMR1, Interrupt);
1319:Drivers/STM32WBxx_HAL_Driver/Inc/stm32wbxx_ll_system.h **** }
1320:Drivers/STM32WBxx_HAL_Driver/Inc/stm32wbxx_ll_system.h **** 
1321:Drivers/STM32WBxx_HAL_Driver/Inc/stm32wbxx_ll_system.h **** /**
1322:Drivers/STM32WBxx_HAL_Driver/Inc/stm32wbxx_ll_system.h ****   * @brief  Disable CPU2 Interrupt Mask
1323:Drivers/STM32WBxx_HAL_Driver/Inc/stm32wbxx_ll_system.h ****   * @rmtoll SYSCFG_C2IMR2  DMA1CHxIM   LL_C2_SYSCFG_GRP2_DisableIT\n
1324:Drivers/STM32WBxx_HAL_Driver/Inc/stm32wbxx_ll_system.h ****   *         SYSCFG_C2IMR2  DMA2CHxIM   LL_C2_SYSCFG_GRP2_DisableIT\n
1325:Drivers/STM32WBxx_HAL_Driver/Inc/stm32wbxx_ll_system.h ****   *         SYSCFG_C2IMR2  PVM1IM      LL_C2_SYSCFG_GRP2_DisableIT\n
1326:Drivers/STM32WBxx_HAL_Driver/Inc/stm32wbxx_ll_system.h ****   *         SYSCFG_C2IMR2  PVM3IM      LL_C2_SYSCFG_GRP2_DisableIT\n
1327:Drivers/STM32WBxx_HAL_Driver/Inc/stm32wbxx_ll_system.h ****   *         SYSCFG_C2IMR2  PVDIM       LL_C2_SYSCFG_GRP2_DisableIT\n
1328:Drivers/STM32WBxx_HAL_Driver/Inc/stm32wbxx_ll_system.h ****   *         SYSCFG_C2IMR2  TSCIM       LL_C2_SYSCFG_GRP2_DisableIT\n
1329:Drivers/STM32WBxx_HAL_Driver/Inc/stm32wbxx_ll_system.h ****   *         SYSCFG_C2IMR2  LCDIM       LL_C2_SYSCFG_GRP2_DisableIT
ARM GAS  C:\Users\843E~1\AppData\Local\Temp\ccnpSKQK.s 			page 57


1330:Drivers/STM32WBxx_HAL_Driver/Inc/stm32wbxx_ll_system.h ****   * @param  Interrupt This parameter can be a combination of the following values:
1331:Drivers/STM32WBxx_HAL_Driver/Inc/stm32wbxx_ll_system.h ****   *         @arg @ref LL_C2_SYSCFG_GRP2_DMA1CH1
1332:Drivers/STM32WBxx_HAL_Driver/Inc/stm32wbxx_ll_system.h ****   *         @arg @ref LL_C2_SYSCFG_GRP2_DMA1CH2
1333:Drivers/STM32WBxx_HAL_Driver/Inc/stm32wbxx_ll_system.h ****   *         @arg @ref LL_C2_SYSCFG_GRP2_DMA1CH3
1334:Drivers/STM32WBxx_HAL_Driver/Inc/stm32wbxx_ll_system.h ****   *         @arg @ref LL_C2_SYSCFG_GRP2_DMA1CH4
1335:Drivers/STM32WBxx_HAL_Driver/Inc/stm32wbxx_ll_system.h ****   *         @arg @ref LL_C2_SYSCFG_GRP2_DMA1CH5
1336:Drivers/STM32WBxx_HAL_Driver/Inc/stm32wbxx_ll_system.h ****   *         @arg @ref LL_C2_SYSCFG_GRP2_DMA1CH6
1337:Drivers/STM32WBxx_HAL_Driver/Inc/stm32wbxx_ll_system.h ****   *         @arg @ref LL_C2_SYSCFG_GRP2_DMA1CH7
1338:Drivers/STM32WBxx_HAL_Driver/Inc/stm32wbxx_ll_system.h ****   *         @arg @ref LL_C2_SYSCFG_GRP2_DMA2CH1
1339:Drivers/STM32WBxx_HAL_Driver/Inc/stm32wbxx_ll_system.h ****   *         @arg @ref LL_C2_SYSCFG_GRP2_DMA2CH2
1340:Drivers/STM32WBxx_HAL_Driver/Inc/stm32wbxx_ll_system.h ****   *         @arg @ref LL_C2_SYSCFG_GRP2_DMA2CH3
1341:Drivers/STM32WBxx_HAL_Driver/Inc/stm32wbxx_ll_system.h ****   *         @arg @ref LL_C2_SYSCFG_GRP2_DMA2CH4
1342:Drivers/STM32WBxx_HAL_Driver/Inc/stm32wbxx_ll_system.h ****   *         @arg @ref LL_C2_SYSCFG_GRP2_DMA2CH5
1343:Drivers/STM32WBxx_HAL_Driver/Inc/stm32wbxx_ll_system.h ****   *         @arg @ref LL_C2_SYSCFG_GRP2_DMA2CH6
1344:Drivers/STM32WBxx_HAL_Driver/Inc/stm32wbxx_ll_system.h ****   *         @arg @ref LL_C2_SYSCFG_GRP2_DMA2CH7
1345:Drivers/STM32WBxx_HAL_Driver/Inc/stm32wbxx_ll_system.h ****   *         @arg @ref LL_C2_SYSCFG_GRP2_DMAMUX1
1346:Drivers/STM32WBxx_HAL_Driver/Inc/stm32wbxx_ll_system.h ****   *         @arg @ref LL_C2_SYSCFG_GRP2_PVM1
1347:Drivers/STM32WBxx_HAL_Driver/Inc/stm32wbxx_ll_system.h ****   *         @arg @ref LL_C2_SYSCFG_GRP2_PVM3
1348:Drivers/STM32WBxx_HAL_Driver/Inc/stm32wbxx_ll_system.h ****   *         @arg @ref LL_C2_SYSCFG_GRP2_PVD
1349:Drivers/STM32WBxx_HAL_Driver/Inc/stm32wbxx_ll_system.h ****   *         @arg @ref LL_C2_SYSCFG_GRP2_TSC
1350:Drivers/STM32WBxx_HAL_Driver/Inc/stm32wbxx_ll_system.h ****   *         @arg @ref LL_C2_SYSCFG_GRP2_LCD
1351:Drivers/STM32WBxx_HAL_Driver/Inc/stm32wbxx_ll_system.h ****   * @retval None
1352:Drivers/STM32WBxx_HAL_Driver/Inc/stm32wbxx_ll_system.h ****   */
1353:Drivers/STM32WBxx_HAL_Driver/Inc/stm32wbxx_ll_system.h **** __STATIC_INLINE void LL_C2_SYSCFG_GRP2_DisableIT(uint32_t Interrupt)
1354:Drivers/STM32WBxx_HAL_Driver/Inc/stm32wbxx_ll_system.h **** {
1355:Drivers/STM32WBxx_HAL_Driver/Inc/stm32wbxx_ll_system.h ****   SET_BIT(SYSCFG->C2IMR2, Interrupt);
1356:Drivers/STM32WBxx_HAL_Driver/Inc/stm32wbxx_ll_system.h **** }
1357:Drivers/STM32WBxx_HAL_Driver/Inc/stm32wbxx_ll_system.h **** 
1358:Drivers/STM32WBxx_HAL_Driver/Inc/stm32wbxx_ll_system.h **** /**
1359:Drivers/STM32WBxx_HAL_Driver/Inc/stm32wbxx_ll_system.h ****   * @brief  Indicate if CPU2 Interrupt Mask is enabled
1360:Drivers/STM32WBxx_HAL_Driver/Inc/stm32wbxx_ll_system.h ****   * @rmtoll SYSCFG_C2IMR1  RTCSTAMPTAMPLSECSSIM      LL_C2_SYSCFG_GRP1_EnableIT\n
1361:Drivers/STM32WBxx_HAL_Driver/Inc/stm32wbxx_ll_system.h ****   *         SYSCFG_C2IMR1  RTCWKUPIM   LL_C2_SYSCFG_GRP1_IsEnabledIT\n
1362:Drivers/STM32WBxx_HAL_Driver/Inc/stm32wbxx_ll_system.h ****   *         SYSCFG_C2IMR1  RTCALARMIM  LL_C2_SYSCFG_GRP1_IsEnabledIT\n
1363:Drivers/STM32WBxx_HAL_Driver/Inc/stm32wbxx_ll_system.h ****   *         SYSCFG_C2IMR1  RCCIM       LL_C2_SYSCFG_GRP1_IsEnabledIT\n
1364:Drivers/STM32WBxx_HAL_Driver/Inc/stm32wbxx_ll_system.h ****   *         SYSCFG_C2IMR1  FLASHIM     LL_C2_SYSCFG_GRP1_IsEnabledIT\n
1365:Drivers/STM32WBxx_HAL_Driver/Inc/stm32wbxx_ll_system.h ****   *         SYSCFG_C2IMR1  PKAIM       LL_C2_SYSCFG_GRP1_IsEnabledIT\n
1366:Drivers/STM32WBxx_HAL_Driver/Inc/stm32wbxx_ll_system.h ****   *         SYSCFG_C2IMR1  RNGIM       LL_C2_SYSCFG_GRP1_IsEnabledIT\n
1367:Drivers/STM32WBxx_HAL_Driver/Inc/stm32wbxx_ll_system.h ****   *         SYSCFG_C2IMR1  AES1IM      LL_C2_SYSCFG_GRP1_IsEnabledIT\n
1368:Drivers/STM32WBxx_HAL_Driver/Inc/stm32wbxx_ll_system.h ****   *         SYSCFG_C2IMR1  COMPIM      LL_C2_SYSCFG_GRP1_IsEnabledIT\n
1369:Drivers/STM32WBxx_HAL_Driver/Inc/stm32wbxx_ll_system.h ****   *         SYSCFG_C2IMR1  ADCIM       LL_C2_SYSCFG_GRP1_IsEnabledIT\n
1370:Drivers/STM32WBxx_HAL_Driver/Inc/stm32wbxx_ll_system.h ****   *         SYSCFG_C2IMR1  EXTIxIM     LL_C2_SYSCFG_GRP1_IsEnabledIT
1371:Drivers/STM32WBxx_HAL_Driver/Inc/stm32wbxx_ll_system.h ****   * @param  Interrupt This parameter can be one of the following values:
1372:Drivers/STM32WBxx_HAL_Driver/Inc/stm32wbxx_ll_system.h ****   *         @arg @ref LL_C2_SYSCFG_GRP1_RTCSTAMP_RTCTAMP_LSECSS
1373:Drivers/STM32WBxx_HAL_Driver/Inc/stm32wbxx_ll_system.h ****   *         @arg @ref LL_C2_SYSCFG_GRP1_RTCWKUP
1374:Drivers/STM32WBxx_HAL_Driver/Inc/stm32wbxx_ll_system.h ****   *         @arg @ref LL_C2_SYSCFG_GRP1_RTCALARM
1375:Drivers/STM32WBxx_HAL_Driver/Inc/stm32wbxx_ll_system.h ****   *         @arg @ref LL_C2_SYSCFG_GRP1_RCC
1376:Drivers/STM32WBxx_HAL_Driver/Inc/stm32wbxx_ll_system.h ****   *         @arg @ref LL_C2_SYSCFG_GRP1_FLASH
1377:Drivers/STM32WBxx_HAL_Driver/Inc/stm32wbxx_ll_system.h ****   *         @arg @ref LL_C2_SYSCFG_GRP1_PKA
1378:Drivers/STM32WBxx_HAL_Driver/Inc/stm32wbxx_ll_system.h ****   *         @arg @ref LL_C2_SYSCFG_GRP1_RNG
1379:Drivers/STM32WBxx_HAL_Driver/Inc/stm32wbxx_ll_system.h ****   *         @arg @ref LL_C2_SYSCFG_GRP1_AES1
1380:Drivers/STM32WBxx_HAL_Driver/Inc/stm32wbxx_ll_system.h ****   *         @arg @ref LL_C2_SYSCFG_GRP1_COMP
1381:Drivers/STM32WBxx_HAL_Driver/Inc/stm32wbxx_ll_system.h ****   *         @arg @ref LL_C2_SYSCFG_GRP1_ADC
1382:Drivers/STM32WBxx_HAL_Driver/Inc/stm32wbxx_ll_system.h ****   *         @arg @ref LL_C2_SYSCFG_GRP1_EXTI0
1383:Drivers/STM32WBxx_HAL_Driver/Inc/stm32wbxx_ll_system.h ****   *         @arg @ref LL_C2_SYSCFG_GRP1_EXTI1
1384:Drivers/STM32WBxx_HAL_Driver/Inc/stm32wbxx_ll_system.h ****   *         @arg @ref LL_C2_SYSCFG_GRP1_EXTI2
1385:Drivers/STM32WBxx_HAL_Driver/Inc/stm32wbxx_ll_system.h ****   *         @arg @ref LL_C2_SYSCFG_GRP1_EXTI3
1386:Drivers/STM32WBxx_HAL_Driver/Inc/stm32wbxx_ll_system.h ****   *         @arg @ref LL_C2_SYSCFG_GRP1_EXTI4
ARM GAS  C:\Users\843E~1\AppData\Local\Temp\ccnpSKQK.s 			page 58


1387:Drivers/STM32WBxx_HAL_Driver/Inc/stm32wbxx_ll_system.h ****   *         @arg @ref LL_C2_SYSCFG_GRP1_EXTI5
1388:Drivers/STM32WBxx_HAL_Driver/Inc/stm32wbxx_ll_system.h ****   *         @arg @ref LL_C2_SYSCFG_GRP1_EXTI6
1389:Drivers/STM32WBxx_HAL_Driver/Inc/stm32wbxx_ll_system.h ****   *         @arg @ref LL_C2_SYSCFG_GRP1_EXTI7
1390:Drivers/STM32WBxx_HAL_Driver/Inc/stm32wbxx_ll_system.h ****   *         @arg @ref LL_C2_SYSCFG_GRP1_EXTI8
1391:Drivers/STM32WBxx_HAL_Driver/Inc/stm32wbxx_ll_system.h ****   *         @arg @ref LL_C2_SYSCFG_GRP1_EXTI9
1392:Drivers/STM32WBxx_HAL_Driver/Inc/stm32wbxx_ll_system.h ****   *         @arg @ref LL_C2_SYSCFG_GRP1_EXTI10
1393:Drivers/STM32WBxx_HAL_Driver/Inc/stm32wbxx_ll_system.h ****   *         @arg @ref LL_C2_SYSCFG_GRP1_EXTI11
1394:Drivers/STM32WBxx_HAL_Driver/Inc/stm32wbxx_ll_system.h ****   *         @arg @ref LL_C2_SYSCFG_GRP1_EXTI12
1395:Drivers/STM32WBxx_HAL_Driver/Inc/stm32wbxx_ll_system.h ****   *         @arg @ref LL_C2_SYSCFG_GRP1_EXTI13
1396:Drivers/STM32WBxx_HAL_Driver/Inc/stm32wbxx_ll_system.h ****   *         @arg @ref LL_C2_SYSCFG_GRP1_EXTI14
1397:Drivers/STM32WBxx_HAL_Driver/Inc/stm32wbxx_ll_system.h ****   *         @arg @ref LL_C2_SYSCFG_GRP1_EXTI15
1398:Drivers/STM32WBxx_HAL_Driver/Inc/stm32wbxx_ll_system.h ****   * @retval State of bit (1 or 0).
1399:Drivers/STM32WBxx_HAL_Driver/Inc/stm32wbxx_ll_system.h ****   */
1400:Drivers/STM32WBxx_HAL_Driver/Inc/stm32wbxx_ll_system.h **** __STATIC_INLINE uint32_t LL_C2_SYSCFG_GRP1_IsEnabledIT(uint32_t Interrupt)
1401:Drivers/STM32WBxx_HAL_Driver/Inc/stm32wbxx_ll_system.h **** {
1402:Drivers/STM32WBxx_HAL_Driver/Inc/stm32wbxx_ll_system.h ****   return ((READ_BIT(SYSCFG->C2IMR1, Interrupt) != (Interrupt)) ? 1UL : 0UL);
1403:Drivers/STM32WBxx_HAL_Driver/Inc/stm32wbxx_ll_system.h **** }
1404:Drivers/STM32WBxx_HAL_Driver/Inc/stm32wbxx_ll_system.h **** 
1405:Drivers/STM32WBxx_HAL_Driver/Inc/stm32wbxx_ll_system.h **** /**
1406:Drivers/STM32WBxx_HAL_Driver/Inc/stm32wbxx_ll_system.h ****   * @brief  Indicate if CPU2 Interrupt Mask is enabled
1407:Drivers/STM32WBxx_HAL_Driver/Inc/stm32wbxx_ll_system.h ****   * @rmtoll SYSCFG_C2IMR2  DMA1CHxIM   LL_C2_SYSCFG_GRP2_IsEnabledIT\n
1408:Drivers/STM32WBxx_HAL_Driver/Inc/stm32wbxx_ll_system.h ****   *         SYSCFG_C2IMR2  DMA2CHxIM   LL_C2_SYSCFG_GRP2_IsEnabledIT\n
1409:Drivers/STM32WBxx_HAL_Driver/Inc/stm32wbxx_ll_system.h ****   *         SYSCFG_C2IMR2  PVM1IM      LL_C2_SYSCFG_GRP2_IsEnabledIT\n
1410:Drivers/STM32WBxx_HAL_Driver/Inc/stm32wbxx_ll_system.h ****   *         SYSCFG_C2IMR2  PVM3IM      LL_C2_SYSCFG_GRP2_IsEnabledIT\n
1411:Drivers/STM32WBxx_HAL_Driver/Inc/stm32wbxx_ll_system.h ****   *         SYSCFG_C2IMR2  PVDIM       LL_C2_SYSCFG_GRP2_IsEnabledIT\n
1412:Drivers/STM32WBxx_HAL_Driver/Inc/stm32wbxx_ll_system.h ****   *         SYSCFG_C2IMR2  TSCIM       LL_C2_SYSCFG_GRP2_IsEnabledIT\n
1413:Drivers/STM32WBxx_HAL_Driver/Inc/stm32wbxx_ll_system.h ****   *         SYSCFG_C2IMR2  LCDIM       LL_C2_SYSCFG_GRP2_IsEnabledIT
1414:Drivers/STM32WBxx_HAL_Driver/Inc/stm32wbxx_ll_system.h ****   * @param  Interrupt This parameter can be one of the following values:
1415:Drivers/STM32WBxx_HAL_Driver/Inc/stm32wbxx_ll_system.h ****   *         @arg @ref LL_C2_SYSCFG_GRP2_DMA1CH1
1416:Drivers/STM32WBxx_HAL_Driver/Inc/stm32wbxx_ll_system.h ****   *         @arg @ref LL_C2_SYSCFG_GRP2_DMA1CH2
1417:Drivers/STM32WBxx_HAL_Driver/Inc/stm32wbxx_ll_system.h ****   *         @arg @ref LL_C2_SYSCFG_GRP2_DMA1CH3
1418:Drivers/STM32WBxx_HAL_Driver/Inc/stm32wbxx_ll_system.h ****   *         @arg @ref LL_C2_SYSCFG_GRP2_DMA1CH4
1419:Drivers/STM32WBxx_HAL_Driver/Inc/stm32wbxx_ll_system.h ****   *         @arg @ref LL_C2_SYSCFG_GRP2_DMA1CH5
1420:Drivers/STM32WBxx_HAL_Driver/Inc/stm32wbxx_ll_system.h ****   *         @arg @ref LL_C2_SYSCFG_GRP2_DMA1CH6
1421:Drivers/STM32WBxx_HAL_Driver/Inc/stm32wbxx_ll_system.h ****   *         @arg @ref LL_C2_SYSCFG_GRP2_DMA1CH7
1422:Drivers/STM32WBxx_HAL_Driver/Inc/stm32wbxx_ll_system.h ****   *         @arg @ref LL_C2_SYSCFG_GRP2_DMA2CH1
1423:Drivers/STM32WBxx_HAL_Driver/Inc/stm32wbxx_ll_system.h ****   *         @arg @ref LL_C2_SYSCFG_GRP2_DMA2CH2
1424:Drivers/STM32WBxx_HAL_Driver/Inc/stm32wbxx_ll_system.h ****   *         @arg @ref LL_C2_SYSCFG_GRP2_DMA2CH3
1425:Drivers/STM32WBxx_HAL_Driver/Inc/stm32wbxx_ll_system.h ****   *         @arg @ref LL_C2_SYSCFG_GRP2_DMA2CH4
1426:Drivers/STM32WBxx_HAL_Driver/Inc/stm32wbxx_ll_system.h ****   *         @arg @ref LL_C2_SYSCFG_GRP2_DMA2CH5
1427:Drivers/STM32WBxx_HAL_Driver/Inc/stm32wbxx_ll_system.h ****   *         @arg @ref LL_C2_SYSCFG_GRP2_DMA2CH6
1428:Drivers/STM32WBxx_HAL_Driver/Inc/stm32wbxx_ll_system.h ****   *         @arg @ref LL_C2_SYSCFG_GRP2_DMA2CH7
1429:Drivers/STM32WBxx_HAL_Driver/Inc/stm32wbxx_ll_system.h ****   *         @arg @ref LL_C2_SYSCFG_GRP2_DMAMUX1
1430:Drivers/STM32WBxx_HAL_Driver/Inc/stm32wbxx_ll_system.h ****   *         @arg @ref LL_C2_SYSCFG_GRP2_PVM1
1431:Drivers/STM32WBxx_HAL_Driver/Inc/stm32wbxx_ll_system.h ****   *         @arg @ref LL_C2_SYSCFG_GRP2_PVM3
1432:Drivers/STM32WBxx_HAL_Driver/Inc/stm32wbxx_ll_system.h ****   *         @arg @ref LL_C2_SYSCFG_GRP2_PVD
1433:Drivers/STM32WBxx_HAL_Driver/Inc/stm32wbxx_ll_system.h ****   *         @arg @ref LL_C2_SYSCFG_GRP2_TSC
1434:Drivers/STM32WBxx_HAL_Driver/Inc/stm32wbxx_ll_system.h ****   *         @arg @ref LL_C2_SYSCFG_GRP2_LCD
1435:Drivers/STM32WBxx_HAL_Driver/Inc/stm32wbxx_ll_system.h ****   * @retval State of bit (1 or 0).
1436:Drivers/STM32WBxx_HAL_Driver/Inc/stm32wbxx_ll_system.h ****   */
1437:Drivers/STM32WBxx_HAL_Driver/Inc/stm32wbxx_ll_system.h **** __STATIC_INLINE uint32_t LL_C2_SYSCFG_GRP2_IsEnabledIT(uint32_t Interrupt)
1438:Drivers/STM32WBxx_HAL_Driver/Inc/stm32wbxx_ll_system.h **** {
1439:Drivers/STM32WBxx_HAL_Driver/Inc/stm32wbxx_ll_system.h ****   return ((READ_BIT(SYSCFG->C2IMR2, Interrupt) != (Interrupt)) ? 1UL : 0UL);
1440:Drivers/STM32WBxx_HAL_Driver/Inc/stm32wbxx_ll_system.h **** }
1441:Drivers/STM32WBxx_HAL_Driver/Inc/stm32wbxx_ll_system.h **** 
1442:Drivers/STM32WBxx_HAL_Driver/Inc/stm32wbxx_ll_system.h **** /**
1443:Drivers/STM32WBxx_HAL_Driver/Inc/stm32wbxx_ll_system.h ****   * @brief  Enable the access for security IP
ARM GAS  C:\Users\843E~1\AppData\Local\Temp\ccnpSKQK.s 			page 59


1444:Drivers/STM32WBxx_HAL_Driver/Inc/stm32wbxx_ll_system.h ****   * @rmtoll SYSCFG_SIPCR SAES1         LL_SYSCFG_EnableSecurityAccess\n
1445:Drivers/STM32WBxx_HAL_Driver/Inc/stm32wbxx_ll_system.h ****   *         SYSCFG_CFGR1 SAES2         LL_SYSCFG_EnableSecurityAccess\n
1446:Drivers/STM32WBxx_HAL_Driver/Inc/stm32wbxx_ll_system.h ****   *         SYSCFG_CFGR1 SPKA          LL_SYSCFG_EnableSecurityAccess\n
1447:Drivers/STM32WBxx_HAL_Driver/Inc/stm32wbxx_ll_system.h ****   *         SYSCFG_CFGR1 SRNG          LL_SYSCFG_EnableSecurityAccess
1448:Drivers/STM32WBxx_HAL_Driver/Inc/stm32wbxx_ll_system.h ****   * @param  SecurityAccess This parameter can be a combination of the following values:
1449:Drivers/STM32WBxx_HAL_Driver/Inc/stm32wbxx_ll_system.h ****   *         @arg @ref LL_SYSCFG_SECURE_ACCESS_AES1
1450:Drivers/STM32WBxx_HAL_Driver/Inc/stm32wbxx_ll_system.h ****   *         @arg @ref LL_SYSCFG_SECURE_ACCESS_AES2
1451:Drivers/STM32WBxx_HAL_Driver/Inc/stm32wbxx_ll_system.h ****   *         @arg @ref LL_SYSCFG_SECURE_ACCESS_PKA
1452:Drivers/STM32WBxx_HAL_Driver/Inc/stm32wbxx_ll_system.h ****   *         @arg @ref LL_SYSCFG_SECURE_ACCESS_RNG
1453:Drivers/STM32WBxx_HAL_Driver/Inc/stm32wbxx_ll_system.h ****   * @retval None
1454:Drivers/STM32WBxx_HAL_Driver/Inc/stm32wbxx_ll_system.h ****   */
1455:Drivers/STM32WBxx_HAL_Driver/Inc/stm32wbxx_ll_system.h **** __STATIC_INLINE void LL_SYSCFG_EnableSecurityAccess(uint32_t SecurityAccess)
1456:Drivers/STM32WBxx_HAL_Driver/Inc/stm32wbxx_ll_system.h **** {
1457:Drivers/STM32WBxx_HAL_Driver/Inc/stm32wbxx_ll_system.h ****   SET_BIT(SYSCFG->SIPCR, SecurityAccess);
1458:Drivers/STM32WBxx_HAL_Driver/Inc/stm32wbxx_ll_system.h **** }
1459:Drivers/STM32WBxx_HAL_Driver/Inc/stm32wbxx_ll_system.h **** 
1460:Drivers/STM32WBxx_HAL_Driver/Inc/stm32wbxx_ll_system.h **** /**
1461:Drivers/STM32WBxx_HAL_Driver/Inc/stm32wbxx_ll_system.h ****   * @brief  Disable the access for security IP
1462:Drivers/STM32WBxx_HAL_Driver/Inc/stm32wbxx_ll_system.h ****   * @rmtoll SYSCFG_SIPCR SAES1         LL_SYSCFG_DisableSecurityAccess\n
1463:Drivers/STM32WBxx_HAL_Driver/Inc/stm32wbxx_ll_system.h ****   *         SYSCFG_CFGR1 SAES2         LL_SYSCFG_DisableSecurityAccess\n
1464:Drivers/STM32WBxx_HAL_Driver/Inc/stm32wbxx_ll_system.h ****   *         SYSCFG_CFGR1 SPKA          LL_SYSCFG_DisableSecurityAccess\n
1465:Drivers/STM32WBxx_HAL_Driver/Inc/stm32wbxx_ll_system.h ****   *         SYSCFG_CFGR1 SRNG          LL_SYSCFG_DisableSecurityAccess
1466:Drivers/STM32WBxx_HAL_Driver/Inc/stm32wbxx_ll_system.h ****   * @param  SecurityAccess This parameter can be a combination of the following values:
1467:Drivers/STM32WBxx_HAL_Driver/Inc/stm32wbxx_ll_system.h ****   *         @arg @ref LL_SYSCFG_SECURE_ACCESS_AES1
1468:Drivers/STM32WBxx_HAL_Driver/Inc/stm32wbxx_ll_system.h ****   *         @arg @ref LL_SYSCFG_SECURE_ACCESS_AES2
1469:Drivers/STM32WBxx_HAL_Driver/Inc/stm32wbxx_ll_system.h ****   *         @arg @ref LL_SYSCFG_SECURE_ACCESS_PKA
1470:Drivers/STM32WBxx_HAL_Driver/Inc/stm32wbxx_ll_system.h ****   *         @arg @ref LL_SYSCFG_SECURE_ACCESS_RNG
1471:Drivers/STM32WBxx_HAL_Driver/Inc/stm32wbxx_ll_system.h ****   * @retval None
1472:Drivers/STM32WBxx_HAL_Driver/Inc/stm32wbxx_ll_system.h ****   */
1473:Drivers/STM32WBxx_HAL_Driver/Inc/stm32wbxx_ll_system.h **** __STATIC_INLINE void LL_SYSCFG_DisableSecurityAccess(uint32_t SecurityAccess)
1474:Drivers/STM32WBxx_HAL_Driver/Inc/stm32wbxx_ll_system.h **** {
1475:Drivers/STM32WBxx_HAL_Driver/Inc/stm32wbxx_ll_system.h ****   CLEAR_BIT(SYSCFG->SIPCR, SecurityAccess);
1476:Drivers/STM32WBxx_HAL_Driver/Inc/stm32wbxx_ll_system.h **** }
1477:Drivers/STM32WBxx_HAL_Driver/Inc/stm32wbxx_ll_system.h **** 
1478:Drivers/STM32WBxx_HAL_Driver/Inc/stm32wbxx_ll_system.h **** /**
1479:Drivers/STM32WBxx_HAL_Driver/Inc/stm32wbxx_ll_system.h ****   * @brief  Indicate if access for security IP is enabled
1480:Drivers/STM32WBxx_HAL_Driver/Inc/stm32wbxx_ll_system.h ****   * @rmtoll SYSCFG_SIPCR SAES1         LL_SYSCFG_IsEnabledSecurityAccess\n
1481:Drivers/STM32WBxx_HAL_Driver/Inc/stm32wbxx_ll_system.h ****   *         SYSCFG_CFGR1 SAES2         LL_SYSCFG_IsEnabledSecurityAccess\n
1482:Drivers/STM32WBxx_HAL_Driver/Inc/stm32wbxx_ll_system.h ****   *         SYSCFG_CFGR1 SPKA          LL_SYSCFG_IsEnabledSecurityAccess\n
1483:Drivers/STM32WBxx_HAL_Driver/Inc/stm32wbxx_ll_system.h ****   *         SYSCFG_CFGR1 SRNG          LL_SYSCFG_IsEnabledSecurityAccess
1484:Drivers/STM32WBxx_HAL_Driver/Inc/stm32wbxx_ll_system.h ****   * @param  SecurityAccess This parameter can be one of the following values:
1485:Drivers/STM32WBxx_HAL_Driver/Inc/stm32wbxx_ll_system.h ****   *         @arg @ref LL_SYSCFG_SECURE_ACCESS_AES1
1486:Drivers/STM32WBxx_HAL_Driver/Inc/stm32wbxx_ll_system.h ****   *         @arg @ref LL_SYSCFG_SECURE_ACCESS_AES2
1487:Drivers/STM32WBxx_HAL_Driver/Inc/stm32wbxx_ll_system.h ****   *         @arg @ref LL_SYSCFG_SECURE_ACCESS_PKA
1488:Drivers/STM32WBxx_HAL_Driver/Inc/stm32wbxx_ll_system.h ****   *         @arg @ref LL_SYSCFG_SECURE_ACCESS_RNG
1489:Drivers/STM32WBxx_HAL_Driver/Inc/stm32wbxx_ll_system.h ****   * @retval State of bit (1 or 0).
1490:Drivers/STM32WBxx_HAL_Driver/Inc/stm32wbxx_ll_system.h ****   */
1491:Drivers/STM32WBxx_HAL_Driver/Inc/stm32wbxx_ll_system.h **** __STATIC_INLINE uint32_t LL_SYSCFG_IsEnabledSecurityAccess(uint32_t SecurityAccess)
1492:Drivers/STM32WBxx_HAL_Driver/Inc/stm32wbxx_ll_system.h **** {
1493:Drivers/STM32WBxx_HAL_Driver/Inc/stm32wbxx_ll_system.h ****   return ((READ_BIT(SYSCFG->SIPCR, SecurityAccess) == (SecurityAccess)) ? 1UL : 0UL);
1494:Drivers/STM32WBxx_HAL_Driver/Inc/stm32wbxx_ll_system.h **** }
1495:Drivers/STM32WBxx_HAL_Driver/Inc/stm32wbxx_ll_system.h **** 
1496:Drivers/STM32WBxx_HAL_Driver/Inc/stm32wbxx_ll_system.h **** /**
1497:Drivers/STM32WBxx_HAL_Driver/Inc/stm32wbxx_ll_system.h ****   * @}
1498:Drivers/STM32WBxx_HAL_Driver/Inc/stm32wbxx_ll_system.h ****   */
1499:Drivers/STM32WBxx_HAL_Driver/Inc/stm32wbxx_ll_system.h **** 
1500:Drivers/STM32WBxx_HAL_Driver/Inc/stm32wbxx_ll_system.h **** /** @defgroup SYSTEM_LL_EF_DBGMCU DBGMCU
ARM GAS  C:\Users\843E~1\AppData\Local\Temp\ccnpSKQK.s 			page 60


1501:Drivers/STM32WBxx_HAL_Driver/Inc/stm32wbxx_ll_system.h ****   * @note  DBGMCU is only accessible by Cortex M4
1502:Drivers/STM32WBxx_HAL_Driver/Inc/stm32wbxx_ll_system.h ****   *        To access on DBGMCU, Cortex M0+ need to request to the Cortex M4
1503:Drivers/STM32WBxx_HAL_Driver/Inc/stm32wbxx_ll_system.h ****   *        the action.
1504:Drivers/STM32WBxx_HAL_Driver/Inc/stm32wbxx_ll_system.h ****   * @{
1505:Drivers/STM32WBxx_HAL_Driver/Inc/stm32wbxx_ll_system.h ****   */
1506:Drivers/STM32WBxx_HAL_Driver/Inc/stm32wbxx_ll_system.h **** 
1507:Drivers/STM32WBxx_HAL_Driver/Inc/stm32wbxx_ll_system.h **** /**
1508:Drivers/STM32WBxx_HAL_Driver/Inc/stm32wbxx_ll_system.h ****   * @brief  Return the device identifier
1509:Drivers/STM32WBxx_HAL_Driver/Inc/stm32wbxx_ll_system.h ****   * @note   For STM32WBxxxx devices, the device ID is 0x495
1510:Drivers/STM32WBxx_HAL_Driver/Inc/stm32wbxx_ll_system.h ****   * @rmtoll DBGMCU_IDCODE DEV_ID        LL_DBGMCU_GetDeviceID
1511:Drivers/STM32WBxx_HAL_Driver/Inc/stm32wbxx_ll_system.h ****   * @retval Values between Min_Data=0x00 and Max_Data=0xFFF (ex: device ID is 0x495)
1512:Drivers/STM32WBxx_HAL_Driver/Inc/stm32wbxx_ll_system.h ****   */
1513:Drivers/STM32WBxx_HAL_Driver/Inc/stm32wbxx_ll_system.h **** __STATIC_INLINE uint32_t LL_DBGMCU_GetDeviceID(void)
1514:Drivers/STM32WBxx_HAL_Driver/Inc/stm32wbxx_ll_system.h **** {
1515:Drivers/STM32WBxx_HAL_Driver/Inc/stm32wbxx_ll_system.h ****   return (uint32_t)(READ_BIT(DBGMCU->IDCODE, DBGMCU_IDCODE_DEV_ID));
1516:Drivers/STM32WBxx_HAL_Driver/Inc/stm32wbxx_ll_system.h **** }
1517:Drivers/STM32WBxx_HAL_Driver/Inc/stm32wbxx_ll_system.h **** 
1518:Drivers/STM32WBxx_HAL_Driver/Inc/stm32wbxx_ll_system.h **** /**
1519:Drivers/STM32WBxx_HAL_Driver/Inc/stm32wbxx_ll_system.h ****   * @brief  Return the device revision identifier
1520:Drivers/STM32WBxx_HAL_Driver/Inc/stm32wbxx_ll_system.h ****   * @note   This field indicates the revision of the device.
1521:Drivers/STM32WBxx_HAL_Driver/Inc/stm32wbxx_ll_system.h ****   * @rmtoll DBGMCU_IDCODE REV_ID        LL_DBGMCU_GetRevisionID
1522:Drivers/STM32WBxx_HAL_Driver/Inc/stm32wbxx_ll_system.h ****   * @retval Values between Min_Data=0x00 and Max_Data=0xFFFF
1523:Drivers/STM32WBxx_HAL_Driver/Inc/stm32wbxx_ll_system.h ****   */
1524:Drivers/STM32WBxx_HAL_Driver/Inc/stm32wbxx_ll_system.h **** __STATIC_INLINE uint32_t LL_DBGMCU_GetRevisionID(void)
1525:Drivers/STM32WBxx_HAL_Driver/Inc/stm32wbxx_ll_system.h **** {
1526:Drivers/STM32WBxx_HAL_Driver/Inc/stm32wbxx_ll_system.h ****   return (uint32_t)(READ_BIT(DBGMCU->IDCODE, DBGMCU_IDCODE_REV_ID) >> DBGMCU_IDCODE_REV_ID_Pos);
1527:Drivers/STM32WBxx_HAL_Driver/Inc/stm32wbxx_ll_system.h **** }
1528:Drivers/STM32WBxx_HAL_Driver/Inc/stm32wbxx_ll_system.h **** 
1529:Drivers/STM32WBxx_HAL_Driver/Inc/stm32wbxx_ll_system.h **** /**
1530:Drivers/STM32WBxx_HAL_Driver/Inc/stm32wbxx_ll_system.h ****   * @brief  Enable the Debug Module during SLEEP mode
1531:Drivers/STM32WBxx_HAL_Driver/Inc/stm32wbxx_ll_system.h ****   * @rmtoll DBGMCU_CR    DBG_SLEEP     LL_DBGMCU_EnableDBGSleepMode
1532:Drivers/STM32WBxx_HAL_Driver/Inc/stm32wbxx_ll_system.h ****   * @retval None
1533:Drivers/STM32WBxx_HAL_Driver/Inc/stm32wbxx_ll_system.h ****   */
1534:Drivers/STM32WBxx_HAL_Driver/Inc/stm32wbxx_ll_system.h **** __STATIC_INLINE void LL_DBGMCU_EnableDBGSleepMode(void)
1535:Drivers/STM32WBxx_HAL_Driver/Inc/stm32wbxx_ll_system.h **** {
1536:Drivers/STM32WBxx_HAL_Driver/Inc/stm32wbxx_ll_system.h ****   SET_BIT(DBGMCU->CR, DBGMCU_CR_DBG_SLEEP);
1537:Drivers/STM32WBxx_HAL_Driver/Inc/stm32wbxx_ll_system.h **** }
1538:Drivers/STM32WBxx_HAL_Driver/Inc/stm32wbxx_ll_system.h **** 
1539:Drivers/STM32WBxx_HAL_Driver/Inc/stm32wbxx_ll_system.h **** /**
1540:Drivers/STM32WBxx_HAL_Driver/Inc/stm32wbxx_ll_system.h ****   * @brief  Disable the Debug Module during SLEEP mode
1541:Drivers/STM32WBxx_HAL_Driver/Inc/stm32wbxx_ll_system.h ****   * @rmtoll DBGMCU_CR    DBG_SLEEP     LL_DBGMCU_DisableDBGSleepMode
1542:Drivers/STM32WBxx_HAL_Driver/Inc/stm32wbxx_ll_system.h ****   * @retval None
1543:Drivers/STM32WBxx_HAL_Driver/Inc/stm32wbxx_ll_system.h ****   */
1544:Drivers/STM32WBxx_HAL_Driver/Inc/stm32wbxx_ll_system.h **** __STATIC_INLINE void LL_DBGMCU_DisableDBGSleepMode(void)
1545:Drivers/STM32WBxx_HAL_Driver/Inc/stm32wbxx_ll_system.h **** {
1546:Drivers/STM32WBxx_HAL_Driver/Inc/stm32wbxx_ll_system.h ****   CLEAR_BIT(DBGMCU->CR, DBGMCU_CR_DBG_SLEEP);
1547:Drivers/STM32WBxx_HAL_Driver/Inc/stm32wbxx_ll_system.h **** }
1548:Drivers/STM32WBxx_HAL_Driver/Inc/stm32wbxx_ll_system.h **** 
1549:Drivers/STM32WBxx_HAL_Driver/Inc/stm32wbxx_ll_system.h **** /**
1550:Drivers/STM32WBxx_HAL_Driver/Inc/stm32wbxx_ll_system.h ****   * @brief  Enable the Debug Module during STOP mode
1551:Drivers/STM32WBxx_HAL_Driver/Inc/stm32wbxx_ll_system.h ****   * @rmtoll DBGMCU_CR    DBG_STOP      LL_DBGMCU_EnableDBGStopMode
1552:Drivers/STM32WBxx_HAL_Driver/Inc/stm32wbxx_ll_system.h ****   * @retval None
1553:Drivers/STM32WBxx_HAL_Driver/Inc/stm32wbxx_ll_system.h ****   */
1554:Drivers/STM32WBxx_HAL_Driver/Inc/stm32wbxx_ll_system.h **** __STATIC_INLINE void LL_DBGMCU_EnableDBGStopMode(void)
1555:Drivers/STM32WBxx_HAL_Driver/Inc/stm32wbxx_ll_system.h **** {
1556:Drivers/STM32WBxx_HAL_Driver/Inc/stm32wbxx_ll_system.h ****   SET_BIT(DBGMCU->CR, DBGMCU_CR_DBG_STOP);
1557:Drivers/STM32WBxx_HAL_Driver/Inc/stm32wbxx_ll_system.h **** }
ARM GAS  C:\Users\843E~1\AppData\Local\Temp\ccnpSKQK.s 			page 61


1558:Drivers/STM32WBxx_HAL_Driver/Inc/stm32wbxx_ll_system.h **** 
1559:Drivers/STM32WBxx_HAL_Driver/Inc/stm32wbxx_ll_system.h **** /**
1560:Drivers/STM32WBxx_HAL_Driver/Inc/stm32wbxx_ll_system.h ****   * @brief  Disable the Debug Module during STOP mode
1561:Drivers/STM32WBxx_HAL_Driver/Inc/stm32wbxx_ll_system.h ****   * @rmtoll DBGMCU_CR    DBG_STOP      LL_DBGMCU_DisableDBGStopMode
1562:Drivers/STM32WBxx_HAL_Driver/Inc/stm32wbxx_ll_system.h ****   * @retval None
1563:Drivers/STM32WBxx_HAL_Driver/Inc/stm32wbxx_ll_system.h ****   */
1564:Drivers/STM32WBxx_HAL_Driver/Inc/stm32wbxx_ll_system.h **** __STATIC_INLINE void LL_DBGMCU_DisableDBGStopMode(void)
1565:Drivers/STM32WBxx_HAL_Driver/Inc/stm32wbxx_ll_system.h **** {
1566:Drivers/STM32WBxx_HAL_Driver/Inc/stm32wbxx_ll_system.h ****   CLEAR_BIT(DBGMCU->CR, DBGMCU_CR_DBG_STOP);
1567:Drivers/STM32WBxx_HAL_Driver/Inc/stm32wbxx_ll_system.h **** }
1568:Drivers/STM32WBxx_HAL_Driver/Inc/stm32wbxx_ll_system.h **** 
1569:Drivers/STM32WBxx_HAL_Driver/Inc/stm32wbxx_ll_system.h **** /**
1570:Drivers/STM32WBxx_HAL_Driver/Inc/stm32wbxx_ll_system.h ****   * @brief  Enable the Debug Module during STANDBY mode
1571:Drivers/STM32WBxx_HAL_Driver/Inc/stm32wbxx_ll_system.h ****   * @rmtoll DBGMCU_CR    DBG_STANDBY   LL_DBGMCU_EnableDBGStandbyMode
1572:Drivers/STM32WBxx_HAL_Driver/Inc/stm32wbxx_ll_system.h ****   * @retval None
1573:Drivers/STM32WBxx_HAL_Driver/Inc/stm32wbxx_ll_system.h ****   */
1574:Drivers/STM32WBxx_HAL_Driver/Inc/stm32wbxx_ll_system.h **** __STATIC_INLINE void LL_DBGMCU_EnableDBGStandbyMode(void)
1575:Drivers/STM32WBxx_HAL_Driver/Inc/stm32wbxx_ll_system.h **** {
1576:Drivers/STM32WBxx_HAL_Driver/Inc/stm32wbxx_ll_system.h ****   SET_BIT(DBGMCU->CR, DBGMCU_CR_DBG_STANDBY);
1577:Drivers/STM32WBxx_HAL_Driver/Inc/stm32wbxx_ll_system.h **** }
1578:Drivers/STM32WBxx_HAL_Driver/Inc/stm32wbxx_ll_system.h **** 
1579:Drivers/STM32WBxx_HAL_Driver/Inc/stm32wbxx_ll_system.h **** /**
1580:Drivers/STM32WBxx_HAL_Driver/Inc/stm32wbxx_ll_system.h ****   * @brief  Disable the Debug Module during STANDBY mode
1581:Drivers/STM32WBxx_HAL_Driver/Inc/stm32wbxx_ll_system.h ****   * @rmtoll DBGMCU_CR    DBG_STANDBY   LL_DBGMCU_DisableDBGStandbyMode
1582:Drivers/STM32WBxx_HAL_Driver/Inc/stm32wbxx_ll_system.h ****   * @retval None
1583:Drivers/STM32WBxx_HAL_Driver/Inc/stm32wbxx_ll_system.h ****   */
1584:Drivers/STM32WBxx_HAL_Driver/Inc/stm32wbxx_ll_system.h **** __STATIC_INLINE void LL_DBGMCU_DisableDBGStandbyMode(void)
1585:Drivers/STM32WBxx_HAL_Driver/Inc/stm32wbxx_ll_system.h **** {
1586:Drivers/STM32WBxx_HAL_Driver/Inc/stm32wbxx_ll_system.h ****   CLEAR_BIT(DBGMCU->CR, DBGMCU_CR_DBG_STANDBY);
1587:Drivers/STM32WBxx_HAL_Driver/Inc/stm32wbxx_ll_system.h **** }
1588:Drivers/STM32WBxx_HAL_Driver/Inc/stm32wbxx_ll_system.h **** 
1589:Drivers/STM32WBxx_HAL_Driver/Inc/stm32wbxx_ll_system.h **** /**
1590:Drivers/STM32WBxx_HAL_Driver/Inc/stm32wbxx_ll_system.h ****   * @brief  Enable the clock for Trace port
1591:Drivers/STM32WBxx_HAL_Driver/Inc/stm32wbxx_ll_system.h ****   * @rmtoll DBGMCU_CR TRACE_CLKEN         LL_DBGMCU_EnableTraceClock\n
1592:Drivers/STM32WBxx_HAL_Driver/Inc/stm32wbxx_ll_system.h ****   */
1593:Drivers/STM32WBxx_HAL_Driver/Inc/stm32wbxx_ll_system.h **** __STATIC_INLINE void LL_DBGMCU_EnableTraceClock(void)
1594:Drivers/STM32WBxx_HAL_Driver/Inc/stm32wbxx_ll_system.h **** {
1595:Drivers/STM32WBxx_HAL_Driver/Inc/stm32wbxx_ll_system.h ****   SET_BIT(DBGMCU->CR, DBGMCU_CR_TRACE_IOEN);
1596:Drivers/STM32WBxx_HAL_Driver/Inc/stm32wbxx_ll_system.h **** }
1597:Drivers/STM32WBxx_HAL_Driver/Inc/stm32wbxx_ll_system.h **** 
1598:Drivers/STM32WBxx_HAL_Driver/Inc/stm32wbxx_ll_system.h **** /**
1599:Drivers/STM32WBxx_HAL_Driver/Inc/stm32wbxx_ll_system.h ****   * @brief  Disable the clock for Trace port
1600:Drivers/STM32WBxx_HAL_Driver/Inc/stm32wbxx_ll_system.h ****   * @rmtoll DBGMCU_CR TRACE_CLKEN         LL_DBGMCU_DisableTraceClock\n
1601:Drivers/STM32WBxx_HAL_Driver/Inc/stm32wbxx_ll_system.h ****   * @retval None
1602:Drivers/STM32WBxx_HAL_Driver/Inc/stm32wbxx_ll_system.h ****   */
1603:Drivers/STM32WBxx_HAL_Driver/Inc/stm32wbxx_ll_system.h **** __STATIC_INLINE void LL_DBGMCU_DisableTraceClock(void)
1604:Drivers/STM32WBxx_HAL_Driver/Inc/stm32wbxx_ll_system.h **** {
1605:Drivers/STM32WBxx_HAL_Driver/Inc/stm32wbxx_ll_system.h ****   CLEAR_BIT(DBGMCU->CR, DBGMCU_CR_TRACE_IOEN);
1606:Drivers/STM32WBxx_HAL_Driver/Inc/stm32wbxx_ll_system.h **** }
1607:Drivers/STM32WBxx_HAL_Driver/Inc/stm32wbxx_ll_system.h **** 
1608:Drivers/STM32WBxx_HAL_Driver/Inc/stm32wbxx_ll_system.h **** /**
1609:Drivers/STM32WBxx_HAL_Driver/Inc/stm32wbxx_ll_system.h ****   * @brief  Indicate if the clock for Trace port is enabled
1610:Drivers/STM32WBxx_HAL_Driver/Inc/stm32wbxx_ll_system.h ****   * @rmtoll DBGMCU_CR TRACE_CLKEN         LL_DBGMCU_IsEnabledTraceClock\n
1611:Drivers/STM32WBxx_HAL_Driver/Inc/stm32wbxx_ll_system.h ****   * @retval State of bit (1 or 0).
1612:Drivers/STM32WBxx_HAL_Driver/Inc/stm32wbxx_ll_system.h ****   */
1613:Drivers/STM32WBxx_HAL_Driver/Inc/stm32wbxx_ll_system.h **** __STATIC_INLINE uint32_t LL_DBGMCU_IsEnabledTraceClock(void)
1614:Drivers/STM32WBxx_HAL_Driver/Inc/stm32wbxx_ll_system.h **** {
ARM GAS  C:\Users\843E~1\AppData\Local\Temp\ccnpSKQK.s 			page 62


1615:Drivers/STM32WBxx_HAL_Driver/Inc/stm32wbxx_ll_system.h ****   return ((READ_BIT(DBGMCU->CR, DBGMCU_CR_TRACE_IOEN) == (DBGMCU_CR_TRACE_IOEN)) ? 1UL : 0UL);
1616:Drivers/STM32WBxx_HAL_Driver/Inc/stm32wbxx_ll_system.h **** }
1617:Drivers/STM32WBxx_HAL_Driver/Inc/stm32wbxx_ll_system.h **** 
1618:Drivers/STM32WBxx_HAL_Driver/Inc/stm32wbxx_ll_system.h **** /**
1619:Drivers/STM32WBxx_HAL_Driver/Inc/stm32wbxx_ll_system.h ****   * @brief  Enable the external trigger output
1620:Drivers/STM32WBxx_HAL_Driver/Inc/stm32wbxx_ll_system.h ****   * @note   When enable the external trigger is output (state of bit 1),
1621:Drivers/STM32WBxx_HAL_Driver/Inc/stm32wbxx_ll_system.h ****   *         TRGIO pin is connected to TRGOUT.
1622:Drivers/STM32WBxx_HAL_Driver/Inc/stm32wbxx_ll_system.h ****   * @rmtoll DBGMCU_CR TRGOEN         LL_DBGMCU_EnableTriggerOutput\n
1623:Drivers/STM32WBxx_HAL_Driver/Inc/stm32wbxx_ll_system.h ****   */
1624:Drivers/STM32WBxx_HAL_Driver/Inc/stm32wbxx_ll_system.h **** __STATIC_INLINE void LL_DBGMCU_EnableTriggerOutput(void)
1625:Drivers/STM32WBxx_HAL_Driver/Inc/stm32wbxx_ll_system.h **** {
1626:Drivers/STM32WBxx_HAL_Driver/Inc/stm32wbxx_ll_system.h ****   SET_BIT(DBGMCU->CR, DBGMCU_CR_TRGOEN);
1627:Drivers/STM32WBxx_HAL_Driver/Inc/stm32wbxx_ll_system.h **** }
1628:Drivers/STM32WBxx_HAL_Driver/Inc/stm32wbxx_ll_system.h **** 
1629:Drivers/STM32WBxx_HAL_Driver/Inc/stm32wbxx_ll_system.h **** /**
1630:Drivers/STM32WBxx_HAL_Driver/Inc/stm32wbxx_ll_system.h ****   * @brief  Disable the external trigger output
1631:Drivers/STM32WBxx_HAL_Driver/Inc/stm32wbxx_ll_system.h ****   * @note   When disable external trigger is input (state of bit 0),
1632:Drivers/STM32WBxx_HAL_Driver/Inc/stm32wbxx_ll_system.h ****   *         TRGIO pin is connected to TRGIN.
1633:Drivers/STM32WBxx_HAL_Driver/Inc/stm32wbxx_ll_system.h ****   * @rmtoll DBGMCU_CR TRGOEN         LL_DBGMCU_DisableTriggerOutput\n
1634:Drivers/STM32WBxx_HAL_Driver/Inc/stm32wbxx_ll_system.h ****   * @retval None
1635:Drivers/STM32WBxx_HAL_Driver/Inc/stm32wbxx_ll_system.h ****   */
1636:Drivers/STM32WBxx_HAL_Driver/Inc/stm32wbxx_ll_system.h **** __STATIC_INLINE void LL_DBGMCU_DisableTriggerOutput(void)
1637:Drivers/STM32WBxx_HAL_Driver/Inc/stm32wbxx_ll_system.h **** {
1638:Drivers/STM32WBxx_HAL_Driver/Inc/stm32wbxx_ll_system.h ****   CLEAR_BIT(DBGMCU->CR, DBGMCU_CR_TRGOEN);
1639:Drivers/STM32WBxx_HAL_Driver/Inc/stm32wbxx_ll_system.h **** }
1640:Drivers/STM32WBxx_HAL_Driver/Inc/stm32wbxx_ll_system.h **** 
1641:Drivers/STM32WBxx_HAL_Driver/Inc/stm32wbxx_ll_system.h **** /**
1642:Drivers/STM32WBxx_HAL_Driver/Inc/stm32wbxx_ll_system.h ****   * @brief  Indicate if the external trigger is output or input direction
1643:Drivers/STM32WBxx_HAL_Driver/Inc/stm32wbxx_ll_system.h ****   * @note   When the external trigger is output (state of bit 1),
1644:Drivers/STM32WBxx_HAL_Driver/Inc/stm32wbxx_ll_system.h ****   *         TRGIO pin is connected to TRGOUT.
1645:Drivers/STM32WBxx_HAL_Driver/Inc/stm32wbxx_ll_system.h ****   *         When the external trigger is input (state of bit 0),
1646:Drivers/STM32WBxx_HAL_Driver/Inc/stm32wbxx_ll_system.h ****   *         TRGIO pin is connected to TRGIN.
1647:Drivers/STM32WBxx_HAL_Driver/Inc/stm32wbxx_ll_system.h ****   * @rmtoll DBGMCU_CR TRGOEN         LL_DBGMCU_EnableTriggerOutput\n
1648:Drivers/STM32WBxx_HAL_Driver/Inc/stm32wbxx_ll_system.h ****   * @retval State of bit (1 or 0).
1649:Drivers/STM32WBxx_HAL_Driver/Inc/stm32wbxx_ll_system.h ****   */
1650:Drivers/STM32WBxx_HAL_Driver/Inc/stm32wbxx_ll_system.h **** __STATIC_INLINE uint32_t LL_DBGMCU_IsEnabledTriggerOutput(void)
1651:Drivers/STM32WBxx_HAL_Driver/Inc/stm32wbxx_ll_system.h **** {
1652:Drivers/STM32WBxx_HAL_Driver/Inc/stm32wbxx_ll_system.h ****   return ((READ_BIT(DBGMCU->CR, DBGMCU_CR_TRGOEN) == (DBGMCU_CR_TRGOEN)) ? 1UL : 0UL);
1653:Drivers/STM32WBxx_HAL_Driver/Inc/stm32wbxx_ll_system.h **** }
1654:Drivers/STM32WBxx_HAL_Driver/Inc/stm32wbxx_ll_system.h **** 
1655:Drivers/STM32WBxx_HAL_Driver/Inc/stm32wbxx_ll_system.h **** /**
1656:Drivers/STM32WBxx_HAL_Driver/Inc/stm32wbxx_ll_system.h ****   * @brief  Freeze CPU1 APB1 peripherals (group1 peripherals)
1657:Drivers/STM32WBxx_HAL_Driver/Inc/stm32wbxx_ll_system.h ****   * @rmtoll DBGMCU_APB1FZR1 DBG_xxxx_STOP  LL_DBGMCU_APB1_GRP1_FreezePeriph
1658:Drivers/STM32WBxx_HAL_Driver/Inc/stm32wbxx_ll_system.h ****   * @param  Periphs This parameter can be a combination of the following values:
1659:Drivers/STM32WBxx_HAL_Driver/Inc/stm32wbxx_ll_system.h ****   *         @arg @ref LL_DBGMCU_APB1_GRP1_TIM2_STOP
1660:Drivers/STM32WBxx_HAL_Driver/Inc/stm32wbxx_ll_system.h ****   *         @arg @ref LL_DBGMCU_APB1_GRP1_RTC_STOP
1661:Drivers/STM32WBxx_HAL_Driver/Inc/stm32wbxx_ll_system.h ****   *         @arg @ref LL_DBGMCU_APB1_GRP1_WWDG_STOP
1662:Drivers/STM32WBxx_HAL_Driver/Inc/stm32wbxx_ll_system.h ****   *         @arg @ref LL_DBGMCU_APB1_GRP1_IWDG_STOP
1663:Drivers/STM32WBxx_HAL_Driver/Inc/stm32wbxx_ll_system.h ****   *         @arg @ref LL_DBGMCU_APB1_GRP1_I2C1_STOP
1664:Drivers/STM32WBxx_HAL_Driver/Inc/stm32wbxx_ll_system.h ****   *         @arg @ref LL_DBGMCU_APB1_GRP1_I2C3_STOP
1665:Drivers/STM32WBxx_HAL_Driver/Inc/stm32wbxx_ll_system.h ****   *         @arg @ref LL_DBGMCU_APB1_GRP1_LPTIM1_STOP
1666:Drivers/STM32WBxx_HAL_Driver/Inc/stm32wbxx_ll_system.h ****   * @retval None
1667:Drivers/STM32WBxx_HAL_Driver/Inc/stm32wbxx_ll_system.h ****   */
1668:Drivers/STM32WBxx_HAL_Driver/Inc/stm32wbxx_ll_system.h **** __STATIC_INLINE void LL_DBGMCU_APB1_GRP1_FreezePeriph(uint32_t Periphs)
1669:Drivers/STM32WBxx_HAL_Driver/Inc/stm32wbxx_ll_system.h **** {
1670:Drivers/STM32WBxx_HAL_Driver/Inc/stm32wbxx_ll_system.h ****   SET_BIT(DBGMCU->APB1FZR1, Periphs);
1671:Drivers/STM32WBxx_HAL_Driver/Inc/stm32wbxx_ll_system.h **** }
ARM GAS  C:\Users\843E~1\AppData\Local\Temp\ccnpSKQK.s 			page 63


1672:Drivers/STM32WBxx_HAL_Driver/Inc/stm32wbxx_ll_system.h **** 
1673:Drivers/STM32WBxx_HAL_Driver/Inc/stm32wbxx_ll_system.h **** /**
1674:Drivers/STM32WBxx_HAL_Driver/Inc/stm32wbxx_ll_system.h ****   * @brief  Freeze CPU2 APB1 peripherals (group1 peripherals)
1675:Drivers/STM32WBxx_HAL_Driver/Inc/stm32wbxx_ll_system.h ****   * @rmtoll DBGMCU_C2APB1FZR1 DBG_xxxx_STOP  LL_C2_DBGMCU_APB1_GRP1_FreezePeriph
1676:Drivers/STM32WBxx_HAL_Driver/Inc/stm32wbxx_ll_system.h ****   * @param  Periphs This parameter can be a combination of the following values:
1677:Drivers/STM32WBxx_HAL_Driver/Inc/stm32wbxx_ll_system.h ****   *         @arg @ref LL_C2_DBGMCU_APB1_GRP1_TIM2_STOP
1678:Drivers/STM32WBxx_HAL_Driver/Inc/stm32wbxx_ll_system.h ****   *         @arg @ref LL_C2_DBGMCU_APB1_GRP1_RTC_STOP
1679:Drivers/STM32WBxx_HAL_Driver/Inc/stm32wbxx_ll_system.h ****   *         @arg @ref LL_C2_DBGMCU_APB1_GRP1_IWDG_STOP
1680:Drivers/STM32WBxx_HAL_Driver/Inc/stm32wbxx_ll_system.h ****   *         @arg @ref LL_C2_DBGMCU_APB1_GRP1_I2C1_STOP
1681:Drivers/STM32WBxx_HAL_Driver/Inc/stm32wbxx_ll_system.h ****   *         @arg @ref LL_C2_DBGMCU_APB1_GRP1_I2C3_STOP
1682:Drivers/STM32WBxx_HAL_Driver/Inc/stm32wbxx_ll_system.h ****   *         @arg @ref LL_C2_DBGMCU_APB1_GRP1_LPTIM1_STOP
1683:Drivers/STM32WBxx_HAL_Driver/Inc/stm32wbxx_ll_system.h ****   * @retval None
1684:Drivers/STM32WBxx_HAL_Driver/Inc/stm32wbxx_ll_system.h ****   */
1685:Drivers/STM32WBxx_HAL_Driver/Inc/stm32wbxx_ll_system.h **** __STATIC_INLINE void LL_C2_DBGMCU_APB1_GRP1_FreezePeriph(uint32_t Periphs)
1686:Drivers/STM32WBxx_HAL_Driver/Inc/stm32wbxx_ll_system.h **** {
1687:Drivers/STM32WBxx_HAL_Driver/Inc/stm32wbxx_ll_system.h ****   SET_BIT(DBGMCU->C2APB1FZR1, Periphs);
1688:Drivers/STM32WBxx_HAL_Driver/Inc/stm32wbxx_ll_system.h **** }
1689:Drivers/STM32WBxx_HAL_Driver/Inc/stm32wbxx_ll_system.h **** 
1690:Drivers/STM32WBxx_HAL_Driver/Inc/stm32wbxx_ll_system.h **** /**
1691:Drivers/STM32WBxx_HAL_Driver/Inc/stm32wbxx_ll_system.h ****   * @brief  Freeze CPU1 APB1 peripherals (group2 peripherals)
1692:Drivers/STM32WBxx_HAL_Driver/Inc/stm32wbxx_ll_system.h ****   * @rmtoll DBGMCU_APB1FZR2 DBG_xxxx_STOP  LL_DBGMCU_APB1_GRP2_FreezePeriph
1693:Drivers/STM32WBxx_HAL_Driver/Inc/stm32wbxx_ll_system.h ****   * @param  Periphs This parameter can be a combination of the following values:
1694:Drivers/STM32WBxx_HAL_Driver/Inc/stm32wbxx_ll_system.h ****   *         @arg @ref LL_DBGMCU_APB1_GRP2_LPTIM2_STOP
1695:Drivers/STM32WBxx_HAL_Driver/Inc/stm32wbxx_ll_system.h ****   * @retval None
1696:Drivers/STM32WBxx_HAL_Driver/Inc/stm32wbxx_ll_system.h ****   */
1697:Drivers/STM32WBxx_HAL_Driver/Inc/stm32wbxx_ll_system.h **** __STATIC_INLINE void LL_DBGMCU_APB1_GRP2_FreezePeriph(uint32_t Periphs)
1698:Drivers/STM32WBxx_HAL_Driver/Inc/stm32wbxx_ll_system.h **** {
1699:Drivers/STM32WBxx_HAL_Driver/Inc/stm32wbxx_ll_system.h ****   SET_BIT(DBGMCU->APB1FZR2, Periphs);
1700:Drivers/STM32WBxx_HAL_Driver/Inc/stm32wbxx_ll_system.h **** }
1701:Drivers/STM32WBxx_HAL_Driver/Inc/stm32wbxx_ll_system.h **** 
1702:Drivers/STM32WBxx_HAL_Driver/Inc/stm32wbxx_ll_system.h **** /**
1703:Drivers/STM32WBxx_HAL_Driver/Inc/stm32wbxx_ll_system.h ****   * @brief  Freeze CPU2 APB1 peripherals (group2 peripherals)
1704:Drivers/STM32WBxx_HAL_Driver/Inc/stm32wbxx_ll_system.h ****   * @rmtoll DBGMCU_C2APB1FZR2 DBG_xxxx_STOP  LL_C2_DBGMCU_APB1_GRP2_FreezePeriph
1705:Drivers/STM32WBxx_HAL_Driver/Inc/stm32wbxx_ll_system.h ****   * @param  Periphs This parameter can be a combination of the following values:
1706:Drivers/STM32WBxx_HAL_Driver/Inc/stm32wbxx_ll_system.h ****   *         @arg @ref LL_C2_DBGMCU_APB1_GRP2_LPTIM2_STOP
1707:Drivers/STM32WBxx_HAL_Driver/Inc/stm32wbxx_ll_system.h ****   * @retval None
1708:Drivers/STM32WBxx_HAL_Driver/Inc/stm32wbxx_ll_system.h ****   */
1709:Drivers/STM32WBxx_HAL_Driver/Inc/stm32wbxx_ll_system.h **** __STATIC_INLINE void LL_C2_DBGMCU_APB1_GRP2_FreezePeriph(uint32_t Periphs)
1710:Drivers/STM32WBxx_HAL_Driver/Inc/stm32wbxx_ll_system.h **** {
1711:Drivers/STM32WBxx_HAL_Driver/Inc/stm32wbxx_ll_system.h ****   SET_BIT(DBGMCU->C2APB1FZR2, Periphs);
1712:Drivers/STM32WBxx_HAL_Driver/Inc/stm32wbxx_ll_system.h **** }
1713:Drivers/STM32WBxx_HAL_Driver/Inc/stm32wbxx_ll_system.h **** 
1714:Drivers/STM32WBxx_HAL_Driver/Inc/stm32wbxx_ll_system.h **** /**
1715:Drivers/STM32WBxx_HAL_Driver/Inc/stm32wbxx_ll_system.h ****   * @brief  Unfreeze CPU1 APB1 peripherals (group1 peripherals)
1716:Drivers/STM32WBxx_HAL_Driver/Inc/stm32wbxx_ll_system.h ****   * @rmtoll DBGMCU_APB1FZR1 DBG_xxxx_STOP  LL_DBGMCU_APB1_GRP1_UnFreezePeriph
1717:Drivers/STM32WBxx_HAL_Driver/Inc/stm32wbxx_ll_system.h ****   * @param  Periphs This parameter can be a combination of the following values:
1718:Drivers/STM32WBxx_HAL_Driver/Inc/stm32wbxx_ll_system.h ****   *         @arg @ref LL_DBGMCU_APB1_GRP1_TIM2_STOP
1719:Drivers/STM32WBxx_HAL_Driver/Inc/stm32wbxx_ll_system.h ****   *         @arg @ref LL_DBGMCU_APB1_GRP1_RTC_STOP
1720:Drivers/STM32WBxx_HAL_Driver/Inc/stm32wbxx_ll_system.h ****   *         @arg @ref LL_DBGMCU_APB1_GRP1_WWDG_STOP
1721:Drivers/STM32WBxx_HAL_Driver/Inc/stm32wbxx_ll_system.h ****   *         @arg @ref LL_DBGMCU_APB1_GRP1_IWDG_STOP
1722:Drivers/STM32WBxx_HAL_Driver/Inc/stm32wbxx_ll_system.h ****   *         @arg @ref LL_DBGMCU_APB1_GRP1_I2C1_STOP
1723:Drivers/STM32WBxx_HAL_Driver/Inc/stm32wbxx_ll_system.h ****   *         @arg @ref LL_DBGMCU_APB1_GRP1_I2C3_STOP
1724:Drivers/STM32WBxx_HAL_Driver/Inc/stm32wbxx_ll_system.h ****   *         @arg @ref LL_DBGMCU_APB1_GRP1_LPTIM1_STOP
1725:Drivers/STM32WBxx_HAL_Driver/Inc/stm32wbxx_ll_system.h ****   * @retval None
1726:Drivers/STM32WBxx_HAL_Driver/Inc/stm32wbxx_ll_system.h ****   */
1727:Drivers/STM32WBxx_HAL_Driver/Inc/stm32wbxx_ll_system.h **** __STATIC_INLINE void LL_DBGMCU_APB1_GRP1_UnFreezePeriph(uint32_t Periphs)
1728:Drivers/STM32WBxx_HAL_Driver/Inc/stm32wbxx_ll_system.h **** {
ARM GAS  C:\Users\843E~1\AppData\Local\Temp\ccnpSKQK.s 			page 64


1729:Drivers/STM32WBxx_HAL_Driver/Inc/stm32wbxx_ll_system.h ****   CLEAR_BIT(DBGMCU->APB1FZR1, Periphs);
1730:Drivers/STM32WBxx_HAL_Driver/Inc/stm32wbxx_ll_system.h **** }
1731:Drivers/STM32WBxx_HAL_Driver/Inc/stm32wbxx_ll_system.h **** 
1732:Drivers/STM32WBxx_HAL_Driver/Inc/stm32wbxx_ll_system.h **** /**
1733:Drivers/STM32WBxx_HAL_Driver/Inc/stm32wbxx_ll_system.h ****   * @brief  Unfreeze CPU2 APB1 peripherals (group1 peripherals)
1734:Drivers/STM32WBxx_HAL_Driver/Inc/stm32wbxx_ll_system.h ****   * @rmtoll DBGMCU_C2APB1FZR1 DBG_xxxx_STOP  LL_C2_DBGMCU_APB1_GRP1_UnFreezePeriph
1735:Drivers/STM32WBxx_HAL_Driver/Inc/stm32wbxx_ll_system.h ****   * @param  Periphs This parameter can be a combination of the following values:
1736:Drivers/STM32WBxx_HAL_Driver/Inc/stm32wbxx_ll_system.h ****   *         @arg @ref LL_C2_DBGMCU_APB1_GRP1_TIM2_STOP
1737:Drivers/STM32WBxx_HAL_Driver/Inc/stm32wbxx_ll_system.h ****   *         @arg @ref LL_C2_DBGMCU_APB1_GRP1_RTC_STOP
1738:Drivers/STM32WBxx_HAL_Driver/Inc/stm32wbxx_ll_system.h ****   *         @arg @ref LL_C2_DBGMCU_APB1_GRP1_IWDG_STOP
1739:Drivers/STM32WBxx_HAL_Driver/Inc/stm32wbxx_ll_system.h ****   *         @arg @ref LL_C2_DBGMCU_APB1_GRP1_I2C1_STOP
1740:Drivers/STM32WBxx_HAL_Driver/Inc/stm32wbxx_ll_system.h ****   *         @arg @ref LL_C2_DBGMCU_APB1_GRP1_I2C3_STOP
1741:Drivers/STM32WBxx_HAL_Driver/Inc/stm32wbxx_ll_system.h ****   *         @arg @ref LL_C2_DBGMCU_APB1_GRP1_LPTIM1_STOP
1742:Drivers/STM32WBxx_HAL_Driver/Inc/stm32wbxx_ll_system.h ****   * @retval None
1743:Drivers/STM32WBxx_HAL_Driver/Inc/stm32wbxx_ll_system.h ****   */
1744:Drivers/STM32WBxx_HAL_Driver/Inc/stm32wbxx_ll_system.h **** __STATIC_INLINE void LL_C2_DBGMCU_APB1_GRP1_UnFreezePeriph(uint32_t Periphs)
1745:Drivers/STM32WBxx_HAL_Driver/Inc/stm32wbxx_ll_system.h **** {
1746:Drivers/STM32WBxx_HAL_Driver/Inc/stm32wbxx_ll_system.h ****   CLEAR_BIT(DBGMCU->C2APB1FZR1, Periphs);
1747:Drivers/STM32WBxx_HAL_Driver/Inc/stm32wbxx_ll_system.h **** }
1748:Drivers/STM32WBxx_HAL_Driver/Inc/stm32wbxx_ll_system.h **** 
1749:Drivers/STM32WBxx_HAL_Driver/Inc/stm32wbxx_ll_system.h **** /**
1750:Drivers/STM32WBxx_HAL_Driver/Inc/stm32wbxx_ll_system.h ****   * @brief  Unfreeze CPU1 APB1 peripherals (group2 peripherals)
1751:Drivers/STM32WBxx_HAL_Driver/Inc/stm32wbxx_ll_system.h ****   * @rmtoll DBGMCU_APB1FZR2 DBG_xxxx_STOP  LL_DBGMCU_APB1_GRP2_UnFreezePeriph
1752:Drivers/STM32WBxx_HAL_Driver/Inc/stm32wbxx_ll_system.h ****   * @param  Periphs This parameter can be a combination of the following values:
1753:Drivers/STM32WBxx_HAL_Driver/Inc/stm32wbxx_ll_system.h ****   *         @arg @ref LL_DBGMCU_APB1_GRP2_LPTIM2_STOP
1754:Drivers/STM32WBxx_HAL_Driver/Inc/stm32wbxx_ll_system.h ****   * @retval None
1755:Drivers/STM32WBxx_HAL_Driver/Inc/stm32wbxx_ll_system.h ****   */
1756:Drivers/STM32WBxx_HAL_Driver/Inc/stm32wbxx_ll_system.h **** __STATIC_INLINE void LL_DBGMCU_APB1_GRP2_UnFreezePeriph(uint32_t Periphs)
1757:Drivers/STM32WBxx_HAL_Driver/Inc/stm32wbxx_ll_system.h **** {
1758:Drivers/STM32WBxx_HAL_Driver/Inc/stm32wbxx_ll_system.h ****   CLEAR_BIT(DBGMCU->APB1FZR2, Periphs);
1759:Drivers/STM32WBxx_HAL_Driver/Inc/stm32wbxx_ll_system.h **** }
1760:Drivers/STM32WBxx_HAL_Driver/Inc/stm32wbxx_ll_system.h **** 
1761:Drivers/STM32WBxx_HAL_Driver/Inc/stm32wbxx_ll_system.h **** /**
1762:Drivers/STM32WBxx_HAL_Driver/Inc/stm32wbxx_ll_system.h ****   * @brief  Unfreeze CPU2 APB1 peripherals (group2 peripherals)
1763:Drivers/STM32WBxx_HAL_Driver/Inc/stm32wbxx_ll_system.h ****   * @rmtoll DBGMCU_C2APB1FZR2 DBG_xxxx_STOP  LL_C2_DBGMCU_APB1_GRP2_UnFreezePeriph
1764:Drivers/STM32WBxx_HAL_Driver/Inc/stm32wbxx_ll_system.h ****   * @param  Periphs This parameter can be a combination of the following values:
1765:Drivers/STM32WBxx_HAL_Driver/Inc/stm32wbxx_ll_system.h ****   *         @arg @ref LL_C2_DBGMCU_APB1_GRP2_LPTIM2_STOP
1766:Drivers/STM32WBxx_HAL_Driver/Inc/stm32wbxx_ll_system.h ****   * @retval None
1767:Drivers/STM32WBxx_HAL_Driver/Inc/stm32wbxx_ll_system.h ****   */
1768:Drivers/STM32WBxx_HAL_Driver/Inc/stm32wbxx_ll_system.h **** __STATIC_INLINE void LL_C2_DBGMCU_APB1_GRP2_UnFreezePeriph(uint32_t Periphs)
1769:Drivers/STM32WBxx_HAL_Driver/Inc/stm32wbxx_ll_system.h **** {
1770:Drivers/STM32WBxx_HAL_Driver/Inc/stm32wbxx_ll_system.h ****   CLEAR_BIT(DBGMCU->C2APB1FZR2, Periphs);
1771:Drivers/STM32WBxx_HAL_Driver/Inc/stm32wbxx_ll_system.h **** }
1772:Drivers/STM32WBxx_HAL_Driver/Inc/stm32wbxx_ll_system.h **** 
1773:Drivers/STM32WBxx_HAL_Driver/Inc/stm32wbxx_ll_system.h **** /**
1774:Drivers/STM32WBxx_HAL_Driver/Inc/stm32wbxx_ll_system.h ****   * @brief  Freeze CPU1 APB2 peripherals
1775:Drivers/STM32WBxx_HAL_Driver/Inc/stm32wbxx_ll_system.h ****   * @rmtoll DBGMCU_APB2FZR DBG_TIMx_STOP  LL_DBGMCU_APB2_GRP1_FreezePeriph
1776:Drivers/STM32WBxx_HAL_Driver/Inc/stm32wbxx_ll_system.h ****   * @param  Periphs This parameter can be a combination of the following values:
1777:Drivers/STM32WBxx_HAL_Driver/Inc/stm32wbxx_ll_system.h ****   *         @arg @ref LL_DBGMCU_APB2_GRP1_TIM1_STOP
1778:Drivers/STM32WBxx_HAL_Driver/Inc/stm32wbxx_ll_system.h ****   *         @arg @ref LL_DBGMCU_APB2_GRP1_TIM16_STOP
1779:Drivers/STM32WBxx_HAL_Driver/Inc/stm32wbxx_ll_system.h ****   *         @arg @ref LL_DBGMCU_APB2_GRP1_TIM17_STOP
1780:Drivers/STM32WBxx_HAL_Driver/Inc/stm32wbxx_ll_system.h ****   * @retval None
1781:Drivers/STM32WBxx_HAL_Driver/Inc/stm32wbxx_ll_system.h ****   */
1782:Drivers/STM32WBxx_HAL_Driver/Inc/stm32wbxx_ll_system.h **** __STATIC_INLINE void LL_DBGMCU_APB2_GRP1_FreezePeriph(uint32_t Periphs)
1783:Drivers/STM32WBxx_HAL_Driver/Inc/stm32wbxx_ll_system.h **** {
1784:Drivers/STM32WBxx_HAL_Driver/Inc/stm32wbxx_ll_system.h ****   SET_BIT(DBGMCU->APB2FZR, Periphs);
1785:Drivers/STM32WBxx_HAL_Driver/Inc/stm32wbxx_ll_system.h **** }
ARM GAS  C:\Users\843E~1\AppData\Local\Temp\ccnpSKQK.s 			page 65


1786:Drivers/STM32WBxx_HAL_Driver/Inc/stm32wbxx_ll_system.h **** 
1787:Drivers/STM32WBxx_HAL_Driver/Inc/stm32wbxx_ll_system.h **** /**
1788:Drivers/STM32WBxx_HAL_Driver/Inc/stm32wbxx_ll_system.h ****   * @brief  Freeze CPU2 APB2 peripherals
1789:Drivers/STM32WBxx_HAL_Driver/Inc/stm32wbxx_ll_system.h ****   * @rmtoll DBGMCU_C2APB2FZR DBG_TIMx_STOP  LL_C2_DBGMCU_APB2_GRP1_FreezePeriph
1790:Drivers/STM32WBxx_HAL_Driver/Inc/stm32wbxx_ll_system.h ****   * @param  Periphs This parameter can be a combination of the following values:
1791:Drivers/STM32WBxx_HAL_Driver/Inc/stm32wbxx_ll_system.h ****   *         @arg @ref LL_C2_DBGMCU_APB2_GRP1_TIM1_STOP
1792:Drivers/STM32WBxx_HAL_Driver/Inc/stm32wbxx_ll_system.h ****   *         @arg @ref LL_C2_DBGMCU_APB2_GRP1_TIM16_STOP
1793:Drivers/STM32WBxx_HAL_Driver/Inc/stm32wbxx_ll_system.h ****   *         @arg @ref LL_C2_DBGMCU_APB2_GRP1_TIM17_STOP
1794:Drivers/STM32WBxx_HAL_Driver/Inc/stm32wbxx_ll_system.h ****   * @retval None
1795:Drivers/STM32WBxx_HAL_Driver/Inc/stm32wbxx_ll_system.h ****   */
1796:Drivers/STM32WBxx_HAL_Driver/Inc/stm32wbxx_ll_system.h **** __STATIC_INLINE void LL_C2_DBGMCU_APB2_GRP1_FreezePeriph(uint32_t Periphs)
1797:Drivers/STM32WBxx_HAL_Driver/Inc/stm32wbxx_ll_system.h **** {
1798:Drivers/STM32WBxx_HAL_Driver/Inc/stm32wbxx_ll_system.h ****   SET_BIT(DBGMCU->C2APB2FZR, Periphs);
1799:Drivers/STM32WBxx_HAL_Driver/Inc/stm32wbxx_ll_system.h **** }
1800:Drivers/STM32WBxx_HAL_Driver/Inc/stm32wbxx_ll_system.h **** 
1801:Drivers/STM32WBxx_HAL_Driver/Inc/stm32wbxx_ll_system.h **** /**
1802:Drivers/STM32WBxx_HAL_Driver/Inc/stm32wbxx_ll_system.h ****   * @brief  Unfreeze CPU1 APB2 peripherals
1803:Drivers/STM32WBxx_HAL_Driver/Inc/stm32wbxx_ll_system.h ****   * @rmtoll DBGMCU_APB2FZR DBG_TIMx_STOP  LL_DBGMCU_APB2_GRP1_UnFreezePeriph
1804:Drivers/STM32WBxx_HAL_Driver/Inc/stm32wbxx_ll_system.h ****   * @param  Periphs This parameter can be a combination of the following values:
1805:Drivers/STM32WBxx_HAL_Driver/Inc/stm32wbxx_ll_system.h ****   *         @arg @ref LL_DBGMCU_APB2_GRP1_TIM1_STOP
1806:Drivers/STM32WBxx_HAL_Driver/Inc/stm32wbxx_ll_system.h ****   *         @arg @ref LL_DBGMCU_APB2_GRP1_TIM16_STOP
1807:Drivers/STM32WBxx_HAL_Driver/Inc/stm32wbxx_ll_system.h ****   *         @arg @ref LL_DBGMCU_APB2_GRP1_TIM17_STOP
1808:Drivers/STM32WBxx_HAL_Driver/Inc/stm32wbxx_ll_system.h ****   * @retval None
1809:Drivers/STM32WBxx_HAL_Driver/Inc/stm32wbxx_ll_system.h ****   */
1810:Drivers/STM32WBxx_HAL_Driver/Inc/stm32wbxx_ll_system.h **** __STATIC_INLINE void LL_DBGMCU_APB2_GRP1_UnFreezePeriph(uint32_t Periphs)
1811:Drivers/STM32WBxx_HAL_Driver/Inc/stm32wbxx_ll_system.h **** {
1812:Drivers/STM32WBxx_HAL_Driver/Inc/stm32wbxx_ll_system.h ****   CLEAR_BIT(DBGMCU->APB2FZR, Periphs);
1813:Drivers/STM32WBxx_HAL_Driver/Inc/stm32wbxx_ll_system.h **** }
1814:Drivers/STM32WBxx_HAL_Driver/Inc/stm32wbxx_ll_system.h **** 
1815:Drivers/STM32WBxx_HAL_Driver/Inc/stm32wbxx_ll_system.h **** /**
1816:Drivers/STM32WBxx_HAL_Driver/Inc/stm32wbxx_ll_system.h ****   * @brief  Unfreeze CPU2 APB2 peripherals
1817:Drivers/STM32WBxx_HAL_Driver/Inc/stm32wbxx_ll_system.h ****   * @rmtoll DBGMCU_C2APB2FZR DBG_TIMx_STOP  LL_C2_DBGMCU_APB2_GRP1_UnFreezePeriph
1818:Drivers/STM32WBxx_HAL_Driver/Inc/stm32wbxx_ll_system.h ****   * @param  Periphs This parameter can be a combination of the following values:
1819:Drivers/STM32WBxx_HAL_Driver/Inc/stm32wbxx_ll_system.h ****   *         @arg @ref LL_C2_DBGMCU_APB2_GRP1_TIM1_STOP
1820:Drivers/STM32WBxx_HAL_Driver/Inc/stm32wbxx_ll_system.h ****   *         @arg @ref LL_C2_DBGMCU_APB2_GRP1_TIM16_STOP
1821:Drivers/STM32WBxx_HAL_Driver/Inc/stm32wbxx_ll_system.h ****   *         @arg @ref LL_C2_DBGMCU_APB2_GRP1_TIM17_STOP
1822:Drivers/STM32WBxx_HAL_Driver/Inc/stm32wbxx_ll_system.h ****   * @retval None
1823:Drivers/STM32WBxx_HAL_Driver/Inc/stm32wbxx_ll_system.h ****   */
1824:Drivers/STM32WBxx_HAL_Driver/Inc/stm32wbxx_ll_system.h **** __STATIC_INLINE void LL_C2_DBGMCU_APB2_GRP1_UnFreezePeriph(uint32_t Periphs)
1825:Drivers/STM32WBxx_HAL_Driver/Inc/stm32wbxx_ll_system.h **** {
1826:Drivers/STM32WBxx_HAL_Driver/Inc/stm32wbxx_ll_system.h ****   CLEAR_BIT(DBGMCU->C2APB2FZR, Periphs);
1827:Drivers/STM32WBxx_HAL_Driver/Inc/stm32wbxx_ll_system.h **** }
1828:Drivers/STM32WBxx_HAL_Driver/Inc/stm32wbxx_ll_system.h **** 
1829:Drivers/STM32WBxx_HAL_Driver/Inc/stm32wbxx_ll_system.h **** /**
1830:Drivers/STM32WBxx_HAL_Driver/Inc/stm32wbxx_ll_system.h ****   * @}
1831:Drivers/STM32WBxx_HAL_Driver/Inc/stm32wbxx_ll_system.h ****   */
1832:Drivers/STM32WBxx_HAL_Driver/Inc/stm32wbxx_ll_system.h **** 
1833:Drivers/STM32WBxx_HAL_Driver/Inc/stm32wbxx_ll_system.h **** #if defined(VREFBUF)
1834:Drivers/STM32WBxx_HAL_Driver/Inc/stm32wbxx_ll_system.h **** /** @defgroup SYSTEM_LL_EF_VREFBUF VREFBUF
1835:Drivers/STM32WBxx_HAL_Driver/Inc/stm32wbxx_ll_system.h ****   * @{
1836:Drivers/STM32WBxx_HAL_Driver/Inc/stm32wbxx_ll_system.h ****   */
1837:Drivers/STM32WBxx_HAL_Driver/Inc/stm32wbxx_ll_system.h **** 
1838:Drivers/STM32WBxx_HAL_Driver/Inc/stm32wbxx_ll_system.h **** /**
1839:Drivers/STM32WBxx_HAL_Driver/Inc/stm32wbxx_ll_system.h ****   * @brief  Enable Internal voltage reference
1840:Drivers/STM32WBxx_HAL_Driver/Inc/stm32wbxx_ll_system.h ****   * @rmtoll VREFBUF_CSR  ENVR          LL_VREFBUF_Enable
1841:Drivers/STM32WBxx_HAL_Driver/Inc/stm32wbxx_ll_system.h ****   * @retval None
1842:Drivers/STM32WBxx_HAL_Driver/Inc/stm32wbxx_ll_system.h ****   */
ARM GAS  C:\Users\843E~1\AppData\Local\Temp\ccnpSKQK.s 			page 66


1843:Drivers/STM32WBxx_HAL_Driver/Inc/stm32wbxx_ll_system.h **** __STATIC_INLINE void LL_VREFBUF_Enable(void)
1844:Drivers/STM32WBxx_HAL_Driver/Inc/stm32wbxx_ll_system.h **** {
1845:Drivers/STM32WBxx_HAL_Driver/Inc/stm32wbxx_ll_system.h ****   SET_BIT(VREFBUF->CSR, VREFBUF_CSR_ENVR);
1846:Drivers/STM32WBxx_HAL_Driver/Inc/stm32wbxx_ll_system.h **** }
1847:Drivers/STM32WBxx_HAL_Driver/Inc/stm32wbxx_ll_system.h **** 
1848:Drivers/STM32WBxx_HAL_Driver/Inc/stm32wbxx_ll_system.h **** /**
1849:Drivers/STM32WBxx_HAL_Driver/Inc/stm32wbxx_ll_system.h ****   * @brief  Disable Internal voltage reference
1850:Drivers/STM32WBxx_HAL_Driver/Inc/stm32wbxx_ll_system.h ****   * @rmtoll VREFBUF_CSR  ENVR          LL_VREFBUF_Disable
1851:Drivers/STM32WBxx_HAL_Driver/Inc/stm32wbxx_ll_system.h ****   * @retval None
1852:Drivers/STM32WBxx_HAL_Driver/Inc/stm32wbxx_ll_system.h ****   */
1853:Drivers/STM32WBxx_HAL_Driver/Inc/stm32wbxx_ll_system.h **** __STATIC_INLINE void LL_VREFBUF_Disable(void)
1854:Drivers/STM32WBxx_HAL_Driver/Inc/stm32wbxx_ll_system.h **** {
1855:Drivers/STM32WBxx_HAL_Driver/Inc/stm32wbxx_ll_system.h ****   CLEAR_BIT(VREFBUF->CSR, VREFBUF_CSR_ENVR);
1856:Drivers/STM32WBxx_HAL_Driver/Inc/stm32wbxx_ll_system.h **** }
1857:Drivers/STM32WBxx_HAL_Driver/Inc/stm32wbxx_ll_system.h **** 
1858:Drivers/STM32WBxx_HAL_Driver/Inc/stm32wbxx_ll_system.h **** /**
1859:Drivers/STM32WBxx_HAL_Driver/Inc/stm32wbxx_ll_system.h ****   * @brief  Enable high impedance (VREF+pin is high impedance)
1860:Drivers/STM32WBxx_HAL_Driver/Inc/stm32wbxx_ll_system.h ****   * @rmtoll VREFBUF_CSR  HIZ           LL_VREFBUF_EnableHIZ
1861:Drivers/STM32WBxx_HAL_Driver/Inc/stm32wbxx_ll_system.h ****   * @retval None
1862:Drivers/STM32WBxx_HAL_Driver/Inc/stm32wbxx_ll_system.h ****   */
1863:Drivers/STM32WBxx_HAL_Driver/Inc/stm32wbxx_ll_system.h **** __STATIC_INLINE void LL_VREFBUF_EnableHIZ(void)
1864:Drivers/STM32WBxx_HAL_Driver/Inc/stm32wbxx_ll_system.h **** {
1865:Drivers/STM32WBxx_HAL_Driver/Inc/stm32wbxx_ll_system.h ****   SET_BIT(VREFBUF->CSR, VREFBUF_CSR_HIZ);
1866:Drivers/STM32WBxx_HAL_Driver/Inc/stm32wbxx_ll_system.h **** }
1867:Drivers/STM32WBxx_HAL_Driver/Inc/stm32wbxx_ll_system.h **** 
1868:Drivers/STM32WBxx_HAL_Driver/Inc/stm32wbxx_ll_system.h **** /**
1869:Drivers/STM32WBxx_HAL_Driver/Inc/stm32wbxx_ll_system.h ****   * @brief  Disable high impedance (VREF+pin is internally connected to the voltage reference buffe
1870:Drivers/STM32WBxx_HAL_Driver/Inc/stm32wbxx_ll_system.h ****   * @rmtoll VREFBUF_CSR  HIZ           LL_VREFBUF_DisableHIZ
1871:Drivers/STM32WBxx_HAL_Driver/Inc/stm32wbxx_ll_system.h ****   * @retval None
1872:Drivers/STM32WBxx_HAL_Driver/Inc/stm32wbxx_ll_system.h ****   */
1873:Drivers/STM32WBxx_HAL_Driver/Inc/stm32wbxx_ll_system.h **** __STATIC_INLINE void LL_VREFBUF_DisableHIZ(void)
1874:Drivers/STM32WBxx_HAL_Driver/Inc/stm32wbxx_ll_system.h **** {
1875:Drivers/STM32WBxx_HAL_Driver/Inc/stm32wbxx_ll_system.h ****   CLEAR_BIT(VREFBUF->CSR, VREFBUF_CSR_HIZ);
1876:Drivers/STM32WBxx_HAL_Driver/Inc/stm32wbxx_ll_system.h **** }
1877:Drivers/STM32WBxx_HAL_Driver/Inc/stm32wbxx_ll_system.h **** 
1878:Drivers/STM32WBxx_HAL_Driver/Inc/stm32wbxx_ll_system.h **** /**
1879:Drivers/STM32WBxx_HAL_Driver/Inc/stm32wbxx_ll_system.h ****   * @brief  Set the Voltage reference scale
1880:Drivers/STM32WBxx_HAL_Driver/Inc/stm32wbxx_ll_system.h ****   * @rmtoll VREFBUF_CSR  VRS           LL_VREFBUF_SetVoltageScaling
1881:Drivers/STM32WBxx_HAL_Driver/Inc/stm32wbxx_ll_system.h ****   * @param  Scale This parameter can be one of the following values:
1882:Drivers/STM32WBxx_HAL_Driver/Inc/stm32wbxx_ll_system.h ****   *         @arg @ref LL_VREFBUF_VOLTAGE_SCALE0
1883:Drivers/STM32WBxx_HAL_Driver/Inc/stm32wbxx_ll_system.h ****   *         @arg @ref LL_VREFBUF_VOLTAGE_SCALE1
1884:Drivers/STM32WBxx_HAL_Driver/Inc/stm32wbxx_ll_system.h ****   * @retval None
1885:Drivers/STM32WBxx_HAL_Driver/Inc/stm32wbxx_ll_system.h ****   */
1886:Drivers/STM32WBxx_HAL_Driver/Inc/stm32wbxx_ll_system.h **** __STATIC_INLINE void LL_VREFBUF_SetVoltageScaling(uint32_t Scale)
1887:Drivers/STM32WBxx_HAL_Driver/Inc/stm32wbxx_ll_system.h **** {
1888:Drivers/STM32WBxx_HAL_Driver/Inc/stm32wbxx_ll_system.h ****   MODIFY_REG(VREFBUF->CSR, VREFBUF_CSR_VRS, Scale);
1889:Drivers/STM32WBxx_HAL_Driver/Inc/stm32wbxx_ll_system.h **** }
1890:Drivers/STM32WBxx_HAL_Driver/Inc/stm32wbxx_ll_system.h **** 
1891:Drivers/STM32WBxx_HAL_Driver/Inc/stm32wbxx_ll_system.h **** /**
1892:Drivers/STM32WBxx_HAL_Driver/Inc/stm32wbxx_ll_system.h ****   * @brief  Get the Voltage reference scale
1893:Drivers/STM32WBxx_HAL_Driver/Inc/stm32wbxx_ll_system.h ****   * @rmtoll VREFBUF_CSR  VRS           LL_VREFBUF_GetVoltageScaling
1894:Drivers/STM32WBxx_HAL_Driver/Inc/stm32wbxx_ll_system.h ****   * @retval Returned value can be one of the following values:
1895:Drivers/STM32WBxx_HAL_Driver/Inc/stm32wbxx_ll_system.h ****   *         @arg @ref LL_VREFBUF_VOLTAGE_SCALE0
1896:Drivers/STM32WBxx_HAL_Driver/Inc/stm32wbxx_ll_system.h ****   *         @arg @ref LL_VREFBUF_VOLTAGE_SCALE1
1897:Drivers/STM32WBxx_HAL_Driver/Inc/stm32wbxx_ll_system.h ****   */
1898:Drivers/STM32WBxx_HAL_Driver/Inc/stm32wbxx_ll_system.h **** __STATIC_INLINE uint32_t LL_VREFBUF_GetVoltageScaling(void)
1899:Drivers/STM32WBxx_HAL_Driver/Inc/stm32wbxx_ll_system.h **** {
ARM GAS  C:\Users\843E~1\AppData\Local\Temp\ccnpSKQK.s 			page 67


1900:Drivers/STM32WBxx_HAL_Driver/Inc/stm32wbxx_ll_system.h ****   return (uint32_t)(READ_BIT(VREFBUF->CSR, VREFBUF_CSR_VRS));
1901:Drivers/STM32WBxx_HAL_Driver/Inc/stm32wbxx_ll_system.h **** }
1902:Drivers/STM32WBxx_HAL_Driver/Inc/stm32wbxx_ll_system.h **** 
1903:Drivers/STM32WBxx_HAL_Driver/Inc/stm32wbxx_ll_system.h **** /**
1904:Drivers/STM32WBxx_HAL_Driver/Inc/stm32wbxx_ll_system.h ****   * @brief  Get the VREFBUF trimming value for VRS=0 (VREF_SC0)
1905:Drivers/STM32WBxx_HAL_Driver/Inc/stm32wbxx_ll_system.h ****   * @retval Between 0 and 0x3F
1906:Drivers/STM32WBxx_HAL_Driver/Inc/stm32wbxx_ll_system.h ****   */
1907:Drivers/STM32WBxx_HAL_Driver/Inc/stm32wbxx_ll_system.h **** __STATIC_INLINE uint32_t LL_VREFBUF_SC0_GetCalibration(void)
1908:Drivers/STM32WBxx_HAL_Driver/Inc/stm32wbxx_ll_system.h **** {
1909:Drivers/STM32WBxx_HAL_Driver/Inc/stm32wbxx_ll_system.h ****   return (uint32_t)(*VREFBUF_SC0_CAL_ADDR);
1910:Drivers/STM32WBxx_HAL_Driver/Inc/stm32wbxx_ll_system.h **** }
1911:Drivers/STM32WBxx_HAL_Driver/Inc/stm32wbxx_ll_system.h **** 
1912:Drivers/STM32WBxx_HAL_Driver/Inc/stm32wbxx_ll_system.h **** /**
1913:Drivers/STM32WBxx_HAL_Driver/Inc/stm32wbxx_ll_system.h ****   * @brief  Get the VREFBUF trimming value for VRS=1 (VREF_SC1)
1914:Drivers/STM32WBxx_HAL_Driver/Inc/stm32wbxx_ll_system.h ****   * @retval Between 0 and 0x3F
1915:Drivers/STM32WBxx_HAL_Driver/Inc/stm32wbxx_ll_system.h ****   */
1916:Drivers/STM32WBxx_HAL_Driver/Inc/stm32wbxx_ll_system.h **** __STATIC_INLINE uint32_t LL_VREFBUF_SC1_GetCalibration(void)
1917:Drivers/STM32WBxx_HAL_Driver/Inc/stm32wbxx_ll_system.h **** {
1918:Drivers/STM32WBxx_HAL_Driver/Inc/stm32wbxx_ll_system.h ****   return (uint32_t)(*VREFBUF_SC1_CAL_ADDR);
1919:Drivers/STM32WBxx_HAL_Driver/Inc/stm32wbxx_ll_system.h **** }
1920:Drivers/STM32WBxx_HAL_Driver/Inc/stm32wbxx_ll_system.h **** 
1921:Drivers/STM32WBxx_HAL_Driver/Inc/stm32wbxx_ll_system.h **** /**
1922:Drivers/STM32WBxx_HAL_Driver/Inc/stm32wbxx_ll_system.h ****   * @brief  Check if Voltage reference buffer is ready
1923:Drivers/STM32WBxx_HAL_Driver/Inc/stm32wbxx_ll_system.h ****   * @rmtoll VREFBUF_CSR  VRR           LL_VREFBUF_IsVREFReady
1924:Drivers/STM32WBxx_HAL_Driver/Inc/stm32wbxx_ll_system.h ****   * @retval State of bit (1 or 0).
1925:Drivers/STM32WBxx_HAL_Driver/Inc/stm32wbxx_ll_system.h ****   */
1926:Drivers/STM32WBxx_HAL_Driver/Inc/stm32wbxx_ll_system.h **** __STATIC_INLINE uint32_t LL_VREFBUF_IsVREFReady(void)
1927:Drivers/STM32WBxx_HAL_Driver/Inc/stm32wbxx_ll_system.h **** {
1928:Drivers/STM32WBxx_HAL_Driver/Inc/stm32wbxx_ll_system.h ****   return ((READ_BIT(VREFBUF->CSR, VREFBUF_CSR_VRR) == (VREFBUF_CSR_VRR)) ? 1UL : 0UL);
1929:Drivers/STM32WBxx_HAL_Driver/Inc/stm32wbxx_ll_system.h **** }
1930:Drivers/STM32WBxx_HAL_Driver/Inc/stm32wbxx_ll_system.h **** 
1931:Drivers/STM32WBxx_HAL_Driver/Inc/stm32wbxx_ll_system.h **** /**
1932:Drivers/STM32WBxx_HAL_Driver/Inc/stm32wbxx_ll_system.h ****   * @brief  Get the trimming code for VREFBUF calibration
1933:Drivers/STM32WBxx_HAL_Driver/Inc/stm32wbxx_ll_system.h ****   * @rmtoll VREFBUF_CCR  TRIM          LL_VREFBUF_GetTrimming
1934:Drivers/STM32WBxx_HAL_Driver/Inc/stm32wbxx_ll_system.h ****   * @retval Between 0 and 0x3F
1935:Drivers/STM32WBxx_HAL_Driver/Inc/stm32wbxx_ll_system.h ****   */
1936:Drivers/STM32WBxx_HAL_Driver/Inc/stm32wbxx_ll_system.h **** __STATIC_INLINE uint32_t LL_VREFBUF_GetTrimming(void)
1937:Drivers/STM32WBxx_HAL_Driver/Inc/stm32wbxx_ll_system.h **** {
1938:Drivers/STM32WBxx_HAL_Driver/Inc/stm32wbxx_ll_system.h ****   return (uint32_t)(READ_BIT(VREFBUF->CCR, VREFBUF_CCR_TRIM));
1939:Drivers/STM32WBxx_HAL_Driver/Inc/stm32wbxx_ll_system.h **** }
1940:Drivers/STM32WBxx_HAL_Driver/Inc/stm32wbxx_ll_system.h **** 
1941:Drivers/STM32WBxx_HAL_Driver/Inc/stm32wbxx_ll_system.h **** /**
1942:Drivers/STM32WBxx_HAL_Driver/Inc/stm32wbxx_ll_system.h ****   * @brief  Set the trimming code for VREFBUF calibration (Tune the internal reference buffer volta
1943:Drivers/STM32WBxx_HAL_Driver/Inc/stm32wbxx_ll_system.h ****   * @note   Each VrefBuf voltage scale is calibrated in production for each device,
1944:Drivers/STM32WBxx_HAL_Driver/Inc/stm32wbxx_ll_system.h ****   *         data stored in flash memory.
1945:Drivers/STM32WBxx_HAL_Driver/Inc/stm32wbxx_ll_system.h ****   *         Functions @ref LL_VREFBUF_SC0_GetCalibration and
1946:Drivers/STM32WBxx_HAL_Driver/Inc/stm32wbxx_ll_system.h ****   *         @ref LL_VREFBUF_SC0_GetCalibration can be used to retrieve
1947:Drivers/STM32WBxx_HAL_Driver/Inc/stm32wbxx_ll_system.h ****   *         these calibration data.
1948:Drivers/STM32WBxx_HAL_Driver/Inc/stm32wbxx_ll_system.h ****   * @rmtoll VREFBUF_CCR  TRIM          LL_VREFBUF_SetTrimming
1949:Drivers/STM32WBxx_HAL_Driver/Inc/stm32wbxx_ll_system.h ****   * @param  Value Between 0 and 0x3F
1950:Drivers/STM32WBxx_HAL_Driver/Inc/stm32wbxx_ll_system.h ****   * @retval None
1951:Drivers/STM32WBxx_HAL_Driver/Inc/stm32wbxx_ll_system.h ****   */
1952:Drivers/STM32WBxx_HAL_Driver/Inc/stm32wbxx_ll_system.h **** __STATIC_INLINE void LL_VREFBUF_SetTrimming(uint32_t Value)
1953:Drivers/STM32WBxx_HAL_Driver/Inc/stm32wbxx_ll_system.h **** {
1954:Drivers/STM32WBxx_HAL_Driver/Inc/stm32wbxx_ll_system.h ****   WRITE_REG(VREFBUF->CCR, Value);
1955:Drivers/STM32WBxx_HAL_Driver/Inc/stm32wbxx_ll_system.h **** }
1956:Drivers/STM32WBxx_HAL_Driver/Inc/stm32wbxx_ll_system.h **** 
ARM GAS  C:\Users\843E~1\AppData\Local\Temp\ccnpSKQK.s 			page 68


1957:Drivers/STM32WBxx_HAL_Driver/Inc/stm32wbxx_ll_system.h **** /**
1958:Drivers/STM32WBxx_HAL_Driver/Inc/stm32wbxx_ll_system.h ****   * @}
1959:Drivers/STM32WBxx_HAL_Driver/Inc/stm32wbxx_ll_system.h ****   */
1960:Drivers/STM32WBxx_HAL_Driver/Inc/stm32wbxx_ll_system.h **** #endif /* VREFBUF */
1961:Drivers/STM32WBxx_HAL_Driver/Inc/stm32wbxx_ll_system.h **** 
1962:Drivers/STM32WBxx_HAL_Driver/Inc/stm32wbxx_ll_system.h **** /** @defgroup SYSTEM_LL_EF_FLASH FLASH
1963:Drivers/STM32WBxx_HAL_Driver/Inc/stm32wbxx_ll_system.h ****   * @{
1964:Drivers/STM32WBxx_HAL_Driver/Inc/stm32wbxx_ll_system.h ****   */
1965:Drivers/STM32WBxx_HAL_Driver/Inc/stm32wbxx_ll_system.h **** 
1966:Drivers/STM32WBxx_HAL_Driver/Inc/stm32wbxx_ll_system.h **** /**
1967:Drivers/STM32WBxx_HAL_Driver/Inc/stm32wbxx_ll_system.h ****   * @brief  Set FLASH Latency
1968:Drivers/STM32WBxx_HAL_Driver/Inc/stm32wbxx_ll_system.h ****   * @rmtoll FLASH_ACR    LATENCY       LL_FLASH_SetLatency
1969:Drivers/STM32WBxx_HAL_Driver/Inc/stm32wbxx_ll_system.h ****   * @param  Latency This parameter can be one of the following values:
1970:Drivers/STM32WBxx_HAL_Driver/Inc/stm32wbxx_ll_system.h ****   *         @arg @ref LL_FLASH_LATENCY_0
1971:Drivers/STM32WBxx_HAL_Driver/Inc/stm32wbxx_ll_system.h ****   *         @arg @ref LL_FLASH_LATENCY_1
1972:Drivers/STM32WBxx_HAL_Driver/Inc/stm32wbxx_ll_system.h ****   *         @arg @ref LL_FLASH_LATENCY_2
1973:Drivers/STM32WBxx_HAL_Driver/Inc/stm32wbxx_ll_system.h ****   *         @arg @ref LL_FLASH_LATENCY_3
1974:Drivers/STM32WBxx_HAL_Driver/Inc/stm32wbxx_ll_system.h ****   * @retval None
1975:Drivers/STM32WBxx_HAL_Driver/Inc/stm32wbxx_ll_system.h ****   */
1976:Drivers/STM32WBxx_HAL_Driver/Inc/stm32wbxx_ll_system.h **** __STATIC_INLINE void LL_FLASH_SetLatency(uint32_t Latency)
1977:Drivers/STM32WBxx_HAL_Driver/Inc/stm32wbxx_ll_system.h **** {
1978:Drivers/STM32WBxx_HAL_Driver/Inc/stm32wbxx_ll_system.h ****   MODIFY_REG(FLASH->ACR, FLASH_ACR_LATENCY, Latency);
1979:Drivers/STM32WBxx_HAL_Driver/Inc/stm32wbxx_ll_system.h **** }
1980:Drivers/STM32WBxx_HAL_Driver/Inc/stm32wbxx_ll_system.h **** 
1981:Drivers/STM32WBxx_HAL_Driver/Inc/stm32wbxx_ll_system.h **** /**
1982:Drivers/STM32WBxx_HAL_Driver/Inc/stm32wbxx_ll_system.h ****   * @brief  Get FLASH Latency
1983:Drivers/STM32WBxx_HAL_Driver/Inc/stm32wbxx_ll_system.h ****   * @rmtoll FLASH_ACR    LATENCY       LL_FLASH_GetLatency
1984:Drivers/STM32WBxx_HAL_Driver/Inc/stm32wbxx_ll_system.h ****   * @retval Returned value can be one of the following values:
1985:Drivers/STM32WBxx_HAL_Driver/Inc/stm32wbxx_ll_system.h ****   *         @arg @ref LL_FLASH_LATENCY_0
1986:Drivers/STM32WBxx_HAL_Driver/Inc/stm32wbxx_ll_system.h ****   *         @arg @ref LL_FLASH_LATENCY_1
1987:Drivers/STM32WBxx_HAL_Driver/Inc/stm32wbxx_ll_system.h ****   *         @arg @ref LL_FLASH_LATENCY_2
1988:Drivers/STM32WBxx_HAL_Driver/Inc/stm32wbxx_ll_system.h ****   *         @arg @ref LL_FLASH_LATENCY_3
1989:Drivers/STM32WBxx_HAL_Driver/Inc/stm32wbxx_ll_system.h ****   */
1990:Drivers/STM32WBxx_HAL_Driver/Inc/stm32wbxx_ll_system.h **** __STATIC_INLINE uint32_t LL_FLASH_GetLatency(void)
1991:Drivers/STM32WBxx_HAL_Driver/Inc/stm32wbxx_ll_system.h **** {
1992:Drivers/STM32WBxx_HAL_Driver/Inc/stm32wbxx_ll_system.h ****   return (uint32_t)(READ_BIT(FLASH->ACR, FLASH_ACR_LATENCY));
1993:Drivers/STM32WBxx_HAL_Driver/Inc/stm32wbxx_ll_system.h **** }
1994:Drivers/STM32WBxx_HAL_Driver/Inc/stm32wbxx_ll_system.h **** 
1995:Drivers/STM32WBxx_HAL_Driver/Inc/stm32wbxx_ll_system.h **** /**
1996:Drivers/STM32WBxx_HAL_Driver/Inc/stm32wbxx_ll_system.h ****   * @brief  Enable Prefetch
1997:Drivers/STM32WBxx_HAL_Driver/Inc/stm32wbxx_ll_system.h ****   * @rmtoll FLASH_ACR    PRFTEN        LL_FLASH_EnablePrefetch
1998:Drivers/STM32WBxx_HAL_Driver/Inc/stm32wbxx_ll_system.h ****   * @retval None
1999:Drivers/STM32WBxx_HAL_Driver/Inc/stm32wbxx_ll_system.h ****   */
2000:Drivers/STM32WBxx_HAL_Driver/Inc/stm32wbxx_ll_system.h **** __STATIC_INLINE void LL_FLASH_EnablePrefetch(void)
2001:Drivers/STM32WBxx_HAL_Driver/Inc/stm32wbxx_ll_system.h **** {
2002:Drivers/STM32WBxx_HAL_Driver/Inc/stm32wbxx_ll_system.h ****   SET_BIT(FLASH->ACR, FLASH_ACR_PRFTEN);
2003:Drivers/STM32WBxx_HAL_Driver/Inc/stm32wbxx_ll_system.h **** }
2004:Drivers/STM32WBxx_HAL_Driver/Inc/stm32wbxx_ll_system.h **** 
2005:Drivers/STM32WBxx_HAL_Driver/Inc/stm32wbxx_ll_system.h **** /**
2006:Drivers/STM32WBxx_HAL_Driver/Inc/stm32wbxx_ll_system.h ****   * @brief  Disable Prefetch
2007:Drivers/STM32WBxx_HAL_Driver/Inc/stm32wbxx_ll_system.h ****   * @rmtoll FLASH_ACR    PRFTEN        LL_FLASH_DisablePrefetch
2008:Drivers/STM32WBxx_HAL_Driver/Inc/stm32wbxx_ll_system.h ****   * @rmtoll FLASH_C2ACR  PRFTEN        LL_FLASH_DisablePrefetch
2009:Drivers/STM32WBxx_HAL_Driver/Inc/stm32wbxx_ll_system.h ****   * @retval None
2010:Drivers/STM32WBxx_HAL_Driver/Inc/stm32wbxx_ll_system.h ****   */
2011:Drivers/STM32WBxx_HAL_Driver/Inc/stm32wbxx_ll_system.h **** __STATIC_INLINE void LL_FLASH_DisablePrefetch(void)
2012:Drivers/STM32WBxx_HAL_Driver/Inc/stm32wbxx_ll_system.h **** {
2013:Drivers/STM32WBxx_HAL_Driver/Inc/stm32wbxx_ll_system.h ****   CLEAR_BIT(FLASH->ACR, FLASH_ACR_PRFTEN);
ARM GAS  C:\Users\843E~1\AppData\Local\Temp\ccnpSKQK.s 			page 69


2014:Drivers/STM32WBxx_HAL_Driver/Inc/stm32wbxx_ll_system.h **** }
2015:Drivers/STM32WBxx_HAL_Driver/Inc/stm32wbxx_ll_system.h **** 
2016:Drivers/STM32WBxx_HAL_Driver/Inc/stm32wbxx_ll_system.h **** /**
2017:Drivers/STM32WBxx_HAL_Driver/Inc/stm32wbxx_ll_system.h ****   * @brief  Check if Prefetch buffer is enabled
2018:Drivers/STM32WBxx_HAL_Driver/Inc/stm32wbxx_ll_system.h ****   * @rmtoll FLASH_ACR    PRFTEN        LL_FLASH_IsPrefetchEnabled
2019:Drivers/STM32WBxx_HAL_Driver/Inc/stm32wbxx_ll_system.h ****   * @rmtoll FLASH_C2ACR  C2PRFTEN      LL_FLASH_IsPrefetchEnabled
2020:Drivers/STM32WBxx_HAL_Driver/Inc/stm32wbxx_ll_system.h ****   * @retval State of bit (1 or 0).
2021:Drivers/STM32WBxx_HAL_Driver/Inc/stm32wbxx_ll_system.h ****   */
2022:Drivers/STM32WBxx_HAL_Driver/Inc/stm32wbxx_ll_system.h **** __STATIC_INLINE uint32_t LL_FLASH_IsPrefetchEnabled(void)
2023:Drivers/STM32WBxx_HAL_Driver/Inc/stm32wbxx_ll_system.h **** {
2024:Drivers/STM32WBxx_HAL_Driver/Inc/stm32wbxx_ll_system.h ****   return ((READ_BIT(FLASH->ACR, FLASH_ACR_PRFTEN) == (FLASH_ACR_PRFTEN)) ? 1UL : 0UL);
2025:Drivers/STM32WBxx_HAL_Driver/Inc/stm32wbxx_ll_system.h **** }
2026:Drivers/STM32WBxx_HAL_Driver/Inc/stm32wbxx_ll_system.h **** 
2027:Drivers/STM32WBxx_HAL_Driver/Inc/stm32wbxx_ll_system.h **** /**
2028:Drivers/STM32WBxx_HAL_Driver/Inc/stm32wbxx_ll_system.h ****   * @brief  Enable Instruction cache
2029:Drivers/STM32WBxx_HAL_Driver/Inc/stm32wbxx_ll_system.h ****   * @rmtoll FLASH_ACR    ICEN          LL_FLASH_EnableInstCache
2030:Drivers/STM32WBxx_HAL_Driver/Inc/stm32wbxx_ll_system.h ****   * @rmtoll FLASH_C2ACR  ICEN          LL_FLASH_EnableInstCache
2031:Drivers/STM32WBxx_HAL_Driver/Inc/stm32wbxx_ll_system.h ****   * @retval None
2032:Drivers/STM32WBxx_HAL_Driver/Inc/stm32wbxx_ll_system.h ****   */
2033:Drivers/STM32WBxx_HAL_Driver/Inc/stm32wbxx_ll_system.h **** __STATIC_INLINE void LL_FLASH_EnableInstCache(void)
2034:Drivers/STM32WBxx_HAL_Driver/Inc/stm32wbxx_ll_system.h **** {
2035:Drivers/STM32WBxx_HAL_Driver/Inc/stm32wbxx_ll_system.h ****   SET_BIT(FLASH->ACR, FLASH_ACR_ICEN);
2036:Drivers/STM32WBxx_HAL_Driver/Inc/stm32wbxx_ll_system.h **** }
2037:Drivers/STM32WBxx_HAL_Driver/Inc/stm32wbxx_ll_system.h **** 
2038:Drivers/STM32WBxx_HAL_Driver/Inc/stm32wbxx_ll_system.h **** /**
2039:Drivers/STM32WBxx_HAL_Driver/Inc/stm32wbxx_ll_system.h ****   * @brief  Disable Instruction cache
2040:Drivers/STM32WBxx_HAL_Driver/Inc/stm32wbxx_ll_system.h ****   * @rmtoll FLASH_ACR    ICEN          LL_FLASH_DisableInstCache
2041:Drivers/STM32WBxx_HAL_Driver/Inc/stm32wbxx_ll_system.h ****   * @rmtoll FLASH_C2ACR  ICEN          LL_FLASH_DisableInstCache
2042:Drivers/STM32WBxx_HAL_Driver/Inc/stm32wbxx_ll_system.h ****   * @retval None
2043:Drivers/STM32WBxx_HAL_Driver/Inc/stm32wbxx_ll_system.h ****   */
2044:Drivers/STM32WBxx_HAL_Driver/Inc/stm32wbxx_ll_system.h **** __STATIC_INLINE void LL_FLASH_DisableInstCache(void)
2045:Drivers/STM32WBxx_HAL_Driver/Inc/stm32wbxx_ll_system.h **** {
2046:Drivers/STM32WBxx_HAL_Driver/Inc/stm32wbxx_ll_system.h ****   CLEAR_BIT(FLASH->ACR, FLASH_ACR_ICEN);
2047:Drivers/STM32WBxx_HAL_Driver/Inc/stm32wbxx_ll_system.h **** }
2048:Drivers/STM32WBxx_HAL_Driver/Inc/stm32wbxx_ll_system.h **** 
2049:Drivers/STM32WBxx_HAL_Driver/Inc/stm32wbxx_ll_system.h **** /**
2050:Drivers/STM32WBxx_HAL_Driver/Inc/stm32wbxx_ll_system.h ****   * @brief  Enable Data cache
2051:Drivers/STM32WBxx_HAL_Driver/Inc/stm32wbxx_ll_system.h ****   * @rmtoll FLASH_ACR    DCEN          LL_FLASH_EnableDataCache
2052:Drivers/STM32WBxx_HAL_Driver/Inc/stm32wbxx_ll_system.h ****   * @retval None
2053:Drivers/STM32WBxx_HAL_Driver/Inc/stm32wbxx_ll_system.h ****   */
2054:Drivers/STM32WBxx_HAL_Driver/Inc/stm32wbxx_ll_system.h **** __STATIC_INLINE void LL_FLASH_EnableDataCache(void)
2055:Drivers/STM32WBxx_HAL_Driver/Inc/stm32wbxx_ll_system.h **** {
2056:Drivers/STM32WBxx_HAL_Driver/Inc/stm32wbxx_ll_system.h ****   SET_BIT(FLASH->ACR, FLASH_ACR_DCEN);
2057:Drivers/STM32WBxx_HAL_Driver/Inc/stm32wbxx_ll_system.h **** }
2058:Drivers/STM32WBxx_HAL_Driver/Inc/stm32wbxx_ll_system.h **** 
2059:Drivers/STM32WBxx_HAL_Driver/Inc/stm32wbxx_ll_system.h **** /**
2060:Drivers/STM32WBxx_HAL_Driver/Inc/stm32wbxx_ll_system.h ****   * @brief  Disable Data cache
2061:Drivers/STM32WBxx_HAL_Driver/Inc/stm32wbxx_ll_system.h ****   * @rmtoll FLASH_ACR    DCEN          LL_FLASH_DisableDataCache
2062:Drivers/STM32WBxx_HAL_Driver/Inc/stm32wbxx_ll_system.h ****   * @retval None
2063:Drivers/STM32WBxx_HAL_Driver/Inc/stm32wbxx_ll_system.h ****   */
2064:Drivers/STM32WBxx_HAL_Driver/Inc/stm32wbxx_ll_system.h **** __STATIC_INLINE void LL_FLASH_DisableDataCache(void)
2065:Drivers/STM32WBxx_HAL_Driver/Inc/stm32wbxx_ll_system.h **** {
2066:Drivers/STM32WBxx_HAL_Driver/Inc/stm32wbxx_ll_system.h ****   CLEAR_BIT(FLASH->ACR, FLASH_ACR_DCEN);
2067:Drivers/STM32WBxx_HAL_Driver/Inc/stm32wbxx_ll_system.h **** }
2068:Drivers/STM32WBxx_HAL_Driver/Inc/stm32wbxx_ll_system.h **** 
2069:Drivers/STM32WBxx_HAL_Driver/Inc/stm32wbxx_ll_system.h **** /**
2070:Drivers/STM32WBxx_HAL_Driver/Inc/stm32wbxx_ll_system.h ****   * @brief  Enable Instruction cache reset
ARM GAS  C:\Users\843E~1\AppData\Local\Temp\ccnpSKQK.s 			page 70


2071:Drivers/STM32WBxx_HAL_Driver/Inc/stm32wbxx_ll_system.h ****   * @note  bit can be written only when the instruction cache is disabled
2072:Drivers/STM32WBxx_HAL_Driver/Inc/stm32wbxx_ll_system.h ****   * @rmtoll FLASH_ACR    ICRST         LL_FLASH_EnableInstCacheReset
2073:Drivers/STM32WBxx_HAL_Driver/Inc/stm32wbxx_ll_system.h ****   * @rmtoll FLASH_C2ACR  ICRST         LL_FLASH_EnableInstCacheReset
2074:Drivers/STM32WBxx_HAL_Driver/Inc/stm32wbxx_ll_system.h ****   * @retval None
2075:Drivers/STM32WBxx_HAL_Driver/Inc/stm32wbxx_ll_system.h ****   */
2076:Drivers/STM32WBxx_HAL_Driver/Inc/stm32wbxx_ll_system.h **** __STATIC_INLINE void LL_FLASH_EnableInstCacheReset(void)
2077:Drivers/STM32WBxx_HAL_Driver/Inc/stm32wbxx_ll_system.h **** {
2078:Drivers/STM32WBxx_HAL_Driver/Inc/stm32wbxx_ll_system.h ****   SET_BIT(FLASH->ACR, FLASH_ACR_ICRST);
2079:Drivers/STM32WBxx_HAL_Driver/Inc/stm32wbxx_ll_system.h **** }
2080:Drivers/STM32WBxx_HAL_Driver/Inc/stm32wbxx_ll_system.h **** 
2081:Drivers/STM32WBxx_HAL_Driver/Inc/stm32wbxx_ll_system.h **** /**
2082:Drivers/STM32WBxx_HAL_Driver/Inc/stm32wbxx_ll_system.h ****   * @brief  Disable Instruction cache reset
2083:Drivers/STM32WBxx_HAL_Driver/Inc/stm32wbxx_ll_system.h ****   * @rmtoll FLASH_ACR    ICRST         LL_FLASH_DisableInstCacheReset
2084:Drivers/STM32WBxx_HAL_Driver/Inc/stm32wbxx_ll_system.h ****   * @rmtoll FLASH_C2ACR  ICRST         LL_FLASH_DisableInstCacheReset
2085:Drivers/STM32WBxx_HAL_Driver/Inc/stm32wbxx_ll_system.h ****   * @retval None
2086:Drivers/STM32WBxx_HAL_Driver/Inc/stm32wbxx_ll_system.h ****   */
2087:Drivers/STM32WBxx_HAL_Driver/Inc/stm32wbxx_ll_system.h **** __STATIC_INLINE void LL_FLASH_DisableInstCacheReset(void)
2088:Drivers/STM32WBxx_HAL_Driver/Inc/stm32wbxx_ll_system.h **** {
2089:Drivers/STM32WBxx_HAL_Driver/Inc/stm32wbxx_ll_system.h ****   CLEAR_BIT(FLASH->ACR, FLASH_ACR_ICRST);
2090:Drivers/STM32WBxx_HAL_Driver/Inc/stm32wbxx_ll_system.h **** }
2091:Drivers/STM32WBxx_HAL_Driver/Inc/stm32wbxx_ll_system.h **** 
2092:Drivers/STM32WBxx_HAL_Driver/Inc/stm32wbxx_ll_system.h **** /**
2093:Drivers/STM32WBxx_HAL_Driver/Inc/stm32wbxx_ll_system.h ****   * @brief  Enable Data cache reset
2094:Drivers/STM32WBxx_HAL_Driver/Inc/stm32wbxx_ll_system.h ****   * @note bit can be written only when the data cache is disabled
2095:Drivers/STM32WBxx_HAL_Driver/Inc/stm32wbxx_ll_system.h ****   * @rmtoll FLASH_ACR    DCRST         LL_FLASH_EnableDataCacheReset
2096:Drivers/STM32WBxx_HAL_Driver/Inc/stm32wbxx_ll_system.h ****   * @retval None
2097:Drivers/STM32WBxx_HAL_Driver/Inc/stm32wbxx_ll_system.h ****   */
2098:Drivers/STM32WBxx_HAL_Driver/Inc/stm32wbxx_ll_system.h **** __STATIC_INLINE void LL_FLASH_EnableDataCacheReset(void)
2099:Drivers/STM32WBxx_HAL_Driver/Inc/stm32wbxx_ll_system.h **** {
2100:Drivers/STM32WBxx_HAL_Driver/Inc/stm32wbxx_ll_system.h ****   SET_BIT(FLASH->ACR, FLASH_ACR_DCRST);
2101:Drivers/STM32WBxx_HAL_Driver/Inc/stm32wbxx_ll_system.h **** }
2102:Drivers/STM32WBxx_HAL_Driver/Inc/stm32wbxx_ll_system.h **** 
2103:Drivers/STM32WBxx_HAL_Driver/Inc/stm32wbxx_ll_system.h **** /**
2104:Drivers/STM32WBxx_HAL_Driver/Inc/stm32wbxx_ll_system.h ****   * @brief  Disable Data cache reset
2105:Drivers/STM32WBxx_HAL_Driver/Inc/stm32wbxx_ll_system.h ****   * @rmtoll FLASH_ACR    DCRST         LL_FLASH_DisableDataCacheReset
2106:Drivers/STM32WBxx_HAL_Driver/Inc/stm32wbxx_ll_system.h ****   * @retval None
2107:Drivers/STM32WBxx_HAL_Driver/Inc/stm32wbxx_ll_system.h ****   */
2108:Drivers/STM32WBxx_HAL_Driver/Inc/stm32wbxx_ll_system.h **** __STATIC_INLINE void LL_FLASH_DisableDataCacheReset(void)
2109:Drivers/STM32WBxx_HAL_Driver/Inc/stm32wbxx_ll_system.h **** {
2110:Drivers/STM32WBxx_HAL_Driver/Inc/stm32wbxx_ll_system.h ****   CLEAR_BIT(FLASH->ACR, FLASH_ACR_DCRST);
2111:Drivers/STM32WBxx_HAL_Driver/Inc/stm32wbxx_ll_system.h **** }
2112:Drivers/STM32WBxx_HAL_Driver/Inc/stm32wbxx_ll_system.h **** 
2113:Drivers/STM32WBxx_HAL_Driver/Inc/stm32wbxx_ll_system.h **** /**
2114:Drivers/STM32WBxx_HAL_Driver/Inc/stm32wbxx_ll_system.h ****   * @brief  Suspend new program or erase operation request
2115:Drivers/STM32WBxx_HAL_Driver/Inc/stm32wbxx_ll_system.h ****   * @note   Any new Flash program and erase operation on both CPU side will be suspended
2116:Drivers/STM32WBxx_HAL_Driver/Inc/stm32wbxx_ll_system.h ****   *         until this bit and the same bit in Flash CPU2 access control register (FLASH_C2ACR) are
2117:Drivers/STM32WBxx_HAL_Driver/Inc/stm32wbxx_ll_system.h ****   *         cleared. The PESD bit in both the Flash status register (FLASH_SR) and Flash
2118:Drivers/STM32WBxx_HAL_Driver/Inc/stm32wbxx_ll_system.h ****   *         CPU2 status register (FLASH_C2SR) register will be set when at least one PES
2119:Drivers/STM32WBxx_HAL_Driver/Inc/stm32wbxx_ll_system.h ****   *         bit in FLASH_ACR or FLASH_C2ACR is set.
2120:Drivers/STM32WBxx_HAL_Driver/Inc/stm32wbxx_ll_system.h ****   * @rmtoll FLASH_ACR    PES         LL_FLASH_SuspendOperation
2121:Drivers/STM32WBxx_HAL_Driver/Inc/stm32wbxx_ll_system.h ****   * @rmtoll FLASH_C2ACR  PES         LL_FLASH_SuspendOperation
2122:Drivers/STM32WBxx_HAL_Driver/Inc/stm32wbxx_ll_system.h ****   * @retval None
2123:Drivers/STM32WBxx_HAL_Driver/Inc/stm32wbxx_ll_system.h ****   */
2124:Drivers/STM32WBxx_HAL_Driver/Inc/stm32wbxx_ll_system.h **** __STATIC_INLINE void LL_FLASH_SuspendOperation(void)
2125:Drivers/STM32WBxx_HAL_Driver/Inc/stm32wbxx_ll_system.h **** {
2126:Drivers/STM32WBxx_HAL_Driver/Inc/stm32wbxx_ll_system.h ****   SET_BIT(FLASH->ACR, FLASH_ACR_PES);
2127:Drivers/STM32WBxx_HAL_Driver/Inc/stm32wbxx_ll_system.h **** }
ARM GAS  C:\Users\843E~1\AppData\Local\Temp\ccnpSKQK.s 			page 71


2128:Drivers/STM32WBxx_HAL_Driver/Inc/stm32wbxx_ll_system.h **** 
2129:Drivers/STM32WBxx_HAL_Driver/Inc/stm32wbxx_ll_system.h **** /**
2130:Drivers/STM32WBxx_HAL_Driver/Inc/stm32wbxx_ll_system.h ****   * @brief  Allow new program or erase operation request
2131:Drivers/STM32WBxx_HAL_Driver/Inc/stm32wbxx_ll_system.h ****   * @note   Any new Flash program and erase operation on both CPU side will be allowed
2132:Drivers/STM32WBxx_HAL_Driver/Inc/stm32wbxx_ll_system.h ****   *         until one of this bit or the same bit in Flash CPU2 access control register (FLASH_C2AC
2133:Drivers/STM32WBxx_HAL_Driver/Inc/stm32wbxx_ll_system.h ****   *         set. The PESD bit in both the Flash status register (FLASH_SR) and Flash
2134:Drivers/STM32WBxx_HAL_Driver/Inc/stm32wbxx_ll_system.h ****   *         CPU2 status register (FLASH_C2SR) register will be clear when both PES
2135:Drivers/STM32WBxx_HAL_Driver/Inc/stm32wbxx_ll_system.h ****   *         bit in FLASH_ACR or FLASH_C2ACR is cleared.
2136:Drivers/STM32WBxx_HAL_Driver/Inc/stm32wbxx_ll_system.h ****   * @rmtoll FLASH_ACR    PES      LL_FLASH_AllowOperation
2137:Drivers/STM32WBxx_HAL_Driver/Inc/stm32wbxx_ll_system.h ****   * @rmtoll FLASH_C2ACR  PES      LL_FLASH_AllowOperation
2138:Drivers/STM32WBxx_HAL_Driver/Inc/stm32wbxx_ll_system.h ****   * @retval None
2139:Drivers/STM32WBxx_HAL_Driver/Inc/stm32wbxx_ll_system.h ****   */
2140:Drivers/STM32WBxx_HAL_Driver/Inc/stm32wbxx_ll_system.h **** __STATIC_INLINE void LL_FLASH_AllowOperation(void)
2141:Drivers/STM32WBxx_HAL_Driver/Inc/stm32wbxx_ll_system.h **** {
2142:Drivers/STM32WBxx_HAL_Driver/Inc/stm32wbxx_ll_system.h ****   CLEAR_BIT(FLASH->ACR, FLASH_ACR_PES);
2143:Drivers/STM32WBxx_HAL_Driver/Inc/stm32wbxx_ll_system.h **** }
2144:Drivers/STM32WBxx_HAL_Driver/Inc/stm32wbxx_ll_system.h **** 
2145:Drivers/STM32WBxx_HAL_Driver/Inc/stm32wbxx_ll_system.h **** /**
2146:Drivers/STM32WBxx_HAL_Driver/Inc/stm32wbxx_ll_system.h ****   * @brief  Check if new program or erase operation request from CPU2 is suspended
2147:Drivers/STM32WBxx_HAL_Driver/Inc/stm32wbxx_ll_system.h ****   * @rmtoll FLASH_ACR    PES         LL_FLASH_IsOperationSuspended
2148:Drivers/STM32WBxx_HAL_Driver/Inc/stm32wbxx_ll_system.h ****   * @rmtoll FLASH_C2ACR  PES         LL_FLASH_IsOperationSuspended
2149:Drivers/STM32WBxx_HAL_Driver/Inc/stm32wbxx_ll_system.h ****   * @retval State of bit (1 or 0).
2150:Drivers/STM32WBxx_HAL_Driver/Inc/stm32wbxx_ll_system.h ****   */
2151:Drivers/STM32WBxx_HAL_Driver/Inc/stm32wbxx_ll_system.h **** __STATIC_INLINE uint32_t LL_FLASH_IsOperationSuspended(void)
2152:Drivers/STM32WBxx_HAL_Driver/Inc/stm32wbxx_ll_system.h **** {
2153:Drivers/STM32WBxx_HAL_Driver/Inc/stm32wbxx_ll_system.h ****   return ((READ_BIT(FLASH->ACR, FLASH_ACR_PES) == (FLASH_ACR_PES)) ? 1UL : 0UL);
2154:Drivers/STM32WBxx_HAL_Driver/Inc/stm32wbxx_ll_system.h **** }
2155:Drivers/STM32WBxx_HAL_Driver/Inc/stm32wbxx_ll_system.h **** 
2156:Drivers/STM32WBxx_HAL_Driver/Inc/stm32wbxx_ll_system.h **** /**
2157:Drivers/STM32WBxx_HAL_Driver/Inc/stm32wbxx_ll_system.h ****   * @brief  Check if new program or erase operation request from CPU1 or CPU2 is suspended
2158:Drivers/STM32WBxx_HAL_Driver/Inc/stm32wbxx_ll_system.h ****   * @rmtoll FLASH_SR      PESD         LL_FLASH_IsActiveFlag_OperationSuspended
2159:Drivers/STM32WBxx_HAL_Driver/Inc/stm32wbxx_ll_system.h ****   * @rmtoll FLASH_C2SR    PESD         LL_FLASH_IsActiveFlag_OperationSuspended
2160:Drivers/STM32WBxx_HAL_Driver/Inc/stm32wbxx_ll_system.h ****   * @retval State of bit (1 or 0).
2161:Drivers/STM32WBxx_HAL_Driver/Inc/stm32wbxx_ll_system.h ****   */
2162:Drivers/STM32WBxx_HAL_Driver/Inc/stm32wbxx_ll_system.h **** __STATIC_INLINE uint32_t LL_FLASH_IsActiveFlag_OperationSuspended(void)
2163:Drivers/STM32WBxx_HAL_Driver/Inc/stm32wbxx_ll_system.h **** {
2164:Drivers/STM32WBxx_HAL_Driver/Inc/stm32wbxx_ll_system.h ****   return ((READ_BIT(FLASH->SR, FLASH_SR_PESD) == (FLASH_SR_PESD)) ? 1UL : 0UL);
2165:Drivers/STM32WBxx_HAL_Driver/Inc/stm32wbxx_ll_system.h **** }
2166:Drivers/STM32WBxx_HAL_Driver/Inc/stm32wbxx_ll_system.h **** 
2167:Drivers/STM32WBxx_HAL_Driver/Inc/stm32wbxx_ll_system.h **** /**
2168:Drivers/STM32WBxx_HAL_Driver/Inc/stm32wbxx_ll_system.h ****   * @brief  Set EMPTY flag information as Flash User area empty
2169:Drivers/STM32WBxx_HAL_Driver/Inc/stm32wbxx_ll_system.h ****   * @rmtoll FLASH_ACR    EMPTY      LL_FLASH_SetEmptyFlag
2170:Drivers/STM32WBxx_HAL_Driver/Inc/stm32wbxx_ll_system.h ****   * @retval None
2171:Drivers/STM32WBxx_HAL_Driver/Inc/stm32wbxx_ll_system.h ****   */
2172:Drivers/STM32WBxx_HAL_Driver/Inc/stm32wbxx_ll_system.h **** __STATIC_INLINE void LL_FLASH_SetEmptyFlag(void)
2173:Drivers/STM32WBxx_HAL_Driver/Inc/stm32wbxx_ll_system.h **** {
2174:Drivers/STM32WBxx_HAL_Driver/Inc/stm32wbxx_ll_system.h ****   SET_BIT(FLASH->ACR, FLASH_ACR_EMPTY);
2175:Drivers/STM32WBxx_HAL_Driver/Inc/stm32wbxx_ll_system.h **** }
2176:Drivers/STM32WBxx_HAL_Driver/Inc/stm32wbxx_ll_system.h **** 
2177:Drivers/STM32WBxx_HAL_Driver/Inc/stm32wbxx_ll_system.h **** /**
2178:Drivers/STM32WBxx_HAL_Driver/Inc/stm32wbxx_ll_system.h ****   * @brief  Clear EMPTY flag information as Flash User area programmed
2179:Drivers/STM32WBxx_HAL_Driver/Inc/stm32wbxx_ll_system.h ****   * @rmtoll FLASH_ACR    EMPTY      LL_FLASH_ClearEmptyFlag
2180:Drivers/STM32WBxx_HAL_Driver/Inc/stm32wbxx_ll_system.h ****   * @retval None
2181:Drivers/STM32WBxx_HAL_Driver/Inc/stm32wbxx_ll_system.h ****   */
2182:Drivers/STM32WBxx_HAL_Driver/Inc/stm32wbxx_ll_system.h **** __STATIC_INLINE void LL_FLASH_ClearEmptyFlag(void)
2183:Drivers/STM32WBxx_HAL_Driver/Inc/stm32wbxx_ll_system.h **** {
2184:Drivers/STM32WBxx_HAL_Driver/Inc/stm32wbxx_ll_system.h ****   CLEAR_BIT(FLASH->ACR, FLASH_ACR_EMPTY);
ARM GAS  C:\Users\843E~1\AppData\Local\Temp\ccnpSKQK.s 			page 72


2185:Drivers/STM32WBxx_HAL_Driver/Inc/stm32wbxx_ll_system.h **** }
2186:Drivers/STM32WBxx_HAL_Driver/Inc/stm32wbxx_ll_system.h **** 
2187:Drivers/STM32WBxx_HAL_Driver/Inc/stm32wbxx_ll_system.h **** /**
2188:Drivers/STM32WBxx_HAL_Driver/Inc/stm32wbxx_ll_system.h ****   * @brief  Check if the EMPTY flag is set or reset
2189:Drivers/STM32WBxx_HAL_Driver/Inc/stm32wbxx_ll_system.h ****   * @rmtoll FLASH_ACR    EMPTY      LL_FLASH_IsEmptyFlag
2190:Drivers/STM32WBxx_HAL_Driver/Inc/stm32wbxx_ll_system.h ****   * @retval State of bit (1 or 0).
2191:Drivers/STM32WBxx_HAL_Driver/Inc/stm32wbxx_ll_system.h ****   */
2192:Drivers/STM32WBxx_HAL_Driver/Inc/stm32wbxx_ll_system.h **** __STATIC_INLINE uint32_t LL_FLASH_IsEmptyFlag(void)
2193:Drivers/STM32WBxx_HAL_Driver/Inc/stm32wbxx_ll_system.h **** {
2194:Drivers/STM32WBxx_HAL_Driver/Inc/stm32wbxx_ll_system.h ****   return ((READ_BIT(FLASH->ACR, FLASH_ACR_EMPTY) == FLASH_ACR_EMPTY) ? 1UL : 0UL);
2195:Drivers/STM32WBxx_HAL_Driver/Inc/stm32wbxx_ll_system.h **** }
2196:Drivers/STM32WBxx_HAL_Driver/Inc/stm32wbxx_ll_system.h **** 
2197:Drivers/STM32WBxx_HAL_Driver/Inc/stm32wbxx_ll_system.h **** /**
2198:Drivers/STM32WBxx_HAL_Driver/Inc/stm32wbxx_ll_system.h ****   * @brief  Get IPCC buffer base address
2199:Drivers/STM32WBxx_HAL_Driver/Inc/stm32wbxx_ll_system.h ****   * @rmtoll FLASH_IPCCBR    IPCCDBA       LL_FLASH_GetIPCCBufferAddr
2200:Drivers/STM32WBxx_HAL_Driver/Inc/stm32wbxx_ll_system.h ****   * @retval IPCC data buffer base address offset
2201:Drivers/STM32WBxx_HAL_Driver/Inc/stm32wbxx_ll_system.h ****   */
2202:Drivers/STM32WBxx_HAL_Driver/Inc/stm32wbxx_ll_system.h **** __STATIC_INLINE uint32_t LL_FLASH_GetIPCCBufferAddr(void)
2203:Drivers/STM32WBxx_HAL_Driver/Inc/stm32wbxx_ll_system.h **** {
2204:Drivers/STM32WBxx_HAL_Driver/Inc/stm32wbxx_ll_system.h ****   return (uint32_t)(READ_BIT(FLASH->IPCCBR, FLASH_IPCCBR_IPCCDBA));
2205:Drivers/STM32WBxx_HAL_Driver/Inc/stm32wbxx_ll_system.h **** }
2206:Drivers/STM32WBxx_HAL_Driver/Inc/stm32wbxx_ll_system.h **** 
2207:Drivers/STM32WBxx_HAL_Driver/Inc/stm32wbxx_ll_system.h **** /**
2208:Drivers/STM32WBxx_HAL_Driver/Inc/stm32wbxx_ll_system.h ****   * @brief  Get CPU2 boot reset vector
2209:Drivers/STM32WBxx_HAL_Driver/Inc/stm32wbxx_ll_system.h ****   * @rmtoll FLASH_SRRVR    SBRV       LL_FLASH_GetC2BootResetVect
2210:Drivers/STM32WBxx_HAL_Driver/Inc/stm32wbxx_ll_system.h ****   * @retval CPU2 boot reset vector
2211:Drivers/STM32WBxx_HAL_Driver/Inc/stm32wbxx_ll_system.h ****   */
2212:Drivers/STM32WBxx_HAL_Driver/Inc/stm32wbxx_ll_system.h **** __STATIC_INLINE uint32_t LL_FLASH_GetC2BootResetVect(void)
2213:Drivers/STM32WBxx_HAL_Driver/Inc/stm32wbxx_ll_system.h **** {
2214:Drivers/STM32WBxx_HAL_Driver/Inc/stm32wbxx_ll_system.h ****   return (uint32_t)(READ_BIT(FLASH->SRRVR, FLASH_SRRVR_SBRV));
2215:Drivers/STM32WBxx_HAL_Driver/Inc/stm32wbxx_ll_system.h **** }
2216:Drivers/STM32WBxx_HAL_Driver/Inc/stm32wbxx_ll_system.h **** 
2217:Drivers/STM32WBxx_HAL_Driver/Inc/stm32wbxx_ll_system.h **** /**
2218:Drivers/STM32WBxx_HAL_Driver/Inc/stm32wbxx_ll_system.h ****   * @brief  Return the Unique Device Number
2219:Drivers/STM32WBxx_HAL_Driver/Inc/stm32wbxx_ll_system.h ****   * @note   The 64-bit UID64 may be used by Firmware to derive BLE 48-bit Device Address EUI-48 or
2220:Drivers/STM32WBxx_HAL_Driver/Inc/stm32wbxx_ll_system.h ****   *         802.15.4 64-bit Device Address EUI-64.
2221:Drivers/STM32WBxx_HAL_Driver/Inc/stm32wbxx_ll_system.h ****   * @retval Values between Min_Data=0x00 and Max_Data=0xFFFF
2222:Drivers/STM32WBxx_HAL_Driver/Inc/stm32wbxx_ll_system.h ****   */
2223:Drivers/STM32WBxx_HAL_Driver/Inc/stm32wbxx_ll_system.h **** __STATIC_INLINE uint32_t LL_FLASH_GetUDN(void)
 285              		.loc 2 2223 26 view .LVU56
 286              	.LBB13:
2224:Drivers/STM32WBxx_HAL_Driver/Inc/stm32wbxx_ll_system.h **** {
2225:Drivers/STM32WBxx_HAL_Driver/Inc/stm32wbxx_ll_system.h ****   return (uint32_t)(READ_REG(*((uint32_t *)UID64_BASE)));
 287              		.loc 2 2225 3 view .LVU57
 288              		.loc 2 2225 10 is_stmt 0 view .LVU58
 289 0002 0F4B     		ldr	r3, .L25
 290 0004 D3F88025 		ldr	r2, [r3, #1408]
 291              	.LVL17:
 292              		.loc 2 2225 10 view .LVU59
 293              	.LBE13:
 294              	.LBE12:
1272:STM32_WPAN/App/app_ble.c ****   {
 295              		.loc 1 1272 3 is_stmt 1 view .LVU60
1272:STM32_WPAN/App/app_ble.c ****   {
 296              		.loc 1 1272 6 is_stmt 0 view .LVU61
 297 0008 B2F1FF3F 		cmp	r2, #-1
 298 000c 10D0     		beq	.L21
ARM GAS  C:\Users\843E~1\AppData\Local\Temp\ccnpSKQK.s 			page 73


1274:STM32_WPAN/App/app_ble.c ****     device_id = LL_FLASH_GetDeviceID();
 299              		.loc 1 1274 5 is_stmt 1 view .LVU62
 300              	.LBB14:
 301              	.LBI14:
2226:Drivers/STM32WBxx_HAL_Driver/Inc/stm32wbxx_ll_system.h **** }
2227:Drivers/STM32WBxx_HAL_Driver/Inc/stm32wbxx_ll_system.h **** 
2228:Drivers/STM32WBxx_HAL_Driver/Inc/stm32wbxx_ll_system.h **** /**
2229:Drivers/STM32WBxx_HAL_Driver/Inc/stm32wbxx_ll_system.h ****   * @brief  Return the Device ID
2230:Drivers/STM32WBxx_HAL_Driver/Inc/stm32wbxx_ll_system.h ****   * @note   The 64-bit UID64 may be used by Firmware to derive BLE 48-bit Device Address EUI-48 or
2231:Drivers/STM32WBxx_HAL_Driver/Inc/stm32wbxx_ll_system.h ****   *         802.15.4 64-bit Device Address EUI-64.
2232:Drivers/STM32WBxx_HAL_Driver/Inc/stm32wbxx_ll_system.h ****   *         For STM32WBxxxx devices, the device ID is 0x26
2233:Drivers/STM32WBxx_HAL_Driver/Inc/stm32wbxx_ll_system.h ****   * @retval Values between Min_Data=0x00 and Max_Data=0xFF (ex: Device ID is 0x26 for STM32WB55x)
2234:Drivers/STM32WBxx_HAL_Driver/Inc/stm32wbxx_ll_system.h ****   */
2235:Drivers/STM32WBxx_HAL_Driver/Inc/stm32wbxx_ll_system.h **** __STATIC_INLINE uint32_t LL_FLASH_GetDeviceID(void)
2236:Drivers/STM32WBxx_HAL_Driver/Inc/stm32wbxx_ll_system.h **** {
2237:Drivers/STM32WBxx_HAL_Driver/Inc/stm32wbxx_ll_system.h ****   return (uint32_t)((READ_REG(*((uint32_t *)UID64_BASE + 1U))) & 0x000000FFU);
2238:Drivers/STM32WBxx_HAL_Driver/Inc/stm32wbxx_ll_system.h **** }
2239:Drivers/STM32WBxx_HAL_Driver/Inc/stm32wbxx_ll_system.h **** 
2240:Drivers/STM32WBxx_HAL_Driver/Inc/stm32wbxx_ll_system.h **** /**
2241:Drivers/STM32WBxx_HAL_Driver/Inc/stm32wbxx_ll_system.h ****   * @brief  Return the ST Company ID
2242:Drivers/STM32WBxx_HAL_Driver/Inc/stm32wbxx_ll_system.h ****   * @note   The 64-bit UID64 may be used by Firmware to derive BLE 48-bit Device Address EUI-48 or
2243:Drivers/STM32WBxx_HAL_Driver/Inc/stm32wbxx_ll_system.h ****   *         802.15.4 64-bit Device Address EUI-64.
2244:Drivers/STM32WBxx_HAL_Driver/Inc/stm32wbxx_ll_system.h ****   *         For STM32WBxxxx devices, the ST Company ID is 0x0080E1
2245:Drivers/STM32WBxx_HAL_Driver/Inc/stm32wbxx_ll_system.h ****   * @retval Values between Min_Data=0x00 and Max_Data=0xFFFFFF (ex: ST Company ID is 0x0080E1)
2246:Drivers/STM32WBxx_HAL_Driver/Inc/stm32wbxx_ll_system.h ****   */
2247:Drivers/STM32WBxx_HAL_Driver/Inc/stm32wbxx_ll_system.h **** __STATIC_INLINE uint32_t LL_FLASH_GetSTCompanyID(void)
 302              		.loc 2 2247 26 view .LVU63
 303              	.LBB15:
2248:Drivers/STM32WBxx_HAL_Driver/Inc/stm32wbxx_ll_system.h **** {
2249:Drivers/STM32WBxx_HAL_Driver/Inc/stm32wbxx_ll_system.h ****   return (uint32_t)(((READ_REG(*((uint32_t *)UID64_BASE + 1U))) >> 8U) & 0x00FFFFFFU);
 304              		.loc 2 2249 3 view .LVU64
 305              		.loc 2 2249 23 is_stmt 0 view .LVU65
 306 000e D3F88435 		ldr	r3, [r3, #1412]
 307              	.LVL18:
 308              		.loc 2 2249 23 view .LVU66
 309              	.LBE15:
 310              	.LBE14:
1275:STM32_WPAN/App/app_ble.c **** 
 311              		.loc 1 1275 5 is_stmt 1 view .LVU67
2237:Drivers/STM32WBxx_HAL_Driver/Inc/stm32wbxx_ll_system.h **** }
 312              		.loc 2 2237 3 view .LVU68
1285:STM32_WPAN/App/app_ble.c ****     a_BdAddrUdn[1] = (uint8_t)((udn & 0x0000FF00) >> 8);
 313              		.loc 1 1285 5 view .LVU69
1285:STM32_WPAN/App/app_ble.c ****     a_BdAddrUdn[1] = (uint8_t)((udn & 0x0000FF00) >> 8);
 314              		.loc 1 1285 20 is_stmt 0 view .LVU70
 315 0012 0C48     		ldr	r0, .L25+4
 316 0014 0270     		strb	r2, [r0]
1286:STM32_WPAN/App/app_ble.c ****     a_BdAddrUdn[2] = (uint8_t)device_id;
 317              		.loc 1 1286 5 is_stmt 1 view .LVU71
1286:STM32_WPAN/App/app_ble.c ****     a_BdAddrUdn[2] = (uint8_t)device_id;
 318              		.loc 1 1286 22 is_stmt 0 view .LVU72
 319 0016 C2F30722 		ubfx	r2, r2, #8, #8
 320              	.LVL19:
1286:STM32_WPAN/App/app_ble.c ****     a_BdAddrUdn[2] = (uint8_t)device_id;
 321              		.loc 1 1286 20 view .LVU73
 322 001a 4270     		strb	r2, [r0, #1]
1287:STM32_WPAN/App/app_ble.c ****     a_BdAddrUdn[3] = (uint8_t)(company_id & 0x000000FF);
ARM GAS  C:\Users\843E~1\AppData\Local\Temp\ccnpSKQK.s 			page 74


 323              		.loc 1 1287 5 is_stmt 1 view .LVU74
1287:STM32_WPAN/App/app_ble.c ****     a_BdAddrUdn[3] = (uint8_t)(company_id & 0x000000FF);
 324              		.loc 1 1287 20 is_stmt 0 view .LVU75
 325 001c 8370     		strb	r3, [r0, #2]
1288:STM32_WPAN/App/app_ble.c ****     a_BdAddrUdn[4] = (uint8_t)((company_id & 0x0000FF00) >> 8);
 326              		.loc 1 1288 5 is_stmt 1 view .LVU76
1288:STM32_WPAN/App/app_ble.c ****     a_BdAddrUdn[4] = (uint8_t)((company_id & 0x0000FF00) >> 8);
 327              		.loc 1 1288 22 is_stmt 0 view .LVU77
 328 001e C3F30722 		ubfx	r2, r3, #8, #8
1288:STM32_WPAN/App/app_ble.c ****     a_BdAddrUdn[4] = (uint8_t)((company_id & 0x0000FF00) >> 8);
 329              		.loc 1 1288 20 view .LVU78
 330 0022 C270     		strb	r2, [r0, #3]
1289:STM32_WPAN/App/app_ble.c ****     a_BdAddrUdn[5] = (uint8_t)((company_id & 0x00FF0000) >> 16);
 331              		.loc 1 1289 5 is_stmt 1 view .LVU79
1289:STM32_WPAN/App/app_ble.c ****     a_BdAddrUdn[5] = (uint8_t)((company_id & 0x00FF0000) >> 16);
 332              		.loc 1 1289 22 is_stmt 0 view .LVU80
 333 0024 C3F30742 		ubfx	r2, r3, #16, #8
1289:STM32_WPAN/App/app_ble.c ****     a_BdAddrUdn[5] = (uint8_t)((company_id & 0x00FF0000) >> 16);
 334              		.loc 1 1289 20 view .LVU81
 335 0028 0271     		strb	r2, [r0, #4]
1290:STM32_WPAN/App/app_ble.c **** 
 336              		.loc 1 1290 5 is_stmt 1 view .LVU82
1290:STM32_WPAN/App/app_ble.c **** 
 337              		.loc 1 1290 22 is_stmt 0 view .LVU83
 338 002a 1B0E     		lsrs	r3, r3, #24
 339              	.LVL20:
1290:STM32_WPAN/App/app_ble.c **** 
 340              		.loc 1 1290 20 view .LVU84
 341 002c 4371     		strb	r3, [r0, #5]
1292:STM32_WPAN/App/app_ble.c ****   }
 342              		.loc 1 1292 5 is_stmt 1 view .LVU85
 343              	.LVL21:
 344              	.L20:
1308:STM32_WPAN/App/app_ble.c **** 
 345              		.loc 1 1308 1 is_stmt 0 view .LVU86
 346 002e 08BD     		pop	{r3, pc}
 347              	.LVL22:
 348              	.L21:
1296:STM32_WPAN/App/app_ble.c ****     if (p_otp_addr)
 349              		.loc 1 1296 5 is_stmt 1 view .LVU87
1296:STM32_WPAN/App/app_ble.c ****     if (p_otp_addr)
 350              		.loc 1 1296 18 is_stmt 0 view .LVU88
 351 0030 0020     		movs	r0, #0
 352 0032 FFF7FEFF 		bl	OTP_Read
 353              	.LVL23:
1297:STM32_WPAN/App/app_ble.c ****     {
 354              		.loc 1 1297 5 is_stmt 1 view .LVU89
1297:STM32_WPAN/App/app_ble.c ****     {
 355              		.loc 1 1297 8 is_stmt 0 view .LVU90
 356 0036 0028     		cmp	r0, #0
 357 0038 F9D1     		bne	.L20
1303:STM32_WPAN/App/app_ble.c ****     }
 358              		.loc 1 1303 17 view .LVU91
 359 003a 0348     		ldr	r0, .L25+8
 360              	.LVL24:
1307:STM32_WPAN/App/app_ble.c **** }
 361              		.loc 1 1307 3 is_stmt 1 view .LVU92
ARM GAS  C:\Users\843E~1\AppData\Local\Temp\ccnpSKQK.s 			page 75


1307:STM32_WPAN/App/app_ble.c **** }
 362              		.loc 1 1307 10 is_stmt 0 view .LVU93
 363 003c F7E7     		b	.L20
 364              	.L26:
 365 003e 00BF     		.align	2
 366              	.L25:
 367 0040 0070FF1F 		.word	536834048
 368 0044 00000000 		.word	.LANCHOR1
 369 0048 00000000 		.word	.LANCHOR2
 370              		.cfi_endproc
 371              	.LFE1267:
 373              		.section	.rodata.Ble_Hci_Gap_Gatt_Init.str1.4,"aMS",%progbits,1
 374              		.align	2
 375              	.LC1:
 376 0000 4E756D61 		.ascii	"Numa-%02X%02X\000"
 376      2D253032 
 376      58253032 
 376      5800
 377              		.section	.text.Ble_Hci_Gap_Gatt_Init,"ax",%progbits
 378              		.align	1
 379              		.syntax unified
 380              		.thumb
 381              		.thumb_func
 383              	Ble_Hci_Gap_Gatt_Init:
 384              	.LFB1265:
 883:STM32_WPAN/App/app_ble.c ****   uint8_t role;
 385              		.loc 1 883 1 is_stmt 1 view -0
 386              		.cfi_startproc
 387              		@ args = 0, pretend = 0, frame = 24
 388              		@ frame_needed = 0, uses_anonymous_args = 0
 389 0000 30B5     		push	{r4, r5, lr}
 390              	.LCFI9:
 391              		.cfi_def_cfa_offset 12
 392              		.cfi_offset 4, -12
 393              		.cfi_offset 5, -8
 394              		.cfi_offset 14, -4
 395 0002 8DB0     		sub	sp, sp, #52
 396              	.LCFI10:
 397              		.cfi_def_cfa_offset 64
 884:STM32_WPAN/App/app_ble.c ****   uint16_t gap_service_handle, gap_dev_name_char_handle, gap_appearance_char_handle;
 398              		.loc 1 884 3 view .LVU95
 885:STM32_WPAN/App/app_ble.c ****   const uint8_t *p_bd_addr;
 399              		.loc 1 885 3 view .LVU96
 886:STM32_WPAN/App/app_ble.c ****   uint16_t a_appearance[1] = {BLE_CFG_GAP_APPEARANCE};
 400              		.loc 1 886 3 view .LVU97
 887:STM32_WPAN/App/app_ble.c ****   tBleStatus ret = BLE_STATUS_INVALID_PARAMS;
 401              		.loc 1 887 3 view .LVU98
 887:STM32_WPAN/App/app_ble.c ****   tBleStatus ret = BLE_STATUS_INVALID_PARAMS;
 402              		.loc 1 887 12 is_stmt 0 view .LVU99
 403 0004 0025     		movs	r5, #0
 404 0006 ADF82850 		strh	r5, [sp, #40]	@ movhi
 888:STM32_WPAN/App/app_ble.c ****   /* USER CODE BEGIN Ble_Hci_Gap_Gatt_Init*/
 405              		.loc 1 888 3 is_stmt 1 view .LVU100
 406              	.LVL25:
 893:STM32_WPAN/App/app_ble.c **** 
 407              		.loc 1 893 61 view .LVU101
 899:STM32_WPAN/App/app_ble.c ****   if (ret != BLE_STATUS_SUCCESS)
ARM GAS  C:\Users\843E~1\AppData\Local\Temp\ccnpSKQK.s 			page 76


 408              		.loc 1 899 3 view .LVU102
 899:STM32_WPAN/App/app_ble.c ****   if (ret != BLE_STATUS_SUCCESS)
 409              		.loc 1 899 9 is_stmt 0 view .LVU103
 410 000a FFF7FEFF 		bl	hci_reset
 411              	.LVL26:
 900:STM32_WPAN/App/app_ble.c ****   {
 412              		.loc 1 900 3 is_stmt 1 view .LVU104
 906:STM32_WPAN/App/app_ble.c ****   }
 413              		.loc 1 906 50 view .LVU105
 912:STM32_WPAN/App/app_ble.c ****   ret = aci_hal_write_config_data(CONFIG_DATA_PUBADDR_OFFSET, CONFIG_DATA_PUBADDR_LEN, (uint8_t*) p
 414              		.loc 1 912 3 view .LVU106
 912:STM32_WPAN/App/app_ble.c ****   ret = aci_hal_write_config_data(CONFIG_DATA_PUBADDR_OFFSET, CONFIG_DATA_PUBADDR_LEN, (uint8_t*) p
 415              		.loc 1 912 15 is_stmt 0 view .LVU107
 416 000e FFF7FEFF 		bl	BleGetBdAddress
 417              	.LVL27:
 418 0012 0446     		mov	r4, r0
 419              	.LVL28:
 913:STM32_WPAN/App/app_ble.c ****   if (ret != BLE_STATUS_SUCCESS)
 420              		.loc 1 913 3 is_stmt 1 view .LVU108
 913:STM32_WPAN/App/app_ble.c ****   if (ret != BLE_STATUS_SUCCESS)
 421              		.loc 1 913 9 is_stmt 0 view .LVU109
 422 0014 0246     		mov	r2, r0
 423 0016 0621     		movs	r1, #6
 424 0018 2846     		mov	r0, r5
 425              	.LVL29:
 913:STM32_WPAN/App/app_ble.c ****   if (ret != BLE_STATUS_SUCCESS)
 426              		.loc 1 913 9 view .LVU110
 427 001a FFF7FEFF 		bl	aci_hal_write_config_data
 428              	.LVL30:
 914:STM32_WPAN/App/app_ble.c ****   {
 429              		.loc 1 914 3 is_stmt 1 view .LVU111
 920:STM32_WPAN/App/app_ble.c ****     APP_DBG_MSG("  Public Bluetooth Address: %02x:%02x:%02x:%02x:%02x:%02x\n",p_bd_addr[5],p_bd_add
 430              		.loc 1 920 95 view .LVU112
 921:STM32_WPAN/App/app_ble.c ****   }
 431              		.loc 1 921 157 view .LVU113
 925:STM32_WPAN/App/app_ble.c **** 
 432              		.loc 1 925 3 view .LVU114
 433 001e 384D     		ldr	r5, .L33
 434 0020 2068     		ldr	r0, [r4]	@ unaligned
 435 0022 2860     		str	r0, [r5]
 436 0024 A388     		ldrh	r3, [r4, #4]	@ unaligned
 437 0026 AB80     		strh	r3, [r5, #4]	@ unaligned
 929:STM32_WPAN/App/app_ble.c ****   a_ManufData[ sizeof(a_ManufData)-5] = p_bd_addr[4];
 438              		.loc 1 929 3 view .LVU115
 929:STM32_WPAN/App/app_ble.c ****   a_ManufData[ sizeof(a_ManufData)-5] = p_bd_addr[4];
 439              		.loc 1 929 39 is_stmt 0 view .LVU116
 440 0028 6279     		ldrb	r2, [r4, #5]	@ zero_extendqisi2
 441 002a 364B     		ldr	r3, .L33+4
 442 002c 1A72     		strb	r2, [r3, #8]
 930:STM32_WPAN/App/app_ble.c ****   a_ManufData[ sizeof(a_ManufData)-4] = p_bd_addr[3];
 443              		.loc 1 930 3 is_stmt 1 view .LVU117
 930:STM32_WPAN/App/app_ble.c ****   a_ManufData[ sizeof(a_ManufData)-4] = p_bd_addr[3];
 444              		.loc 1 930 39 is_stmt 0 view .LVU118
 445 002e 2279     		ldrb	r2, [r4, #4]	@ zero_extendqisi2
 446 0030 5A72     		strb	r2, [r3, #9]
 931:STM32_WPAN/App/app_ble.c ****   a_ManufData[ sizeof(a_ManufData)-3] = p_bd_addr[2];
 447              		.loc 1 931 3 is_stmt 1 view .LVU119
ARM GAS  C:\Users\843E~1\AppData\Local\Temp\ccnpSKQK.s 			page 77


 931:STM32_WPAN/App/app_ble.c ****   a_ManufData[ sizeof(a_ManufData)-3] = p_bd_addr[2];
 448              		.loc 1 931 39 is_stmt 0 view .LVU120
 449 0032 E278     		ldrb	r2, [r4, #3]	@ zero_extendqisi2
 450 0034 9A72     		strb	r2, [r3, #10]
 932:STM32_WPAN/App/app_ble.c ****   a_ManufData[ sizeof(a_ManufData)-2] = p_bd_addr[1];
 451              		.loc 1 932 3 is_stmt 1 view .LVU121
 932:STM32_WPAN/App/app_ble.c ****   a_ManufData[ sizeof(a_ManufData)-2] = p_bd_addr[1];
 452              		.loc 1 932 39 is_stmt 0 view .LVU122
 453 0036 A278     		ldrb	r2, [r4, #2]	@ zero_extendqisi2
 454 0038 DA72     		strb	r2, [r3, #11]
 933:STM32_WPAN/App/app_ble.c ****   a_ManufData[ sizeof(a_ManufData)-1] = p_bd_addr[0];
 455              		.loc 1 933 3 is_stmt 1 view .LVU123
 933:STM32_WPAN/App/app_ble.c ****   a_ManufData[ sizeof(a_ManufData)-1] = p_bd_addr[0];
 456              		.loc 1 933 39 is_stmt 0 view .LVU124
 457 003a 6278     		ldrb	r2, [r4, #1]	@ zero_extendqisi2
 458 003c 1A73     		strb	r2, [r3, #12]
 934:STM32_WPAN/App/app_ble.c **** #endif /* CFG_BLE_ADDRESS_TYPE == GAP_PUBLIC_ADDR */
 459              		.loc 1 934 3 is_stmt 1 view .LVU125
 934:STM32_WPAN/App/app_ble.c **** #endif /* CFG_BLE_ADDRESS_TYPE == GAP_PUBLIC_ADDR */
 460              		.loc 1 934 50 is_stmt 0 view .LVU126
 461 003e 2278     		ldrb	r2, [r4]	@ zero_extendqisi2
 934:STM32_WPAN/App/app_ble.c **** #endif /* CFG_BLE_ADDRESS_TYPE == GAP_PUBLIC_ADDR */
 462              		.loc 1 934 39 view .LVU127
 463 0040 5A73     		strb	r2, [r3, #13]
 972:STM32_WPAN/App/app_ble.c ****   if (ret != BLE_STATUS_SUCCESS)
 464              		.loc 1 972 3 is_stmt 1 view .LVU128
 972:STM32_WPAN/App/app_ble.c ****   if (ret != BLE_STATUS_SUCCESS)
 465              		.loc 1 972 9 is_stmt 0 view .LVU129
 466 0042 314A     		ldr	r2, .L33+8
 467 0044 1021     		movs	r1, #16
 468 0046 1820     		movs	r0, #24
 469 0048 FFF7FEFF 		bl	aci_hal_write_config_data
 470              	.LVL31:
 973:STM32_WPAN/App/app_ble.c ****   {
 471              		.loc 1 973 3 is_stmt 1 view .LVU130
 979:STM32_WPAN/App/app_ble.c ****   }
 472              		.loc 1 979 90 view .LVU131
 985:STM32_WPAN/App/app_ble.c ****   if (ret != BLE_STATUS_SUCCESS)
 473              		.loc 1 985 3 view .LVU132
 985:STM32_WPAN/App/app_ble.c ****   if (ret != BLE_STATUS_SUCCESS)
 474              		.loc 1 985 9 is_stmt 0 view .LVU133
 475 004c 2F4A     		ldr	r2, .L33+12
 476 004e 1021     		movs	r1, #16
 477 0050 0820     		movs	r0, #8
 478 0052 FFF7FEFF 		bl	aci_hal_write_config_data
 479              	.LVL32:
 986:STM32_WPAN/App/app_ble.c ****   {
 480              		.loc 1 986 3 is_stmt 1 view .LVU134
 992:STM32_WPAN/App/app_ble.c ****   }
 481              		.loc 1 992 90 view .LVU135
 998:STM32_WPAN/App/app_ble.c ****   if (ret != BLE_STATUS_SUCCESS)
 482              		.loc 1 998 3 view .LVU136
 998:STM32_WPAN/App/app_ble.c ****   if (ret != BLE_STATUS_SUCCESS)
 483              		.loc 1 998 9 is_stmt 0 view .LVU137
 484 0056 1821     		movs	r1, #24
 485 0058 0120     		movs	r0, #1
 486 005a FFF7FEFF 		bl	aci_hal_set_tx_power_level
ARM GAS  C:\Users\843E~1\AppData\Local\Temp\ccnpSKQK.s 			page 78


 487              	.LVL33:
 999:STM32_WPAN/App/app_ble.c ****   {
 488              		.loc 1 999 3 is_stmt 1 view .LVU138
1005:STM32_WPAN/App/app_ble.c ****   }
 489              		.loc 1 1005 67 view .LVU139
1011:STM32_WPAN/App/app_ble.c ****   if (ret != BLE_STATUS_SUCCESS)
 490              		.loc 1 1011 3 view .LVU140
1011:STM32_WPAN/App/app_ble.c ****   if (ret != BLE_STATUS_SUCCESS)
 491              		.loc 1 1011 9 is_stmt 0 view .LVU141
 492 005e FFF7FEFF 		bl	aci_gatt_init
 493              	.LVL34:
1012:STM32_WPAN/App/app_ble.c ****   {
 494              		.loc 1 1012 3 is_stmt 1 view .LVU142
1018:STM32_WPAN/App/app_ble.c ****   }
 495              		.loc 1 1018 54 view .LVU143
1024:STM32_WPAN/App/app_ble.c **** 
 496              		.loc 1 1024 3 view .LVU144
1027:STM32_WPAN/App/app_ble.c **** #endif /* BLE_CFG_PERIPHERAL == 1 */
 497              		.loc 1 1027 3 view .LVU145
1038:STM32_WPAN/App/app_ble.c ****   {
 498              		.loc 1 1038 3 view .LVU146
 499              	.LBB16:
1042:STM32_WPAN/App/app_ble.c ****     uint8_t name_len = (uint8_t)snprintf(name, sizeof(name),
 500              		.loc 1 1042 5 view .LVU147
1043:STM32_WPAN/App/app_ble.c ****                                          "Numa-%02X%02X",
 501              		.loc 1 1043 5 view .LVU148
1045:STM32_WPAN/App/app_ble.c ****     if (name_len > APPBLE_GAP_DEVICE_NAME_LENGTH)
 502              		.loc 1 1045 65 is_stmt 0 view .LVU149
 503 0062 2B78     		ldrb	r3, [r5]	@ zero_extendqisi2
1043:STM32_WPAN/App/app_ble.c ****                                          "Numa-%02X%02X",
 504              		.loc 1 1043 33 view .LVU150
 505 0064 0093     		str	r3, [sp]
 506 0066 6B78     		ldrb	r3, [r5, #1]	@ zero_extendqisi2
 507 0068 294A     		ldr	r2, .L33+16
 508 006a 0B21     		movs	r1, #11
 509 006c 07A8     		add	r0, sp, #28
 510 006e FFF7FEFF 		bl	snprintf
 511              	.LVL35:
1046:STM32_WPAN/App/app_ble.c ****       name_len = APPBLE_GAP_DEVICE_NAME_LENGTH;
 512              		.loc 1 1046 5 is_stmt 1 view .LVU151
1049:STM32_WPAN/App/app_ble.c ****                        CFG_PRIVACY,
 513              		.loc 1 1049 5 view .LVU152
1049:STM32_WPAN/App/app_ble.c ****                        CFG_PRIVACY,
 514              		.loc 1 1049 11 is_stmt 0 view .LVU153
 515 0072 0DF12A03 		add	r3, sp, #42
 516 0076 0193     		str	r3, [sp, #4]
 517 0078 0BAB     		add	r3, sp, #44
 518 007a 0093     		str	r3, [sp]
 519 007c 0DF12E03 		add	r3, sp, #46
 520 0080 0A22     		movs	r2, #10
 521 0082 0021     		movs	r1, #0
 522 0084 0120     		movs	r0, #1
 523 0086 FFF7FEFF 		bl	aci_gap_init
 524              	.LVL36:
1056:STM32_WPAN/App/app_ble.c ****     {
 525              		.loc 1 1056 5 is_stmt 1 view .LVU154
1062:STM32_WPAN/App/app_ble.c ****     }
ARM GAS  C:\Users\843E~1\AppData\Local\Temp\ccnpSKQK.s 			page 79


 526              		.loc 1 1062 55 view .LVU155
1065:STM32_WPAN/App/app_ble.c ****     if (ret != BLE_STATUS_SUCCESS)
 527              		.loc 1 1065 5 view .LVU156
1065:STM32_WPAN/App/app_ble.c ****     if (ret != BLE_STATUS_SUCCESS)
 528              		.loc 1 1065 11 is_stmt 0 view .LVU157
 529 008a 07AB     		add	r3, sp, #28
 530 008c 0093     		str	r3, [sp]
 531 008e 0923     		movs	r3, #9
 532 0090 0022     		movs	r2, #0
 533 0092 BDF82C10 		ldrh	r1, [sp, #44]
 534 0096 BDF82E00 		ldrh	r0, [sp, #46]
 535 009a FFF7FEFF 		bl	aci_gatt_update_char_value
 536              	.LVL37:
1066:STM32_WPAN/App/app_ble.c ****     {
 537              		.loc 1 1066 5 is_stmt 1 view .LVU158
1072:STM32_WPAN/App/app_ble.c ****     }
 538              		.loc 1 1072 82 view .LVU159
 539              	.LBE16:
1076:STM32_WPAN/App/app_ble.c ****                                    gap_appearance_char_handle,
 540              		.loc 1 1076 3 view .LVU160
1076:STM32_WPAN/App/app_ble.c ****                                    gap_appearance_char_handle,
 541              		.loc 1 1076 9 is_stmt 0 view .LVU161
 542 009e 0AAB     		add	r3, sp, #40
 543 00a0 0093     		str	r3, [sp]
 544 00a2 0223     		movs	r3, #2
 545 00a4 0022     		movs	r2, #0
 546 00a6 BDF82A10 		ldrh	r1, [sp, #42]
 547 00aa BDF82E00 		ldrh	r0, [sp, #46]
 548 00ae FFF7FEFF 		bl	aci_gatt_update_char_value
 549              	.LVL38:
1081:STM32_WPAN/App/app_ble.c ****   {
 550              		.loc 1 1081 3 is_stmt 1 view .LVU162
1087:STM32_WPAN/App/app_ble.c ****   }
 551              		.loc 1 1087 79 view .LVU163
1093:STM32_WPAN/App/app_ble.c ****   if (ret != BLE_STATUS_SUCCESS)
 552              		.loc 1 1093 3 view .LVU164
1093:STM32_WPAN/App/app_ble.c ****   if (ret != BLE_STATUS_SUCCESS)
 553              		.loc 1 1093 9 is_stmt 0 view .LVU165
 554 00b2 0222     		movs	r2, #2
 555 00b4 1146     		mov	r1, r2
 556 00b6 0020     		movs	r0, #0
 557 00b8 FFF7FEFF 		bl	hci_le_set_default_phy
 558              	.LVL39:
1094:STM32_WPAN/App/app_ble.c ****   {
 559              		.loc 1 1094 3 is_stmt 1 view .LVU166
1100:STM32_WPAN/App/app_ble.c ****   }
 560              		.loc 1 1100 63 view .LVU167
1106:STM32_WPAN/App/app_ble.c ****   ret = aci_gap_set_io_capability(BleApplicationContext.BleApplicationContext_legacy.bleSecurityPar
 561              		.loc 1 1106 3 view .LVU168
1106:STM32_WPAN/App/app_ble.c ****   ret = aci_gap_set_io_capability(BleApplicationContext.BleApplicationContext_legacy.bleSecurityPar
 562              		.loc 1 1106 84 is_stmt 0 view .LVU169
 563 00bc 154C     		ldr	r4, .L33+20
 564              	.LVL40:
1106:STM32_WPAN/App/app_ble.c ****   ret = aci_gap_set_io_capability(BleApplicationContext.BleApplicationContext_legacy.bleSecurityPar
 565              		.loc 1 1106 84 view .LVU170
 566 00be 0125     		movs	r5, #1
 567 00c0 2570     		strb	r5, [r4]
ARM GAS  C:\Users\843E~1\AppData\Local\Temp\ccnpSKQK.s 			page 80


1107:STM32_WPAN/App/app_ble.c ****   if (ret != BLE_STATUS_SUCCESS)
 568              		.loc 1 1107 3 is_stmt 1 view .LVU171
1107:STM32_WPAN/App/app_ble.c ****   if (ret != BLE_STATUS_SUCCESS)
 569              		.loc 1 1107 9 is_stmt 0 view .LVU172
 570 00c2 2846     		mov	r0, r5
 571 00c4 FFF7FEFF 		bl	aci_gap_set_io_capability
 572              	.LVL41:
1108:STM32_WPAN/App/app_ble.c ****   {
 573              		.loc 1 1108 3 is_stmt 1 view .LVU173
1114:STM32_WPAN/App/app_ble.c ****   }
 574              		.loc 1 1114 66 view .LVU174
1120:STM32_WPAN/App/app_ble.c ****   BleApplicationContext.BleApplicationContext_legacy.bleSecurityParam.encryptionKeySizeMin = CFG_EN
 575              		.loc 1 1120 3 view .LVU175
1120:STM32_WPAN/App/app_ble.c ****   BleApplicationContext.BleApplicationContext_legacy.bleSecurityParam.encryptionKeySizeMin = CFG_EN
 576              		.loc 1 1120 81 is_stmt 0 view .LVU176
 577 00c8 6570     		strb	r5, [r4, #1]
1121:STM32_WPAN/App/app_ble.c ****   BleApplicationContext.BleApplicationContext_legacy.bleSecurityParam.encryptionKeySizeMax = CFG_EN
 578              		.loc 1 1121 3 is_stmt 1 view .LVU177
1121:STM32_WPAN/App/app_ble.c ****   BleApplicationContext.BleApplicationContext_legacy.bleSecurityParam.encryptionKeySizeMax = CFG_EN
 579              		.loc 1 1121 92 is_stmt 0 view .LVU178
 580 00ca 0822     		movs	r2, #8
 581 00cc 2271     		strb	r2, [r4, #4]
1122:STM32_WPAN/App/app_ble.c ****   BleApplicationContext.BleApplicationContext_legacy.bleSecurityParam.Use_Fixed_Pin = CFG_USED_FIXE
 582              		.loc 1 1122 3 is_stmt 1 view .LVU179
1122:STM32_WPAN/App/app_ble.c ****   BleApplicationContext.BleApplicationContext_legacy.bleSecurityParam.Use_Fixed_Pin = CFG_USED_FIXE
 583              		.loc 1 1122 92 is_stmt 0 view .LVU180
 584 00ce 1021     		movs	r1, #16
 585 00d0 6171     		strb	r1, [r4, #5]
1123:STM32_WPAN/App/app_ble.c ****   BleApplicationContext.BleApplicationContext_legacy.bleSecurityParam.Fixed_Pin = CFG_FIXED_PIN;
 586              		.loc 1 1123 3 is_stmt 1 view .LVU181
1123:STM32_WPAN/App/app_ble.c ****   BleApplicationContext.BleApplicationContext_legacy.bleSecurityParam.Fixed_Pin = CFG_FIXED_PIN;
 587              		.loc 1 1123 85 is_stmt 0 view .LVU182
 588 00d2 0023     		movs	r3, #0
 589 00d4 E370     		strb	r3, [r4, #3]
1124:STM32_WPAN/App/app_ble.c ****   BleApplicationContext.BleApplicationContext_legacy.bleSecurityParam.bonding_mode = CFG_BONDING_MO
 590              		.loc 1 1124 3 is_stmt 1 view .LVU183
1124:STM32_WPAN/App/app_ble.c ****   BleApplicationContext.BleApplicationContext_legacy.bleSecurityParam.bonding_mode = CFG_BONDING_MO
 591              		.loc 1 1124 81 is_stmt 0 view .LVU184
 592 00d6 1048     		ldr	r0, .L33+24
 593 00d8 A060     		str	r0, [r4, #8]
1125:STM32_WPAN/App/app_ble.c ****   /* USER CODE BEGIN Ble_Hci_Gap_Gatt_Init_1*/
 594              		.loc 1 1125 3 is_stmt 1 view .LVU185
1125:STM32_WPAN/App/app_ble.c ****   /* USER CODE BEGIN Ble_Hci_Gap_Gatt_Init_1*/
 595              		.loc 1 1125 84 is_stmt 0 view .LVU186
 596 00da A570     		strb	r5, [r4, #2]
1130:STM32_WPAN/App/app_ble.c ****                                                BleApplicationContext.BleApplicationContext_legacy.b
 597              		.loc 1 1130 3 is_stmt 1 view .LVU187
1130:STM32_WPAN/App/app_ble.c ****                                                BleApplicationContext.BleApplicationContext_legacy.b
 598              		.loc 1 1130 9 is_stmt 0 view .LVU188
 599 00dc 0493     		str	r3, [sp, #16]
 600 00de 0390     		str	r0, [sp, #12]
 601 00e0 0293     		str	r3, [sp, #8]
 602 00e2 0191     		str	r1, [sp, #4]
 603 00e4 0092     		str	r2, [sp]
 604 00e6 2A46     		mov	r2, r5
 605 00e8 2946     		mov	r1, r5
 606 00ea 2846     		mov	r0, r5
ARM GAS  C:\Users\843E~1\AppData\Local\Temp\ccnpSKQK.s 			page 81


 607 00ec FFF7FEFF 		bl	aci_gap_set_authentication_requirement
 608              	.LVL42:
1139:STM32_WPAN/App/app_ble.c ****   {
 609              		.loc 1 1139 3 is_stmt 1 view .LVU189
1145:STM32_WPAN/App/app_ble.c ****   }
 610              		.loc 1 1145 79 view .LVU190
1151:STM32_WPAN/App/app_ble.c ****   {
 611              		.loc 1 1151 3 view .LVU191
1151:STM32_WPAN/App/app_ble.c ****   {
 612              		.loc 1 1151 74 is_stmt 0 view .LVU192
 613 00f0 A378     		ldrb	r3, [r4, #2]	@ zero_extendqisi2
1151:STM32_WPAN/App/app_ble.c ****   {
 614              		.loc 1 1151 6 view .LVU193
 615 00f2 0BB9     		cbnz	r3, .L32
 616              	.L27:
1164:STM32_WPAN/App/app_ble.c **** 
 617              		.loc 1 1164 1 view .LVU194
 618 00f4 0DB0     		add	sp, sp, #52
 619              	.LCFI11:
 620              		.cfi_remember_state
 621              		.cfi_def_cfa_offset 12
 622              		@ sp needed
 623 00f6 30BD     		pop	{r4, r5, pc}
 624              	.L32:
 625              	.LCFI12:
 626              		.cfi_restore_state
1153:STM32_WPAN/App/app_ble.c ****     if (ret != BLE_STATUS_SUCCESS)
 627              		.loc 1 1153 5 is_stmt 1 view .LVU195
1153:STM32_WPAN/App/app_ble.c ****     if (ret != BLE_STATUS_SUCCESS)
 628              		.loc 1 1153 11 is_stmt 0 view .LVU196
 629 00f8 FFF7FEFF 		bl	aci_gap_configure_filter_accept_list
 630              	.LVL43:
1154:STM32_WPAN/App/app_ble.c ****     {
 631              		.loc 1 1154 5 is_stmt 1 view .LVU197
1160:STM32_WPAN/App/app_ble.c ****     }
 632              		.loc 1 1160 70 view .LVU198
1163:STM32_WPAN/App/app_ble.c **** }
 633              		.loc 1 1163 61 view .LVU199
1164:STM32_WPAN/App/app_ble.c **** 
 634              		.loc 1 1164 1 is_stmt 0 view .LVU200
 635 00fc FAE7     		b	.L27
 636              	.L34:
 637 00fe 00BF     		.align	2
 638              	.L33:
 639 0100 00000000 		.word	.LANCHOR3
 640 0104 00000000 		.word	.LANCHOR4
 641 0108 00000000 		.word	.LANCHOR5
 642 010c 00000000 		.word	.LANCHOR6
 643 0110 00000000 		.word	.LC1
 644 0114 00000000 		.word	.LANCHOR7
 645 0118 07B20100 		.word	111111
 646              		.cfi_endproc
 647              	.LFE1265:
 649              		.section	.text.Adv_Request,"ax",%progbits
 650              		.align	1
 651              		.syntax unified
 652              		.thumb
ARM GAS  C:\Users\843E~1\AppData\Local\Temp\ccnpSKQK.s 			page 82


 653              		.thumb_func
 655              	Adv_Request:
 656              	.LVL44:
 657              	.LFB1266:
1167:STM32_WPAN/App/app_ble.c ****   tBleStatus ret = BLE_STATUS_INVALID_PARAMS;
 658              		.loc 1 1167 1 is_stmt 1 view -0
 659              		.cfi_startproc
 660              		@ args = 0, pretend = 0, frame = 0
 661              		@ frame_needed = 0, uses_anonymous_args = 0
1167:STM32_WPAN/App/app_ble.c ****   tBleStatus ret = BLE_STATUS_INVALID_PARAMS;
 662              		.loc 1 1167 1 is_stmt 0 view .LVU202
 663 0000 F0B5     		push	{r4, r5, r6, r7, lr}
 664              	.LCFI13:
 665              		.cfi_def_cfa_offset 20
 666              		.cfi_offset 4, -20
 667              		.cfi_offset 5, -16
 668              		.cfi_offset 6, -12
 669              		.cfi_offset 7, -8
 670              		.cfi_offset 14, -4
 671 0002 89B0     		sub	sp, sp, #36
 672              	.LCFI14:
 673              		.cfi_def_cfa_offset 56
 674 0004 0446     		mov	r4, r0
1168:STM32_WPAN/App/app_ble.c ****   tBleStatus result = BLE_STATUS_SUCCESS;
 675              		.loc 1 1168 3 is_stmt 1 view .LVU203
 676              	.LVL45:
1169:STM32_WPAN/App/app_ble.c ****   uint16_t Min_Inter, Max_Inter;
 677              		.loc 1 1169 3 view .LVU204
1170:STM32_WPAN/App/app_ble.c **** 
 678              		.loc 1 1170 3 view .LVU205
1172:STM32_WPAN/App/app_ble.c ****   {
 679              		.loc 1 1172 3 view .LVU206
1172:STM32_WPAN/App/app_ble.c ****   {
 680              		.loc 1 1172 6 is_stmt 0 view .LVU207
 681 0006 0128     		cmp	r0, #1
 682 0008 38D0     		beq	.L44
1180:STM32_WPAN/App/app_ble.c ****   }
 683              		.loc 1 1180 15 view .LVU208
 684 000a 4FF47A66 		mov	r6, #4000
1179:STM32_WPAN/App/app_ble.c ****     Max_Inter = CFG_LP_CONN_ADV_INTERVAL_MAX;
 685              		.loc 1 1179 15 view .LVU209
 686 000e 4FF4C865 		mov	r5, #1600
 687              	.L36:
 688              	.LVL46:
1187:STM32_WPAN/App/app_ble.c **** 
 689              		.loc 1 1187 3 is_stmt 1 view .LVU210
 690 0012 234F     		ldr	r7, .L47
 691 0014 97F88100 		ldrb	r0, [r7, #129]	@ zero_extendqisi2
 692              	.LVL47:
1187:STM32_WPAN/App/app_ble.c **** 
 693              		.loc 1 1187 3 is_stmt 0 view .LVU211
 694 0018 FFF7FEFF 		bl	HW_TS_Stop
 695              	.LVL48:
1189:STM32_WPAN/App/app_ble.c ****       || (BleApplicationContext.Device_Connection_Status == APP_BLE_LP_ADV))
 696              		.loc 1 1189 3 is_stmt 1 view .LVU212
1189:STM32_WPAN/App/app_ble.c ****       || (BleApplicationContext.Device_Connection_Status == APP_BLE_LP_ADV))
 697              		.loc 1 1189 29 is_stmt 0 view .LVU213
ARM GAS  C:\Users\843E~1\AppData\Local\Temp\ccnpSKQK.s 			page 83


 698 001c 97F88030 		ldrb	r3, [r7, #128]	@ zero_extendqisi2
1190:STM32_WPAN/App/app_ble.c ****   {
 699              		.loc 1 1190 7 view .LVU214
 700 0020 013B     		subs	r3, r3, #1
 701 0022 DBB2     		uxtb	r3, r3
1189:STM32_WPAN/App/app_ble.c ****       || (BleApplicationContext.Device_Connection_Status == APP_BLE_LP_ADV))
 702              		.loc 1 1189 6 view .LVU215
 703 0024 012B     		cmp	r3, #1
 704 0026 2ED9     		bls	.L45
 705              	.LVL49:
 706              	.L37:
1200:STM32_WPAN/App/app_ble.c ****     }
 707              		.loc 1 1200 93 is_stmt 1 view .LVU216
1204:STM32_WPAN/App/app_ble.c ****   /* Start Fast or Low Power Advertising */
 708              		.loc 1 1204 3 view .LVU217
1204:STM32_WPAN/App/app_ble.c ****   /* Start Fast or Low Power Advertising */
 709              		.loc 1 1204 50 is_stmt 0 view .LVU218
 710 0028 1D4B     		ldr	r3, .L47
 711 002a 83F88040 		strb	r4, [r3, #128]
1206:STM32_WPAN/App/app_ble.c ****                                  Min_Inter,
 712              		.loc 1 1206 3 is_stmt 1 view .LVU219
1206:STM32_WPAN/App/app_ble.c ****                                  Min_Inter,
 713              		.loc 1 1206 9 is_stmt 0 view .LVU220
 714 002e 0020     		movs	r0, #0
 715 0030 0690     		str	r0, [sp, #24]
 716 0032 0590     		str	r0, [sp, #20]
 717 0034 03F11902 		add	r2, r3, #25
 718 0038 0492     		str	r2, [sp, #16]
 719 003a 1B7E     		ldrb	r3, [r3, #24]	@ zero_extendqisi2
 720 003c 0393     		str	r3, [sp, #12]
 721 003e 194B     		ldr	r3, .L47+4
 722 0040 0293     		str	r3, [sp, #8]
 723 0042 194B     		ldr	r3, .L47+8
 724 0044 1B78     		ldrb	r3, [r3]	@ zero_extendqisi2
 725 0046 0193     		str	r3, [sp, #4]
 726 0048 0090     		str	r0, [sp]
 727 004a 0346     		mov	r3, r0
 728 004c 3246     		mov	r2, r6
 729 004e 2946     		mov	r1, r5
 730 0050 FFF7FEFF 		bl	aci_gap_set_discoverable
 731              	.LVL50:
 732 0054 0546     		mov	r5, r0
 733              	.LVL51:
1217:STM32_WPAN/App/app_ble.c ****   {
 734              		.loc 1 1217 3 is_stmt 1 view .LVU221
1224:STM32_WPAN/App/app_ble.c ****   }
 735              		.loc 1 1224 61 view .LVU222
1228:STM32_WPAN/App/app_ble.c ****   if (ret != BLE_STATUS_SUCCESS)
 736              		.loc 1 1228 3 view .LVU223
1228:STM32_WPAN/App/app_ble.c ****   if (ret != BLE_STATUS_SUCCESS)
 737              		.loc 1 1228 9 is_stmt 0 view .LVU224
 738 0056 1549     		ldr	r1, .L47+12
 739 0058 0E20     		movs	r0, #14
 740 005a FFF7FEFF 		bl	aci_gap_update_adv_data
 741              	.LVL52:
1229:STM32_WPAN/App/app_ble.c ****   {
 742              		.loc 1 1229 3 is_stmt 1 view .LVU225
ARM GAS  C:\Users\843E~1\AppData\Local\Temp\ccnpSKQK.s 			page 84


1229:STM32_WPAN/App/app_ble.c ****   {
 743              		.loc 1 1229 6 is_stmt 0 view .LVU226
 744 005e 0346     		mov	r3, r0
 745 0060 10B9     		cbnz	r0, .L38
1243:STM32_WPAN/App/app_ble.c ****     {
 746              		.loc 1 1243 5 is_stmt 1 view .LVU227
1243:STM32_WPAN/App/app_ble.c ****     {
 747              		.loc 1 1243 8 is_stmt 0 view .LVU228
 748 0062 012C     		cmp	r4, #1
 749 0064 12D0     		beq	.L46
 750 0066 2B46     		mov	r3, r5
 751              	.LVL53:
 752              	.L38:
1251:STM32_WPAN/App/app_ble.c ****     }
 753              		.loc 1 1251 68 is_stmt 1 view .LVU229
1256:STM32_WPAN/App/app_ble.c ****   s_adv_refresh_cnt = 0U;
 754              		.loc 1 1256 3 view .LVU230
1256:STM32_WPAN/App/app_ble.c ****   s_adv_refresh_cnt = 0U;
 755              		.loc 1 1256 16 is_stmt 0 view .LVU231
 756 0068 C3B1     		cbz	r3, .L42
 757 006a 0121     		movs	r1, #1
 758              	.L39:
1256:STM32_WPAN/App/app_ble.c ****   s_adv_refresh_cnt = 0U;
 759              		.loc 1 1256 16 discriminator 4 view .LVU232
 760 006c 104A     		ldr	r2, .L47+16
 761 006e 1170     		strb	r1, [r2]
1257:STM32_WPAN/App/app_ble.c **** 
 762              		.loc 1 1257 3 is_stmt 1 discriminator 4 view .LVU233
1257:STM32_WPAN/App/app_ble.c **** 
 763              		.loc 1 1257 21 is_stmt 0 discriminator 4 view .LVU234
 764 0070 104A     		ldr	r2, .L47+20
 765 0072 0021     		movs	r1, #0
 766 0074 1170     		strb	r1, [r2]
1259:STM32_WPAN/App/app_ble.c **** }
 767              		.loc 1 1259 3 is_stmt 1 discriminator 4 view .LVU235
1260:STM32_WPAN/App/app_ble.c **** 
 768              		.loc 1 1260 1 is_stmt 0 discriminator 4 view .LVU236
 769 0076 1846     		mov	r0, r3
 770 0078 09B0     		add	sp, sp, #36
 771              	.LCFI15:
 772              		.cfi_remember_state
 773              		.cfi_def_cfa_offset 20
 774              		@ sp needed
 775 007a F0BD     		pop	{r4, r5, r6, r7, pc}
 776              	.LVL54:
 777              	.L44:
 778              	.LCFI16:
 779              		.cfi_restore_state
1174:STM32_WPAN/App/app_ble.c ****     Max_Inter = AdvIntervalMax;
 780              		.loc 1 1174 5 is_stmt 1 view .LVU237
1174:STM32_WPAN/App/app_ble.c ****     Max_Inter = AdvIntervalMax;
 781              		.loc 1 1174 15 is_stmt 0 view .LVU238
 782 007c 0E4B     		ldr	r3, .L47+24
 783 007e 1D88     		ldrh	r5, [r3]
 784              	.LVL55:
1175:STM32_WPAN/App/app_ble.c ****   }
 785              		.loc 1 1175 5 is_stmt 1 view .LVU239
ARM GAS  C:\Users\843E~1\AppData\Local\Temp\ccnpSKQK.s 			page 85


1175:STM32_WPAN/App/app_ble.c ****   }
 786              		.loc 1 1175 15 is_stmt 0 view .LVU240
 787 0080 0E4B     		ldr	r3, .L47+28
 788 0082 1E88     		ldrh	r6, [r3]
 789              	.LVL56:
1175:STM32_WPAN/App/app_ble.c ****   }
 790              		.loc 1 1175 15 view .LVU241
 791 0084 C5E7     		b	.L36
 792              	.LVL57:
 793              	.L45:
1193:STM32_WPAN/App/app_ble.c ****     if (ret != BLE_STATUS_SUCCESS)
 794              		.loc 1 1193 5 is_stmt 1 view .LVU242
1193:STM32_WPAN/App/app_ble.c ****     if (ret != BLE_STATUS_SUCCESS)
 795              		.loc 1 1193 11 is_stmt 0 view .LVU243
 796 0086 FFF7FEFF 		bl	aci_gap_set_non_discoverable
 797              	.LVL58:
1194:STM32_WPAN/App/app_ble.c ****     {
 798              		.loc 1 1194 5 is_stmt 1 view .LVU244
 799 008a CDE7     		b	.L37
 800              	.LVL59:
 801              	.L46:
1245:STM32_WPAN/App/app_ble.c ****       /* Start Timer to STOP ADV - TIMEOUT - and next Restart Low Power Advertising */
 802              		.loc 1 1245 63 view .LVU245
1247:STM32_WPAN/App/app_ble.c ****     }
 803              		.loc 1 1247 7 view .LVU246
 804 008c 0C49     		ldr	r1, .L47+32
 805 008e 044B     		ldr	r3, .L47
 806 0090 93F88100 		ldrb	r0, [r3, #129]	@ zero_extendqisi2
 807              	.LVL60:
1247:STM32_WPAN/App/app_ble.c ****     }
 808              		.loc 1 1247 7 is_stmt 0 view .LVU247
 809 0094 FFF7FEFF 		bl	HW_TS_Start
 810              	.LVL61:
 811 0098 2B46     		mov	r3, r5
 812 009a E5E7     		b	.L38
 813              	.LVL62:
 814              	.L42:
1256:STM32_WPAN/App/app_ble.c ****   s_adv_refresh_cnt = 0U;
 815              		.loc 1 1256 16 view .LVU248
 816 009c 1946     		mov	r1, r3
 817 009e E5E7     		b	.L39
 818              	.L48:
 819              		.align	2
 820              	.L47:
 821 00a0 00000000 		.word	.LANCHOR7
 822 00a4 00000000 		.word	.LANCHOR10
 823 00a8 00000000 		.word	.LANCHOR11
 824 00ac 00000000 		.word	.LANCHOR4
 825 00b0 00000000 		.word	.LANCHOR12
 826 00b4 00000000 		.word	.LANCHOR13
 827 00b8 00000000 		.word	.LANCHOR8
 828 00bc 00000000 		.word	.LANCHOR9
 829 00c0 46E00100 		.word	122950
 830              		.cfi_endproc
 831              	.LFE1266:
 833              		.section	.text.Ble_Supervisor,"ax",%progbits
 834              		.align	1
ARM GAS  C:\Users\843E~1\AppData\Local\Temp\ccnpSKQK.s 			page 86


 835              		.syntax unified
 836              		.thumb
 837              		.thumb_func
 839              	Ble_Supervisor:
 840              	.LFB1270:
1345:STM32_WPAN/App/app_ble.c **** #if (APP_USE_IWDG != 0)
 841              		.loc 1 1345 1 is_stmt 1 view -0
 842              		.cfi_startproc
 843              		@ args = 0, pretend = 0, frame = 0
 844              		@ frame_needed = 0, uses_anonymous_args = 0
 845 0000 08B5     		push	{r3, lr}
 846              	.LCFI17:
 847              		.cfi_def_cfa_offset 8
 848              		.cfi_offset 3, -8
 849              		.cfi_offset 14, -4
1347:STM32_WPAN/App/app_ble.c **** #endif
 850              		.loc 1 1347 3 view .LVU250
1347:STM32_WPAN/App/app_ble.c **** #endif
 851              		.loc 1 1347 12 is_stmt 0 view .LVU251
 852 0002 164B     		ldr	r3, .L57
 853 0004 4AF6AA22 		movw	r2, #43690
 854 0008 1A60     		str	r2, [r3]
1350:STM32_WPAN/App/app_ble.c ****   {
 855              		.loc 1 1350 3 is_stmt 1 view .LVU252
1350:STM32_WPAN/App/app_ble.c ****   {
 856              		.loc 1 1350 32 is_stmt 0 view .LVU253
 857 000a 154B     		ldr	r3, .L57+4
 858 000c 93F88030 		ldrb	r3, [r3, #128]	@ zero_extendqisi2
1350:STM32_WPAN/App/app_ble.c ****   {
 859              		.loc 1 1350 3 view .LVU254
 860 0010 022B     		cmp	r3, #2
 861 0012 11D0     		beq	.L50
 862 0014 08D8     		bhi	.L51
 863 0016 012B     		cmp	r3, #1
 864 0018 1CD1     		bne	.L53
1359:STM32_WPAN/App/app_ble.c ****       {
 865              		.loc 1 1359 7 is_stmt 1 view .LVU255
1359:STM32_WPAN/App/app_ble.c ****       {
 866              		.loc 1 1359 24 is_stmt 0 view .LVU256
 867 001a 124B     		ldr	r3, .L57+8
 868 001c 1B78     		ldrb	r3, [r3]	@ zero_extendqisi2
1359:STM32_WPAN/App/app_ble.c ****       {
 869              		.loc 1 1359 10 view .LVU257
 870 001e 53B1     		cbz	r3, .L49
1361:STM32_WPAN/App/app_ble.c ****       }
 871              		.loc 1 1361 9 is_stmt 1 view .LVU258
1361:STM32_WPAN/App/app_ble.c ****       }
 872              		.loc 1 1361 15 is_stmt 0 view .LVU259
 873 0020 0220     		movs	r0, #2
 874 0022 FFF7FEFF 		bl	Adv_Request
 875              	.LVL63:
 876 0026 06E0     		b	.L49
 877              	.L51:
1350:STM32_WPAN/App/app_ble.c ****   {
 878              		.loc 1 1350 3 view .LVU260
 879 0028 053B     		subs	r3, r3, #5
 880 002a DBB2     		uxtb	r3, r3
ARM GAS  C:\Users\843E~1\AppData\Local\Temp\ccnpSKQK.s 			page 87


 881 002c 012B     		cmp	r3, #1
 882 002e 11D8     		bhi	.L53
1354:STM32_WPAN/App/app_ble.c ****       break;
 883              		.loc 1 1354 7 is_stmt 1 view .LVU261
1354:STM32_WPAN/App/app_ble.c ****       break;
 884              		.loc 1 1354 25 is_stmt 0 view .LVU262
 885 0030 0D4B     		ldr	r3, .L57+12
 886 0032 0022     		movs	r2, #0
 887 0034 1A70     		strb	r2, [r3]
1355:STM32_WPAN/App/app_ble.c **** 
 888              		.loc 1 1355 7 is_stmt 1 view .LVU263
 889              	.L49:
1378:STM32_WPAN/App/app_ble.c **** 
 890              		.loc 1 1378 1 is_stmt 0 view .LVU264
 891 0036 08BD     		pop	{r3, pc}
 892              	.L50:
1366:STM32_WPAN/App/app_ble.c ****       {
 893              		.loc 1 1366 7 is_stmt 1 view .LVU265
1366:STM32_WPAN/App/app_ble.c ****       {
 894              		.loc 1 1366 25 is_stmt 0 view .LVU266
 895 0038 0A4B     		ldr	r3, .L57+8
 896 003a 1B78     		ldrb	r3, [r3]	@ zero_extendqisi2
1366:STM32_WPAN/App/app_ble.c ****       {
 897              		.loc 1 1366 10 view .LVU267
 898 003c 33B9     		cbnz	r3, .L55
1366:STM32_WPAN/App/app_ble.c ****       {
 899              		.loc 1 1366 36 discriminator 1 view .LVU268
 900 003e 0A4A     		ldr	r2, .L57+12
 901 0040 1378     		ldrb	r3, [r2]	@ zero_extendqisi2
 902 0042 0133     		adds	r3, r3, #1
 903 0044 DBB2     		uxtb	r3, r3
1366:STM32_WPAN/App/app_ble.c ****       {
 904              		.loc 1 1366 32 discriminator 1 view .LVU269
 905 0046 1370     		strb	r3, [r2]
 906 0048 132B     		cmp	r3, #19
 907 004a F4D9     		bls	.L49
 908              	.L55:
1368:STM32_WPAN/App/app_ble.c ****       }
 909              		.loc 1 1368 9 is_stmt 1 view .LVU270
1368:STM32_WPAN/App/app_ble.c ****       }
 910              		.loc 1 1368 15 is_stmt 0 view .LVU271
 911 004c 0220     		movs	r0, #2
 912 004e FFF7FEFF 		bl	Adv_Request
 913              	.LVL64:
 914 0052 F0E7     		b	.L49
 915              	.L53:
1375:STM32_WPAN/App/app_ble.c ****       break;
 916              		.loc 1 1375 7 is_stmt 1 view .LVU272
1375:STM32_WPAN/App/app_ble.c ****       break;
 917              		.loc 1 1375 13 is_stmt 0 view .LVU273
 918 0054 0220     		movs	r0, #2
 919 0056 FFF7FEFF 		bl	Adv_Request
 920              	.LVL65:
1376:STM32_WPAN/App/app_ble.c ****   }
 921              		.loc 1 1376 7 is_stmt 1 view .LVU274
1378:STM32_WPAN/App/app_ble.c **** 
 922              		.loc 1 1378 1 is_stmt 0 view .LVU275
ARM GAS  C:\Users\843E~1\AppData\Local\Temp\ccnpSKQK.s 			page 88


 923 005a ECE7     		b	.L49
 924              	.L58:
 925              		.align	2
 926              	.L57:
 927 005c 00300040 		.word	1073754112
 928 0060 00000000 		.word	.LANCHOR7
 929 0064 00000000 		.word	.LANCHOR12
 930 0068 00000000 		.word	.LANCHOR13
 931              		.cfi_endproc
 932              	.LFE1270:
 934              		.section	.text.Adv_Cancel,"ax",%progbits
 935              		.align	1
 936              		.syntax unified
 937              		.thumb
 938              		.thumb_func
 940              	Adv_Cancel:
 941              	.LFB1268:
1320:STM32_WPAN/App/app_ble.c ****   /*
 942              		.loc 1 1320 1 is_stmt 1 view -0
 943              		.cfi_startproc
 944              		@ args = 0, pretend = 0, frame = 0
 945              		@ frame_needed = 0, uses_anonymous_args = 0
 946 0000 08B5     		push	{r3, lr}
 947              	.LCFI18:
 948              		.cfi_def_cfa_offset 8
 949              		.cfi_offset 3, -8
 950              		.cfi_offset 14, -4
1325:STM32_WPAN/App/app_ble.c ****   {
 951              		.loc 1 1325 3 view .LVU277
1325:STM32_WPAN/App/app_ble.c ****   {
 952              		.loc 1 1325 28 is_stmt 0 view .LVU278
 953 0002 054B     		ldr	r3, .L63
 954 0004 93F88030 		ldrb	r3, [r3, #128]	@ zero_extendqisi2
1325:STM32_WPAN/App/app_ble.c ****   {
 955              		.loc 1 1325 6 view .LVU279
 956 0008 052B     		cmp	r3, #5
 957 000a 00D1     		bne	.L62
 958              	.L59:
1329:STM32_WPAN/App/app_ble.c **** 
 959              		.loc 1 1329 1 view .LVU280
 960 000c 08BD     		pop	{r3, pc}
 961              	.L62:
1327:STM32_WPAN/App/app_ble.c ****   }
 962              		.loc 1 1327 5 is_stmt 1 view .LVU281
 963 000e 0220     		movs	r0, #2
 964 0010 FFF7FEFF 		bl	Adv_Request
 965              	.LVL66:
1329:STM32_WPAN/App/app_ble.c **** 
 966              		.loc 1 1329 1 is_stmt 0 view .LVU282
 967 0014 FAE7     		b	.L59
 968              	.L64:
 969 0016 00BF     		.align	2
 970              	.L63:
 971 0018 00000000 		.word	.LANCHOR7
 972              		.cfi_endproc
 973              	.LFE1268:
 975              		.section	.text.APP_BLE_Init,"ax",%progbits
ARM GAS  C:\Users\843E~1\AppData\Local\Temp\ccnpSKQK.s 			page 89


 976              		.align	1
 977              		.global	APP_BLE_Init
 978              		.syntax unified
 979              		.thumb
 980              		.thumb_func
 982              	APP_BLE_Init:
 983              	.LFB1261:
 399:STM32_WPAN/App/app_ble.c ****   SHCI_CmdStatus_t status;
 984              		.loc 1 399 1 is_stmt 1 view -0
 985              		.cfi_startproc
 986              		@ args = 0, pretend = 0, frame = 72
 987              		@ frame_needed = 0, uses_anonymous_args = 0
 988 0000 30B5     		push	{r4, r5, lr}
 989              	.LCFI19:
 990              		.cfi_def_cfa_offset 12
 991              		.cfi_offset 4, -12
 992              		.cfi_offset 5, -8
 993              		.cfi_offset 14, -4
 994 0002 95B0     		sub	sp, sp, #84
 995              	.LCFI20:
 996              		.cfi_def_cfa_offset 96
 400:STM32_WPAN/App/app_ble.c **** #if (RADIO_ACTIVITY_EVENT != 0)
 997              		.loc 1 400 3 view .LVU284
 402:STM32_WPAN/App/app_ble.c **** #endif /* RADIO_ACTIVITY_EVENT != 0 */
 998              		.loc 1 402 3 view .LVU285
 999              	.LVL67:
 407:STM32_WPAN/App/app_ble.c ****   {
 1000              		.loc 1 407 3 view .LVU286
 407:STM32_WPAN/App/app_ble.c ****   {
 1001              		.loc 1 407 33 is_stmt 0 view .LVU287
 1002 0004 0DF1140C 		add	ip, sp, #20
 1003 0008 4C4C     		ldr	r4, .L74
 1004 000a 0FCC     		ldmia	r4!, {r0, r1, r2, r3}
 1005 000c ACE80F00 		stmia	ip!, {r0, r1, r2, r3}
 1006 0010 0FCC     		ldmia	r4!, {r0, r1, r2, r3}
 1007 0012 ACE80F00 		stmia	ip!, {r0, r1, r2, r3}
 1008 0016 0FCC     		ldmia	r4!, {r0, r1, r2, r3}
 1009 0018 ACE80F00 		stmia	ip!, {r0, r1, r2, r3}
 1010 001c 94E80700 		ldm	r4, {r0, r1, r2}
 1011 0020 ACE80300 		stmia	ip!, {r0, r1}
 1012 0024 ACF80020 		strh	r2, [ip]	@ movhi
 444:STM32_WPAN/App/app_ble.c **** 
 1013              		.loc 1 444 3 is_stmt 1 view .LVU288
 1014 0028 FFF7FEFF 		bl	Ble_Tl_Init
 1015              	.LVL68:
 449:STM32_WPAN/App/app_ble.c **** 
 1016              		.loc 1 449 3 view .LVU289
 1017 002c 0121     		movs	r1, #1
 1018 002e 0220     		movs	r0, #2
 1019 0030 FFF7FEFF 		bl	UTIL_LPM_SetOffMode
 1020              	.LVL69:
 454:STM32_WPAN/App/app_ble.c **** 
 1021              		.loc 1 454 3 view .LVU290
 1022 0034 424A     		ldr	r2, .L74+4
 1023 0036 0021     		movs	r1, #0
 1024 0038 0220     		movs	r0, #2
 1025 003a FFF7FEFF 		bl	UTIL_SEQ_RegTask
ARM GAS  C:\Users\843E~1\AppData\Local\Temp\ccnpSKQK.s 			page 90


 1026              	.LVL70:
 459:STM32_WPAN/App/app_ble.c ****   if (status != SHCI_Success)
 1027              		.loc 1 459 3 view .LVU291
 459:STM32_WPAN/App/app_ble.c ****   if (status != SHCI_Success)
 1028              		.loc 1 459 12 is_stmt 0 view .LVU292
 1029 003e 05A8     		add	r0, sp, #20
 1030 0040 FFF7FEFF 		bl	SHCI_C2_BLE_Init
 1031              	.LVL71:
 460:STM32_WPAN/App/app_ble.c ****   {
 1032              		.loc 1 460 3 is_stmt 1 view .LVU293
 460:STM32_WPAN/App/app_ble.c ****   {
 1033              		.loc 1 460 6 is_stmt 0 view .LVU294
 1034 0044 0028     		cmp	r0, #0
 1035 0046 68D1     		bne	.L73
 1036              	.LVL72:
 1037              	.L66:
 468:STM32_WPAN/App/app_ble.c ****   }
 1038              		.loc 1 468 59 is_stmt 1 view .LVU295
 474:STM32_WPAN/App/app_ble.c **** 
 1039              		.loc 1 474 3 view .LVU296
 1040 0048 FFF7FEFF 		bl	Ble_Hci_Gap_Gatt_Init
 1041              	.LVL73:
 479:STM32_WPAN/App/app_ble.c **** 
 1042              		.loc 1 479 3 view .LVU297
 1043 004c FFF7FEFF 		bl	SVCCTL_Init
 1044              	.LVL74:
 484:STM32_WPAN/App/app_ble.c ****   BleApplicationContext.BleApplicationContext_legacy.connectionHandle = 0xFFFF;
 1045              		.loc 1 484 3 view .LVU298
 484:STM32_WPAN/App/app_ble.c ****   BleApplicationContext.BleApplicationContext_legacy.connectionHandle = 0xFFFF;
 1046              		.loc 1 484 50 is_stmt 0 view .LVU299
 1047 0050 3C4B     		ldr	r3, .L74+8
 1048 0052 0021     		movs	r1, #0
 1049 0054 83F88010 		strb	r1, [r3, #128]
 485:STM32_WPAN/App/app_ble.c **** 
 1050              		.loc 1 485 3 is_stmt 1 view .LVU300
 485:STM32_WPAN/App/app_ble.c **** 
 1051              		.loc 1 485 71 is_stmt 0 view .LVU301
 1052 0058 4FF6FF72 		movw	r2, #65535
 1053 005c DA82     		strh	r2, [r3, #22]	@ movhi
 490:STM32_WPAN/App/app_ble.c **** #if (L2CAP_REQUEST_NEW_CONN_PARAM != 0)
 1054              		.loc 1 490 3 is_stmt 1 view .LVU302
 1055 005e 3A4A     		ldr	r2, .L74+12
 1056 0060 0120     		movs	r0, #1
 1057 0062 FFF7FEFF 		bl	UTIL_SEQ_RegTask
 1058              	.LVL75:
 503:STM32_WPAN/App/app_ble.c ****   if (ret != BLE_STATUS_SUCCESS)
 1059              		.loc 1 503 3 view .LVU303
 503:STM32_WPAN/App/app_ble.c ****   if (ret != BLE_STATUS_SUCCESS)
 1060              		.loc 1 503 9 is_stmt 0 view .LVU304
 1061 0066 0620     		movs	r0, #6
 1062 0068 FFF7FEFF 		bl	aci_hal_set_radio_activity_mask
 1063              	.LVL76:
 504:STM32_WPAN/App/app_ble.c ****   {
 1064              		.loc 1 504 3 is_stmt 1 view .LVU305
 510:STM32_WPAN/App/app_ble.c ****   }
 1065              		.loc 1 510 74 view .LVU306
 522:STM32_WPAN/App/app_ble.c ****   SensorTask_Init();
ARM GAS  C:\Users\843E~1\AppData\Local\Temp\ccnpSKQK.s 			page 91


 1066              		.loc 1 522 3 view .LVU307
 1067 006c FFF7FEFF 		bl	P2PS_APP_Init
 1068              	.LVL77:
 523:STM32_WPAN/App/app_ble.c **** 
 1069              		.loc 1 523 3 view .LVU308
 1070 0070 FFF7FEFF 		bl	SensorTask_Init
 1071              	.LVL78:
 1072              	.LBB17:
 529:STM32_WPAN/App/app_ble.c ****     uint8_t name_len = (uint8_t)snprintf(name, sizeof(name),
 1073              		.loc 1 529 5 view .LVU309
 530:STM32_WPAN/App/app_ble.c ****                                          "Numa-%02X%02X",
 1074              		.loc 1 530 5 view .LVU310
 532:STM32_WPAN/App/app_ble.c ****     if (name_len > APPBLE_GAP_DEVICE_NAME_LENGTH)
 1075              		.loc 1 532 51 is_stmt 0 view .LVU311
 1076 0074 354B     		ldr	r3, .L74+16
 532:STM32_WPAN/App/app_ble.c ****     if (name_len > APPBLE_GAP_DEVICE_NAME_LENGTH)
 1077              		.loc 1 532 65 view .LVU312
 1078 0076 1A78     		ldrb	r2, [r3]	@ zero_extendqisi2
 530:STM32_WPAN/App/app_ble.c ****                                          "Numa-%02X%02X",
 1079              		.loc 1 530 33 view .LVU313
 1080 0078 0092     		str	r2, [sp]
 1081 007a 5B78     		ldrb	r3, [r3, #1]	@ zero_extendqisi2
 1082 007c 344A     		ldr	r2, .L74+20
 1083 007e 0B21     		movs	r1, #11
 1084 0080 02A8     		add	r0, sp, #8
 1085 0082 FFF7FEFF 		bl	snprintf
 1086              	.LVL79:
 533:STM32_WPAN/App/app_ble.c ****       name_len = APPBLE_GAP_DEVICE_NAME_LENGTH;
 1087              		.loc 1 533 5 is_stmt 1 view .LVU314
 536:STM32_WPAN/App/app_ble.c ****     memcpy(&a_LocalName[1], name, name_len);
 1088              		.loc 1 536 5 view .LVU315
 536:STM32_WPAN/App/app_ble.c ****     memcpy(&a_LocalName[1], name, name_len);
 1089              		.loc 1 536 20 is_stmt 0 view .LVU316
 1090 0086 3348     		ldr	r0, .L74+24
 1091 0088 0923     		movs	r3, #9
 1092 008a 00F8013B 		strb	r3, [r0], #1
 537:STM32_WPAN/App/app_ble.c ****     a_LocalName_len = name_len + 1;
 1093              		.loc 1 537 5 is_stmt 1 view .LVU317
 1094 008e 1A46     		mov	r2, r3
 1095 0090 02A9     		add	r1, sp, #8
 1096 0092 FFF7FEFF 		bl	memcpy
 1097              	.LVL80:
 538:STM32_WPAN/App/app_ble.c ****   }
 1098              		.loc 1 538 5 view .LVU318
 538:STM32_WPAN/App/app_ble.c ****   }
 1099              		.loc 1 538 21 is_stmt 0 view .LVU319
 1100 0096 0A22     		movs	r2, #10
 1101 0098 2F4B     		ldr	r3, .L74+28
 1102 009a 1A70     		strb	r2, [r3]
 1103              	.LBE17:
 545:STM32_WPAN/App/app_ble.c ****   /**
 1104              		.loc 1 545 3 is_stmt 1 view .LVU320
 1105 009c 294D     		ldr	r5, .L74+8
 1106 009e 2F4B     		ldr	r3, .L74+32
 1107 00a0 0022     		movs	r2, #0
 1108 00a2 05F18101 		add	r1, r5, #129
 1109 00a6 1046     		mov	r0, r2
ARM GAS  C:\Users\843E~1\AppData\Local\Temp\ccnpSKQK.s 			page 92


 1110 00a8 FFF7FEFF 		bl	HW_TS_Create
 1111              	.LVL81:
 549:STM32_WPAN/App/app_ble.c ****   /**
 1112              		.loc 1 549 3 view .LVU321
 1113 00ac 2C4B     		ldr	r3, .L74+36
 1114 00ae 0022     		movs	r2, #0
 1115 00b0 05F18201 		add	r1, r5, #130
 1116 00b4 1046     		mov	r0, r2
 1117 00b6 FFF7FEFF 		bl	HW_TS_Create
 1118              	.LVL82:
 553:STM32_WPAN/App/app_ble.c ****   BleApplicationContext.BleApplicationContext_legacy.advtServUUIDlen = 0;
 1119              		.loc 1 553 3 view .LVU322
 553:STM32_WPAN/App/app_ble.c ****   BleApplicationContext.BleApplicationContext_legacy.advtServUUIDlen = 0;
 1120              		.loc 1 553 70 is_stmt 0 view .LVU323
 1121 00ba 0024     		movs	r4, #0
 1122 00bc 6C76     		strb	r4, [r5, #25]
 554:STM32_WPAN/App/app_ble.c **** 
 1123              		.loc 1 554 3 is_stmt 1 view .LVU324
 554:STM32_WPAN/App/app_ble.c **** 
 1124              		.loc 1 554 70 is_stmt 0 view .LVU325
 1125 00be 2C76     		strb	r4, [r5, #24]
 557:STM32_WPAN/App/app_ble.c ****   AdvIntervalMax = CFG_FAST_CONN_ADV_INTERVAL_MAX;
 1126              		.loc 1 557 3 is_stmt 1 view .LVU326
 557:STM32_WPAN/App/app_ble.c ****   AdvIntervalMax = CFG_FAST_CONN_ADV_INTERVAL_MAX;
 1127              		.loc 1 557 18 is_stmt 0 view .LVU327
 1128 00c0 284B     		ldr	r3, .L74+40
 1129 00c2 8022     		movs	r2, #128
 1130 00c4 1A80     		strh	r2, [r3]	@ movhi
 558:STM32_WPAN/App/app_ble.c **** 
 1131              		.loc 1 558 3 is_stmt 1 view .LVU328
 558:STM32_WPAN/App/app_ble.c **** 
 1132              		.loc 1 558 18 is_stmt 0 view .LVU329
 1133 00c6 284B     		ldr	r3, .L74+44
 1134 00c8 A022     		movs	r2, #160
 1135 00ca 1A80     		strh	r2, [r3]	@ movhi
 563:STM32_WPAN/App/app_ble.c **** 
 1136              		.loc 1 563 3 is_stmt 1 view .LVU330
 1137 00cc 0120     		movs	r0, #1
 1138 00ce FFF7FEFF 		bl	Adv_Request
 1139              	.LVL83:
 569:STM32_WPAN/App/app_ble.c ****   HW_TS_Create(CFG_TIM_PROC_ID_ISR, &s_supervisor_timer_id, hw_ts_Repeated, Ble_Supervisor_Req);
 1140              		.loc 1 569 3 view .LVU331
 1141 00d2 264A     		ldr	r2, .L74+48
 1142 00d4 2146     		mov	r1, r4
 1143 00d6 0820     		movs	r0, #8
 1144 00d8 FFF7FEFF 		bl	UTIL_SEQ_RegTask
 1145              	.LVL84:
 570:STM32_WPAN/App/app_ble.c ****   HW_TS_Start(s_supervisor_timer_id, BLE_SUPERVISOR_TICKS);
 1146              		.loc 1 570 3 view .LVU332
 1147 00dc 244D     		ldr	r5, .L74+52
 1148 00de 254B     		ldr	r3, .L74+56
 1149 00e0 0122     		movs	r2, #1
 1150 00e2 2946     		mov	r1, r5
 1151 00e4 2046     		mov	r0, r4
 1152 00e6 FFF7FEFF 		bl	HW_TS_Create
 1153              	.LVL85:
 571:STM32_WPAN/App/app_ble.c **** #if (APP_USE_IWDG != 0)
ARM GAS  C:\Users\843E~1\AppData\Local\Temp\ccnpSKQK.s 			page 93


 1154              		.loc 1 571 3 view .LVU333
 1155 00ea 47F61101 		movw	r1, #30737
 1156 00ee 2878     		ldrb	r0, [r5]	@ zero_extendqisi2
 1157 00f0 FFF7FEFF 		bl	HW_TS_Start
 1158              	.LVL86:
 573:STM32_WPAN/App/app_ble.c ****   IWDG->KR  = 0xCCCCU;                /* start */
 1159              		.loc 1 573 3 view .LVU334
 1160              	.LBB18:
 1161              	.LBI18:
1668:Drivers/STM32WBxx_HAL_Driver/Inc/stm32wbxx_ll_system.h **** {
 1162              		.loc 2 1668 22 view .LVU335
 1163              	.LBB19:
1670:Drivers/STM32WBxx_HAL_Driver/Inc/stm32wbxx_ll_system.h **** }
 1164              		.loc 2 1670 3 view .LVU336
 1165 00f4 204A     		ldr	r2, .L74+60
 1166 00f6 D36B     		ldr	r3, [r2, #60]
 1167 00f8 43F48053 		orr	r3, r3, #4096
 1168 00fc D363     		str	r3, [r2, #60]
 1169              	.LVL87:
1670:Drivers/STM32WBxx_HAL_Driver/Inc/stm32wbxx_ll_system.h **** }
 1170              		.loc 2 1670 3 is_stmt 0 view .LVU337
 1171              	.LBE19:
 1172              	.LBE18:
 574:STM32_WPAN/App/app_ble.c ****   IWDG->KR  = 0x5555U;                /* unlock PR/RLR */
 1173              		.loc 1 574 3 is_stmt 1 view .LVU338
 574:STM32_WPAN/App/app_ble.c ****   IWDG->KR  = 0x5555U;                /* unlock PR/RLR */
 1174              		.loc 1 574 13 is_stmt 0 view .LVU339
 1175 00fe 1F4B     		ldr	r3, .L74+64
 1176 0100 4CF6CC42 		movw	r2, #52428
 1177 0104 1A60     		str	r2, [r3]
 575:STM32_WPAN/App/app_ble.c ****   IWDG->PR  = 6U;                     /* LSI / 256 */
 1178              		.loc 1 575 3 is_stmt 1 view .LVU340
 575:STM32_WPAN/App/app_ble.c ****   IWDG->PR  = 6U;                     /* LSI / 256 */
 1179              		.loc 1 575 13 is_stmt 0 view .LVU341
 1180 0106 45F25552 		movw	r2, #21845
 1181 010a 1A60     		str	r2, [r3]
 576:STM32_WPAN/App/app_ble.c ****   IWDG->RLR = 0x0FFFU;                /* ~32 s */
 1182              		.loc 1 576 3 is_stmt 1 view .LVU342
 576:STM32_WPAN/App/app_ble.c ****   IWDG->RLR = 0x0FFFU;                /* ~32 s */
 1183              		.loc 1 576 13 is_stmt 0 view .LVU343
 1184 010c 0622     		movs	r2, #6
 1185 010e 5A60     		str	r2, [r3, #4]
 577:STM32_WPAN/App/app_ble.c ****   {
 1186              		.loc 1 577 3 is_stmt 1 view .LVU344
 577:STM32_WPAN/App/app_ble.c ****   {
 1187              		.loc 1 577 13 is_stmt 0 view .LVU345
 1188 0110 40F6FF72 		movw	r2, #4095
 1189 0114 9A60     		str	r2, [r3, #8]
 1190              	.LBB20:
 579:STM32_WPAN/App/app_ble.c ****     while ((IWDG->SR != 0U) && (guard-- != 0U)) { }
 1191              		.loc 1 579 5 is_stmt 1 view .LVU346
 1192              	.LVL88:
 580:STM32_WPAN/App/app_ble.c ****   }
 1193              		.loc 1 580 5 view .LVU347
 579:STM32_WPAN/App/app_ble.c ****     while ((IWDG->SR != 0U) && (guard-- != 0U)) { }
 1194              		.loc 1 579 14 is_stmt 0 view .LVU348
 1195 0116 1A4B     		ldr	r3, .L74+68
ARM GAS  C:\Users\843E~1\AppData\Local\Temp\ccnpSKQK.s 			page 94


 580:STM32_WPAN/App/app_ble.c ****   }
 1196              		.loc 1 580 11 view .LVU349
 1197 0118 03E0     		b	.L69
 1198              	.LVL89:
 1199              	.L73:
 580:STM32_WPAN/App/app_ble.c ****   }
 1200              		.loc 1 580 11 view .LVU350
 1201              	.LBE20:
 462:STM32_WPAN/App/app_ble.c ****     /* if you are here, maybe CPU2 doesn't contain STM32WB_Copro_Wireless_Binaries, see Release_Not
 1202              		.loc 1 462 83 is_stmt 1 view .LVU351
 464:STM32_WPAN/App/app_ble.c ****   }
 1203              		.loc 1 464 5 view .LVU352
 1204 011a FFF7FEFF 		bl	Error_Handler
 1205              	.LVL90:
 464:STM32_WPAN/App/app_ble.c ****   }
 1206              		.loc 1 464 5 is_stmt 0 view .LVU353
 1207 011e 93E7     		b	.L66
 1208              	.LVL91:
 1209              	.L71:
 1210              	.LBB21:
 580:STM32_WPAN/App/app_ble.c ****   }
 1211              		.loc 1 580 38 view .LVU354
 1212 0120 1346     		mov	r3, r2
 1213              	.LVL92:
 1214              	.L69:
 580:STM32_WPAN/App/app_ble.c ****   }
 1215              		.loc 1 580 51 is_stmt 1 discriminator 2 view .LVU355
 580:STM32_WPAN/App/app_ble.c ****   }
 1216              		.loc 1 580 11 discriminator 2 view .LVU356
 580:STM32_WPAN/App/app_ble.c ****   }
 1217              		.loc 1 580 17 is_stmt 0 discriminator 2 view .LVU357
 1218 0122 164A     		ldr	r2, .L74+64
 1219 0124 D268     		ldr	r2, [r2, #12]
 580:STM32_WPAN/App/app_ble.c ****   }
 1220              		.loc 1 580 11 discriminator 2 view .LVU358
 1221 0126 12B1     		cbz	r2, .L68
 580:STM32_WPAN/App/app_ble.c ****   }
 1222              		.loc 1 580 38 discriminator 1 view .LVU359
 1223 0128 5A1E     		subs	r2, r3, #1
 1224              	.LVL93:
 580:STM32_WPAN/App/app_ble.c ****   }
 1225              		.loc 1 580 29 discriminator 1 view .LVU360
 1226 012a 002B     		cmp	r3, #0
 1227 012c F8D1     		bne	.L71
 1228              	.LVL94:
 1229              	.L68:
 580:STM32_WPAN/App/app_ble.c ****   }
 1230              		.loc 1 580 29 discriminator 1 view .LVU361
 1231              	.LBE21:
 582:STM32_WPAN/App/app_ble.c **** #endif
 1232              		.loc 1 582 3 is_stmt 1 view .LVU362
 582:STM32_WPAN/App/app_ble.c **** #endif
 1233              		.loc 1 582 13 is_stmt 0 view .LVU363
 1234 012e 134B     		ldr	r3, .L74+64
 1235 0130 4AF6AA22 		movw	r2, #43690
 1236 0134 1A60     		str	r2, [r3]
 589:STM32_WPAN/App/app_ble.c **** }
ARM GAS  C:\Users\843E~1\AppData\Local\Temp\ccnpSKQK.s 			page 95


 1237              		.loc 1 589 3 is_stmt 1 view .LVU364
 590:STM32_WPAN/App/app_ble.c **** 
 1238              		.loc 1 590 1 is_stmt 0 view .LVU365
 1239 0136 15B0     		add	sp, sp, #84
 1240              	.LCFI21:
 1241              		.cfi_def_cfa_offset 12
 1242              		@ sp needed
 1243 0138 30BD     		pop	{r4, r5, pc}
 1244              	.L75:
 1245 013a 00BF     		.align	2
 1246              	.L74:
 1247 013c 00000000 		.word	.LANCHOR14
 1248 0140 00000000 		.word	hci_user_evt_proc
 1249 0144 00000000 		.word	.LANCHOR7
 1250 0148 00000000 		.word	Adv_Cancel
 1251 014c 00000000 		.word	.LANCHOR3
 1252 0150 00000000 		.word	.LC1
 1253 0154 00000000 		.word	.LANCHOR10
 1254 0158 00000000 		.word	.LANCHOR11
 1255 015c 00000000 		.word	Adv_Cancel_Req
 1256 0160 00000000 		.word	Switch_OFF_GPIO
 1257 0164 00000000 		.word	.LANCHOR8
 1258 0168 00000000 		.word	.LANCHOR9
 1259 016c 00000000 		.word	Ble_Supervisor
 1260 0170 00000000 		.word	.LANCHOR15
 1261 0174 00000000 		.word	Ble_Supervisor_Req
 1262 0178 002004E0 		.word	-536600576
 1263 017c 00300040 		.word	1073754112
 1264 0180 40420F00 		.word	1000000
 1265              		.cfi_endproc
 1266              	.LFE1261:
 1268              		.section	.text.SVCCTL_App_Notification,"ax",%progbits
 1269              		.align	1
 1270              		.global	SVCCTL_App_Notification
 1271              		.syntax unified
 1272              		.thumb
 1273              		.thumb_func
 1275              	SVCCTL_App_Notification:
 1276              	.LVL95:
 1277              	.LFB1262:
 593:STM32_WPAN/App/app_ble.c ****   hci_event_pckt    *p_event_pckt;
 1278              		.loc 1 593 1 is_stmt 1 view -0
 1279              		.cfi_startproc
 1280              		@ args = 0, pretend = 0, frame = 8
 1281              		@ frame_needed = 0, uses_anonymous_args = 0
 593:STM32_WPAN/App/app_ble.c ****   hci_event_pckt    *p_event_pckt;
 1282              		.loc 1 593 1 is_stmt 0 view .LVU367
 1283 0000 30B5     		push	{r4, r5, lr}
 1284              	.LCFI22:
 1285              		.cfi_def_cfa_offset 12
 1286              		.cfi_offset 4, -12
 1287              		.cfi_offset 5, -8
 1288              		.cfi_offset 14, -4
 1289 0002 83B0     		sub	sp, sp, #12
 1290              	.LCFI23:
 1291              		.cfi_def_cfa_offset 24
 1292 0004 0446     		mov	r4, r0
ARM GAS  C:\Users\843E~1\AppData\Local\Temp\ccnpSKQK.s 			page 96


 594:STM32_WPAN/App/app_ble.c ****   evt_le_meta_event *p_meta_evt;
 1293              		.loc 1 594 3 is_stmt 1 view .LVU368
 595:STM32_WPAN/App/app_ble.c ****   evt_blecore_aci   *p_blecore_evt;
 1294              		.loc 1 595 3 view .LVU369
 596:STM32_WPAN/App/app_ble.c ****   uint8_t           Tx_phy, Rx_phy;
 1295              		.loc 1 596 3 view .LVU370
 597:STM32_WPAN/App/app_ble.c ****   tBleStatus        ret = BLE_STATUS_INVALID_PARAMS;
 1296              		.loc 1 597 3 view .LVU371
 598:STM32_WPAN/App/app_ble.c ****   hci_le_connection_complete_event_rp0        *p_connection_complete_event;
 1297              		.loc 1 598 3 view .LVU372
 1298              	.LVL96:
 599:STM32_WPAN/App/app_ble.c ****   hci_disconnection_complete_event_rp0        *p_disconnection_complete_event;
 1299              		.loc 1 599 3 view .LVU373
 600:STM32_WPAN/App/app_ble.c ****   hci_le_phy_update_complete_event_rp0        *p_evt_le_phy_update_complete;
 1300              		.loc 1 600 3 view .LVU374
 601:STM32_WPAN/App/app_ble.c **** #if (CFG_DEBUG_APP_TRACE != 0)
 1301              		.loc 1 601 3 view .LVU375
 610:STM32_WPAN/App/app_ble.c **** 
 1302              		.loc 1 610 3 view .LVU376
 612:STM32_WPAN/App/app_ble.c ****   {
 1303              		.loc 1 612 3 view .LVU377
 612:STM32_WPAN/App/app_ble.c ****   {
 1304              		.loc 1 612 23 is_stmt 0 view .LVU378
 1305 0006 4378     		ldrb	r3, [r0, #1]	@ zero_extendqisi2
 612:STM32_WPAN/App/app_ble.c ****   {
 1306              		.loc 1 612 3 view .LVU379
 1307 0008 3E2B     		cmp	r3, #62
 1308 000a 24D0     		beq	.L77
 1309 000c FF2B     		cmp	r3, #255
 1310 000e 60D0     		beq	.L78
 1311 0010 052B     		cmp	r3, #5
 1312 0012 02D0     		beq	.L88
 1313              	.LVL97:
 1314              	.L79:
 854:STM32_WPAN/App/app_ble.c **** }
 1315              		.loc 1 854 3 is_stmt 1 view .LVU380
 855:STM32_WPAN/App/app_ble.c **** 
 1316              		.loc 1 855 1 is_stmt 0 view .LVU381
 1317 0014 0120     		movs	r0, #1
 1318 0016 03B0     		add	sp, sp, #12
 1319              	.LCFI24:
 1320              		.cfi_remember_state
 1321              		.cfi_def_cfa_offset 12
 1322              		@ sp needed
 1323 0018 30BD     		pop	{r4, r5, pc}
 1324              	.LVL98:
 1325              	.L88:
 1326              	.LCFI25:
 1327              		.cfi_restore_state
 616:STM32_WPAN/App/app_ble.c **** 
 1328              		.loc 1 616 7 is_stmt 1 view .LVU382
 618:STM32_WPAN/App/app_ble.c ****       {
 1329              		.loc 1 618 7 view .LVU383
 618:STM32_WPAN/App/app_ble.c ****       {
 1330              		.loc 1 618 41 is_stmt 0 view .LVU384
 1331 001a 8288     		ldrh	r2, [r0, #4]	@ unaligned
 618:STM32_WPAN/App/app_ble.c ****       {
ARM GAS  C:\Users\843E~1\AppData\Local\Temp\ccnpSKQK.s 			page 97


 1332              		.loc 1 618 114 view .LVU385
 1333 001c 374B     		ldr	r3, .L91
 1334 001e DB8A     		ldrh	r3, [r3, #22]
 618:STM32_WPAN/App/app_ble.c ****       {
 1335              		.loc 1 618 10 view .LVU386
 1336 0020 9A42     		cmp	r2, r3
 1337 0022 12D0     		beq	.L89
 1338              	.L80:
 622:STM32_WPAN/App/app_ble.c ****         APP_DBG_MSG("     - Connection Handle:   0x%x\n     - Reason:    0x%x\n\r",
 1339              		.loc 1 622 66 is_stmt 1 view .LVU387
 625:STM32_WPAN/App/app_ble.c **** 
 1340              		.loc 1 625 60 view .LVU388
 637:STM32_WPAN/App/app_ble.c ****           (BleApplicationContext.Device_Connection_Status != APP_BLE_CONNECTED_CLIENT))
 1341              		.loc 1 637 7 view .LVU389
 637:STM32_WPAN/App/app_ble.c ****           (BleApplicationContext.Device_Connection_Status != APP_BLE_CONNECTED_CLIENT))
 1342              		.loc 1 637 33 is_stmt 0 view .LVU390
 1343 0024 354B     		ldr	r3, .L91
 1344 0026 93F88030 		ldrb	r3, [r3, #128]	@ zero_extendqisi2
 637:STM32_WPAN/App/app_ble.c ****           (BleApplicationContext.Device_Connection_Status != APP_BLE_CONNECTED_CLIENT))
 1345              		.loc 1 637 88 view .LVU391
 1346 002a 053B     		subs	r3, r3, #5
 1347 002c DBB2     		uxtb	r3, r3
 637:STM32_WPAN/App/app_ble.c ****           (BleApplicationContext.Device_Connection_Status != APP_BLE_CONNECTED_CLIENT))
 1348              		.loc 1 637 10 view .LVU392
 1349 002e 012B     		cmp	r3, #1
 1350 0030 F0D9     		bls	.L79
 640:STM32_WPAN/App/app_ble.c **** 
 1351              		.loc 1 640 9 is_stmt 1 view .LVU393
 1352 0032 0120     		movs	r0, #1
 1353              	.LVL99:
 640:STM32_WPAN/App/app_ble.c **** 
 1354              		.loc 1 640 9 is_stmt 0 view .LVU394
 1355 0034 FFF7FEFF 		bl	Adv_Request
 1356              	.LVL100:
 645:STM32_WPAN/App/app_ble.c ****         HandleNotification.ConnectionHandle = BleApplicationContext.BleApplicationContext_legacy.co
 1357              		.loc 1 645 9 is_stmt 1 view .LVU395
 645:STM32_WPAN/App/app_ble.c ****         HandleNotification.ConnectionHandle = BleApplicationContext.BleApplicationContext_legacy.co
 1358              		.loc 1 645 43 is_stmt 0 view .LVU396
 1359 0038 3148     		ldr	r0, .L91+4
 1360 003a 0123     		movs	r3, #1
 1361 003c 0370     		strb	r3, [r0]
 646:STM32_WPAN/App/app_ble.c ****         P2PS_APP_Notification(&HandleNotification);
 1362              		.loc 1 646 9 is_stmt 1 view .LVU397
 646:STM32_WPAN/App/app_ble.c ****         P2PS_APP_Notification(&HandleNotification);
 1363              		.loc 1 646 97 is_stmt 0 view .LVU398
 1364 003e 2F4B     		ldr	r3, .L91
 1365 0040 DB8A     		ldrh	r3, [r3, #22]
 646:STM32_WPAN/App/app_ble.c ****         P2PS_APP_Notification(&HandleNotification);
 1366              		.loc 1 646 45 view .LVU399
 1367 0042 4380     		strh	r3, [r0, #2]	@ movhi
 647:STM32_WPAN/App/app_ble.c ****       }
 1368              		.loc 1 647 9 is_stmt 1 view .LVU400
 1369 0044 FFF7FEFF 		bl	P2PS_APP_Notification
 1370              	.LVL101:
 1371 0048 E4E7     		b	.L79
 1372              	.LVL102:
 1373              	.L89:
ARM GAS  C:\Users\843E~1\AppData\Local\Temp\ccnpSKQK.s 			page 98


 620:STM32_WPAN/App/app_ble.c ****         BleApplicationContext.Device_Connection_Status = APP_BLE_IDLE;
 1374              		.loc 1 620 9 view .LVU401
 620:STM32_WPAN/App/app_ble.c ****         BleApplicationContext.Device_Connection_Status = APP_BLE_IDLE;
 1375              		.loc 1 620 77 is_stmt 0 view .LVU402
 1376 004a 2C4B     		ldr	r3, .L91
 1377 004c 0022     		movs	r2, #0
 1378 004e DA82     		strh	r2, [r3, #22]	@ movhi
 621:STM32_WPAN/App/app_ble.c ****         APP_DBG_MSG(">>== HCI_DISCONNECTION_COMPLETE_EVT_CODE\n");
 1379              		.loc 1 621 9 is_stmt 1 view .LVU403
 621:STM32_WPAN/App/app_ble.c ****         APP_DBG_MSG(">>== HCI_DISCONNECTION_COMPLETE_EVT_CODE\n");
 1380              		.loc 1 621 56 is_stmt 0 view .LVU404
 1381 0050 83F88020 		strb	r2, [r3, #128]
 1382 0054 E6E7     		b	.L80
 1383              	.LVL103:
 1384              	.L77:
 657:STM32_WPAN/App/app_ble.c ****       /* USER CODE BEGIN EVT_LE_META_EVENT */
 1385              		.loc 1 657 7 is_stmt 1 view .LVU405
 661:STM32_WPAN/App/app_ble.c ****       {
 1386              		.loc 1 661 7 view .LVU406
 661:STM32_WPAN/App/app_ble.c ****       {
 1387              		.loc 1 661 25 is_stmt 0 view .LVU407
 1388 0056 C378     		ldrb	r3, [r0, #3]	@ zero_extendqisi2
 1389 0058 012B     		cmp	r3, #1
 1390 005a 0AD0     		beq	.L81
 1391 005c 0C2B     		cmp	r3, #12
 1392 005e D9D1     		bne	.L79
 679:STM32_WPAN/App/app_ble.c ****           APP_DBG_MSG("==>> HCI_LE_PHY_UPDATE_COMPLETE_SUBEVT_CODE - ");
 1393              		.loc 1 679 11 is_stmt 1 view .LVU408
 1394              	.LVL104:
 680:STM32_WPAN/App/app_ble.c ****           if (p_evt_le_phy_update_complete->Status == 0)
 1395              		.loc 1 680 72 view .LVU409
 681:STM32_WPAN/App/app_ble.c ****           {
 1396              		.loc 1 681 11 view .LVU410
 687:STM32_WPAN/App/app_ble.c ****           }
 1397              		.loc 1 687 41 view .LVU411
 690:STM32_WPAN/App/app_ble.c ****           if (ret != BLE_STATUS_SUCCESS)
 1398              		.loc 1 690 11 view .LVU412
 690:STM32_WPAN/App/app_ble.c ****           if (ret != BLE_STATUS_SUCCESS)
 1399              		.loc 1 690 17 is_stmt 0 view .LVU413
 1400 0060 0DF10602 		add	r2, sp, #6
 1401 0064 0DF10701 		add	r1, sp, #7
 1402 0068 244B     		ldr	r3, .L91
 1403 006a D88A     		ldrh	r0, [r3, #22]
 1404              	.LVL105:
 690:STM32_WPAN/App/app_ble.c ****           if (ret != BLE_STATUS_SUCCESS)
 1405              		.loc 1 690 17 view .LVU414
 1406 006c FFF7FEFF 		bl	hci_le_read_phy
 1407              	.LVL106:
 691:STM32_WPAN/App/app_ble.c ****           {
 1408              		.loc 1 691 11 is_stmt 1 view .LVU415
 1409 0070 D0E7     		b	.L79
 1410              	.LVL107:
 1411              	.L81:
 715:STM32_WPAN/App/app_ble.c **** 
 1412              		.loc 1 715 11 view .LVU416
 717:STM32_WPAN/App/app_ble.c ****           {
 1413              		.loc 1 717 11 view .LVU417
ARM GAS  C:\Users\843E~1\AppData\Local\Temp\ccnpSKQK.s 			page 99


 717:STM32_WPAN/App/app_ble.c ****           {
 1414              		.loc 1 717 42 is_stmt 0 view .LVU418
 1415 0072 0379     		ldrb	r3, [r0, #4]	@ zero_extendqisi2
 717:STM32_WPAN/App/app_ble.c ****           {
 1416              		.loc 1 717 14 view .LVU419
 1417 0074 3BB1     		cbz	r3, .L82
 720:STM32_WPAN/App/app_ble.c ****             Adv_Request(APP_BLE_FAST_ADV);
 1418              		.loc 1 720 13 is_stmt 1 view .LVU420
 720:STM32_WPAN/App/app_ble.c ****             Adv_Request(APP_BLE_FAST_ADV);
 1419              		.loc 1 720 60 is_stmt 0 view .LVU421
 1420 0076 214B     		ldr	r3, .L91
 1421 0078 0022     		movs	r2, #0
 1422 007a 83F88020 		strb	r2, [r3, #128]
 721:STM32_WPAN/App/app_ble.c ****             break;
 1423              		.loc 1 721 13 is_stmt 1 view .LVU422
 1424 007e 0120     		movs	r0, #1
 1425              	.LVL108:
 721:STM32_WPAN/App/app_ble.c ****             break;
 1426              		.loc 1 721 13 is_stmt 0 view .LVU423
 1427 0080 FFF7FEFF 		bl	Adv_Request
 1428              	.LVL109:
 722:STM32_WPAN/App/app_ble.c ****           }
 1429              		.loc 1 722 13 is_stmt 1 view .LVU424
 1430 0084 C6E7     		b	.L79
 1431              	.LVL110:
 1432              	.L82:
 728:STM32_WPAN/App/app_ble.c **** 
 1433              		.loc 1 728 11 view .LVU425
 1434 0086 1D4D     		ldr	r5, .L91
 1435 0088 95F88100 		ldrb	r0, [r5, #129]	@ zero_extendqisi2
 1436              	.LVL111:
 728:STM32_WPAN/App/app_ble.c **** 
 1437              		.loc 1 728 11 is_stmt 0 view .LVU426
 1438 008c FFF7FEFF 		bl	HW_TS_Stop
 1439              	.LVL112:
 730:STM32_WPAN/App/app_ble.c ****           APP_DBG_MSG("     - Connection established with Central: @:%02x:%02x:%02x:%02x:%02x:%02x\
 1440              		.loc 1 730 145 is_stmt 1 view .LVU427
 737:STM32_WPAN/App/app_ble.c ****           APP_DBG_MSG("     - Connection Interval:   %.2f ms\n     - Connection latency:    %d\n   
 1441              		.loc 1 737 68 view .LVU428
 742:STM32_WPAN/App/app_ble.c **** 
 1442              		.loc 1 742 23 view .LVU429
 744:STM32_WPAN/App/app_ble.c ****           {
 1443              		.loc 1 744 11 view .LVU430
 744:STM32_WPAN/App/app_ble.c ****           {
 1444              		.loc 1 744 36 is_stmt 0 view .LVU431
 1445 0090 95F88030 		ldrb	r3, [r5, #128]	@ zero_extendqisi2
 744:STM32_WPAN/App/app_ble.c ****           {
 1446              		.loc 1 744 14 view .LVU432
 1447 0094 042B     		cmp	r3, #4
 1448 0096 18D0     		beq	.L90
 752:STM32_WPAN/App/app_ble.c ****           }
 1449              		.loc 1 752 13 is_stmt 1 view .LVU433
 752:STM32_WPAN/App/app_ble.c ****           }
 1450              		.loc 1 752 60 is_stmt 0 view .LVU434
 1451 0098 184B     		ldr	r3, .L91
 1452 009a 0522     		movs	r2, #5
 1453 009c 83F88020 		strb	r2, [r3, #128]
ARM GAS  C:\Users\843E~1\AppData\Local\Temp\ccnpSKQK.s 			page 100


 1454              	.L84:
 754:STM32_WPAN/App/app_ble.c ****           /**
 1455              		.loc 1 754 11 is_stmt 1 view .LVU435
 754:STM32_WPAN/App/app_ble.c ****           /**
 1456              		.loc 1 754 108 is_stmt 0 view .LVU436
 1457 00a0 B4F80530 		ldrh	r3, [r4, #5]	@ unaligned
 754:STM32_WPAN/App/app_ble.c ****           /**
 1458              		.loc 1 754 79 view .LVU437
 1459 00a4 154A     		ldr	r2, .L91
 1460 00a6 D382     		strh	r3, [r2, #22]	@ movhi
 758:STM32_WPAN/App/app_ble.c ****           HandleNotification.ConnectionHandle = BleApplicationContext.BleApplicationContext_legacy.
 1461              		.loc 1 758 11 is_stmt 1 view .LVU438
 758:STM32_WPAN/App/app_ble.c ****           HandleNotification.ConnectionHandle = BleApplicationContext.BleApplicationContext_legacy.
 1462              		.loc 1 758 45 is_stmt 0 view .LVU439
 1463 00a8 154C     		ldr	r4, .L91+4
 1464              	.LVL113:
 758:STM32_WPAN/App/app_ble.c ****           HandleNotification.ConnectionHandle = BleApplicationContext.BleApplicationContext_legacy.
 1465              		.loc 1 758 45 view .LVU440
 1466 00aa 0022     		movs	r2, #0
 1467 00ac 2270     		strb	r2, [r4]
 759:STM32_WPAN/App/app_ble.c ****           P2PS_APP_Notification(&HandleNotification);
 1468              		.loc 1 759 11 is_stmt 1 view .LVU441
 759:STM32_WPAN/App/app_ble.c ****           P2PS_APP_Notification(&HandleNotification);
 1469              		.loc 1 759 47 is_stmt 0 view .LVU442
 1470 00ae 6380     		strh	r3, [r4, #2]	@ movhi
 760:STM32_WPAN/App/app_ble.c ****           /* USER CODE BEGIN HCI_EVT_LE_CONN_COMPLETE */
 1471              		.loc 1 760 11 is_stmt 1 view .LVU443
 1472 00b0 2046     		mov	r0, r4
 1473 00b2 FFF7FEFF 		bl	P2PS_APP_Notification
 1474              	.LVL114:
 763:STM32_WPAN/App/app_ble.c **** 					hci_le_set_data_length(HandleNotification.ConnectionHandle, 156, 2120);
 1475              		.loc 1 763 6 view .LVU444
 1476 00b6 6088     		ldrh	r0, [r4, #2]
 1477 00b8 FFF7FEFF 		bl	aci_gatt_exchange_config
 1478              	.LVL115:
 764:STM32_WPAN/App/app_ble.c **** 					
 1479              		.loc 1 764 6 view .LVU445
 1480 00bc 40F64802 		movw	r2, #2120
 1481 00c0 9C21     		movs	r1, #156
 1482 00c2 6088     		ldrh	r0, [r4, #2]
 1483 00c4 FFF7FEFF 		bl	hci_le_set_data_length
 1484              	.LVL116:
 767:STM32_WPAN/App/app_ble.c ****         }
 1485              		.loc 1 767 11 view .LVU446
 1486 00c8 A4E7     		b	.L79
 1487              	.LVL117:
 1488              	.L90:
 747:STM32_WPAN/App/app_ble.c ****           }
 1489              		.loc 1 747 13 view .LVU447
 747:STM32_WPAN/App/app_ble.c ****           }
 1490              		.loc 1 747 60 is_stmt 0 view .LVU448
 1491 00ca 0622     		movs	r2, #6
 1492 00cc 85F88020 		strb	r2, [r5, #128]
 1493 00d0 E6E7     		b	.L84
 1494              	.LVL118:
 1495              	.L78:
 784:STM32_WPAN/App/app_ble.c ****       /* USER CODE BEGIN EVT_VENDOR */
ARM GAS  C:\Users\843E~1\AppData\Local\Temp\ccnpSKQK.s 			page 101


 1496              		.loc 1 784 7 is_stmt 1 view .LVU449
 788:STM32_WPAN/App/app_ble.c ****       {
 1497              		.loc 1 788 7 view .LVU450
 788:STM32_WPAN/App/app_ble.c ****       {
 1498              		.loc 1 788 28 is_stmt 0 view .LVU451
 1499 00d2 B0F80330 		ldrh	r3, [r0, #3]	@ unaligned
 1500 00d6 40F20542 		movw	r2, #1029
 1501 00da 9342     		cmp	r3, r2
 1502 00dc 08D0     		beq	.L85
 1503 00de 40F60E42 		movw	r2, #3086
 1504 00e2 9342     		cmp	r3, r2
 1505 00e4 96D1     		bne	.L79
 832:STM32_WPAN/App/app_ble.c ****           aci_gatt_confirm_indication(BleApplicationContext.BleApplicationContext_legacy.connection
 1506              		.loc 1 832 64 is_stmt 1 view .LVU452
 833:STM32_WPAN/App/app_ble.c ****         }
 1507              		.loc 1 833 11 view .LVU453
 1508 00e6 054B     		ldr	r3, .L91
 1509 00e8 D88A     		ldrh	r0, [r3, #22]
 1510              	.LVL119:
 833:STM32_WPAN/App/app_ble.c ****         }
 1511              		.loc 1 833 11 is_stmt 0 view .LVU454
 1512 00ea FFF7FEFF 		bl	aci_gatt_confirm_indication
 1513              	.LVL120:
 835:STM32_WPAN/App/app_ble.c **** 
 1514              		.loc 1 835 9 is_stmt 1 view .LVU455
 1515 00ee 91E7     		b	.L79
 1516              	.LVL121:
 1517              	.L85:
 827:STM32_WPAN/App/app_ble.c ****           break;
 1518              		.loc 1 827 11 view .LVU456
 1519 00f0 024B     		ldr	r3, .L91
 1520 00f2 D88A     		ldrh	r0, [r3, #22]
 1521              	.LVL122:
 827:STM32_WPAN/App/app_ble.c ****           break;
 1522              		.loc 1 827 11 is_stmt 0 view .LVU457
 1523 00f4 FFF7FEFF 		bl	aci_gap_allow_rebond
 1524              	.LVL123:
 828:STM32_WPAN/App/app_ble.c **** 
 1525              		.loc 1 828 11 is_stmt 1 view .LVU458
 1526 00f8 8CE7     		b	.L79
 1527              	.L92:
 1528 00fa 00BF     		.align	2
 1529              	.L91:
 1530 00fc 00000000 		.word	.LANCHOR7
 1531 0100 00000000 		.word	.LANCHOR16
 1532              		.cfi_endproc
 1533              	.LFE1262:
 1535              		.section	.text.APP_BLE_Get_Server_Connection_Status,"ax",%progbits
 1536              		.align	1
 1537              		.global	APP_BLE_Get_Server_Connection_Status
 1538              		.syntax unified
 1539              		.thumb
 1540              		.thumb_func
 1542              	APP_BLE_Get_Server_Connection_Status:
 1543              	.LFB1263:
 858:STM32_WPAN/App/app_ble.c ****   return BleApplicationContext.Device_Connection_Status;
 1544              		.loc 1 858 1 view -0
ARM GAS  C:\Users\843E~1\AppData\Local\Temp\ccnpSKQK.s 			page 102


 1545              		.cfi_startproc
 1546              		@ args = 0, pretend = 0, frame = 0
 1547              		@ frame_needed = 0, uses_anonymous_args = 0
 1548              		@ link register save eliminated.
 859:STM32_WPAN/App/app_ble.c **** }
 1549              		.loc 1 859 3 view .LVU460
 860:STM32_WPAN/App/app_ble.c **** 
 1550              		.loc 1 860 1 is_stmt 0 view .LVU461
 1551 0000 014B     		ldr	r3, .L94
 1552 0002 93F88000 		ldrb	r0, [r3, #128]	@ zero_extendqisi2
 1553 0006 7047     		bx	lr
 1554              	.L95:
 1555              		.align	2
 1556              	.L94:
 1557 0008 00000000 		.word	.LANCHOR7
 1558              		.cfi_endproc
 1559              	.LFE1263:
 1561              		.global	__aeabi_uldivmod
 1562              		.section	.text.APP_BLE_Led_Blink,"ax",%progbits
 1563              		.align	1
 1564              		.global	APP_BLE_Led_Blink
 1565              		.syntax unified
 1566              		.thumb
 1567              		.thumb_func
 1569              	APP_BLE_Led_Blink:
 1570              	.LVL124:
 1571              	.LFB1273:
1403:STM32_WPAN/App/app_ble.c ****     uint32_t timeout_ticks;
 1572              		.loc 1 1403 1 is_stmt 1 view -0
 1573              		.cfi_startproc
 1574              		@ args = 0, pretend = 0, frame = 0
 1575              		@ frame_needed = 0, uses_anonymous_args = 0
1403:STM32_WPAN/App/app_ble.c ****     uint32_t timeout_ticks;
 1576              		.loc 1 1403 1 is_stmt 0 view .LVU463
 1577 0000 10B5     		push	{r4, lr}
 1578              	.LCFI26:
 1579              		.cfi_def_cfa_offset 8
 1580              		.cfi_offset 4, -8
 1581              		.cfi_offset 14, -4
 1582 0002 0446     		mov	r4, r0
1404:STM32_WPAN/App/app_ble.c **** 
 1583              		.loc 1 1404 5 is_stmt 1 view .LVU464
1411:STM32_WPAN/App/app_ble.c **** 
 1584              		.loc 1 1411 5 view .LVU465
 1585 0004 184B     		ldr	r3, .L100
 1586 0006 93F88200 		ldrb	r0, [r3, #130]	@ zero_extendqisi2
 1587              	.LVL125:
1411:STM32_WPAN/App/app_ble.c **** 
 1588              		.loc 1 1411 5 is_stmt 0 view .LVU466
 1589 000a FFF7FEFF 		bl	HW_TS_Stop
 1590              	.LVL126:
1413:STM32_WPAN/App/app_ble.c ****                                 (CFG_TS_TICK_VAL - 1U)) /
 1591              		.loc 1 1413 5 is_stmt 1 view .LVU467
1413:STM32_WPAN/App/app_ble.c ****                                 (CFG_TS_TICK_VAL - 1U)) /
 1592              		.loc 1 1413 55 is_stmt 0 view .LVU468
 1593 000e E10E     		lsrs	r1, r4, #27
 1594 0010 6301     		lsls	r3, r4, #5
ARM GAS  C:\Users\843E~1\AppData\Local\Temp\ccnpSKQK.s 			page 103


 1595 0012 1B1B     		subs	r3, r3, r4
 1596 0014 61F10001 		sbc	r1, r1, #0
 1597 0018 8900     		lsls	r1, r1, #2
 1598 001a 41EA9371 		orr	r1, r1, r3, lsr #30
 1599 001e 9B00     		lsls	r3, r3, #2
 1600 0020 1819     		adds	r0, r3, r4
 1601 0022 41F10001 		adc	r1, r1, #0
 1602 0026 C900     		lsls	r1, r1, #3
 1603 0028 41EA5071 		orr	r1, r1, r0, lsr #29
 1604 002c C000     		lsls	r0, r0, #3
1413:STM32_WPAN/App/app_ble.c ****                                 (CFG_TS_TICK_VAL - 1U)) /
 1605              		.loc 1 1413 65 view .LVU469
 1606 002e 40F2E713 		movw	r3, #487
 1607 0032 C018     		adds	r0, r0, r3
1414:STM32_WPAN/App/app_ble.c ****                                CFG_TS_TICK_VAL);
 1608              		.loc 1 1414 57 view .LVU470
 1609 0034 4FF4F472 		mov	r2, #488
 1610 0038 4FF00003 		mov	r3, #0
 1611 003c 41F10001 		adc	r1, r1, #0
 1612 0040 FFF7FEFF 		bl	__aeabi_uldivmod
 1613              	.LVL127:
1413:STM32_WPAN/App/app_ble.c ****                                 (CFG_TS_TICK_VAL - 1U)) /
 1614              		.loc 1 1413 19 view .LVU471
 1615 0044 0446     		mov	r4, r0
 1616              	.LVL128:
1416:STM32_WPAN/App/app_ble.c ****     {
 1617              		.loc 1 1416 5 is_stmt 1 view .LVU472
1416:STM32_WPAN/App/app_ble.c ****     {
 1618              		.loc 1 1416 8 is_stmt 0 view .LVU473
 1619 0046 00B9     		cbnz	r0, .L97
1418:STM32_WPAN/App/app_ble.c ****     }
 1620              		.loc 1 1418 23 view .LVU474
 1621 0048 0124     		movs	r4, #1
 1622              	.L97:
 1623              	.LVL129:
1421:STM32_WPAN/App/app_ble.c ****     HW_TS_Start(BleApplicationContext.SwitchOffGPIO_timer_Id,
 1624              		.loc 1 1421 5 is_stmt 1 view .LVU475
 1625 004a 0122     		movs	r2, #1
 1626 004c 4FF48061 		mov	r1, #1024
 1627 0050 4FF09040 		mov	r0, #1207959552
 1628 0054 FFF7FEFF 		bl	HAL_GPIO_WritePin
 1629              	.LVL130:
1422:STM32_WPAN/App/app_ble.c ****                 timeout_ticks);
 1630              		.loc 1 1422 5 view .LVU476
 1631 0058 2146     		mov	r1, r4
 1632 005a 034B     		ldr	r3, .L100
 1633 005c 93F88200 		ldrb	r0, [r3, #130]	@ zero_extendqisi2
 1634 0060 FFF7FEFF 		bl	HW_TS_Start
 1635              	.LVL131:
1424:STM32_WPAN/App/app_ble.c **** 
 1636              		.loc 1 1424 1 is_stmt 0 view .LVU477
 1637 0064 10BD     		pop	{r4, pc}
 1638              	.LVL132:
 1639              	.L101:
1424:STM32_WPAN/App/app_ble.c **** 
 1640              		.loc 1 1424 1 view .LVU478
 1641 0066 00BF     		.align	2
ARM GAS  C:\Users\843E~1\AppData\Local\Temp\ccnpSKQK.s 			page 104


 1642              	.L100:
 1643 0068 00000000 		.word	.LANCHOR7
 1644              		.cfi_endproc
 1645              	.LFE1273:
 1647              		.section	.text.hci_notify_asynch_evt,"ax",%progbits
 1648              		.align	1
 1649              		.global	hci_notify_asynch_evt
 1650              		.syntax unified
 1651              		.thumb
 1652              		.thumb_func
 1654              	hci_notify_asynch_evt:
 1655              	.LVL133:
 1656              	.LFB1274:
1487:STM32_WPAN/App/app_ble.c ****   UTIL_SEQ_SetTask(1 << CFG_TASK_HCI_ASYNCH_EVT_ID, CFG_SCH_PRIO_0);
 1657              		.loc 1 1487 1 is_stmt 1 view -0
 1658              		.cfi_startproc
 1659              		@ args = 0, pretend = 0, frame = 0
 1660              		@ frame_needed = 0, uses_anonymous_args = 0
1487:STM32_WPAN/App/app_ble.c ****   UTIL_SEQ_SetTask(1 << CFG_TASK_HCI_ASYNCH_EVT_ID, CFG_SCH_PRIO_0);
 1661              		.loc 1 1487 1 is_stmt 0 view .LVU480
 1662 0000 08B5     		push	{r3, lr}
 1663              	.LCFI27:
 1664              		.cfi_def_cfa_offset 8
 1665              		.cfi_offset 3, -8
 1666              		.cfi_offset 14, -4
1488:STM32_WPAN/App/app_ble.c **** 
 1667              		.loc 1 1488 3 is_stmt 1 view .LVU481
 1668 0002 0021     		movs	r1, #0
 1669 0004 0220     		movs	r0, #2
 1670              	.LVL134:
1488:STM32_WPAN/App/app_ble.c **** 
 1671              		.loc 1 1488 3 is_stmt 0 view .LVU482
 1672 0006 FFF7FEFF 		bl	UTIL_SEQ_SetTask
 1673              	.LVL135:
1490:STM32_WPAN/App/app_ble.c **** }
 1674              		.loc 1 1490 3 is_stmt 1 view .LVU483
1491:STM32_WPAN/App/app_ble.c **** 
 1675              		.loc 1 1491 1 is_stmt 0 view .LVU484
 1676 000a 08BD     		pop	{r3, pc}
 1677              		.cfi_endproc
 1678              	.LFE1274:
 1680              		.section	.text.hci_cmd_resp_release,"ax",%progbits
 1681              		.align	1
 1682              		.global	hci_cmd_resp_release
 1683              		.syntax unified
 1684              		.thumb
 1685              		.thumb_func
 1687              	hci_cmd_resp_release:
 1688              	.LVL136:
 1689              	.LFB1275:
1494:STM32_WPAN/App/app_ble.c ****   UTIL_SEQ_SetEvt(1 << CFG_IDLEEVT_HCI_CMD_EVT_RSP_ID);
 1690              		.loc 1 1494 1 is_stmt 1 view -0
 1691              		.cfi_startproc
 1692              		@ args = 0, pretend = 0, frame = 0
 1693              		@ frame_needed = 0, uses_anonymous_args = 0
1494:STM32_WPAN/App/app_ble.c ****   UTIL_SEQ_SetEvt(1 << CFG_IDLEEVT_HCI_CMD_EVT_RSP_ID);
 1694              		.loc 1 1494 1 is_stmt 0 view .LVU486
ARM GAS  C:\Users\843E~1\AppData\Local\Temp\ccnpSKQK.s 			page 105


 1695 0000 08B5     		push	{r3, lr}
 1696              	.LCFI28:
 1697              		.cfi_def_cfa_offset 8
 1698              		.cfi_offset 3, -8
 1699              		.cfi_offset 14, -4
1495:STM32_WPAN/App/app_ble.c **** 
 1700              		.loc 1 1495 3 is_stmt 1 view .LVU487
 1701 0002 0120     		movs	r0, #1
 1702              	.LVL137:
1495:STM32_WPAN/App/app_ble.c **** 
 1703              		.loc 1 1495 3 is_stmt 0 view .LVU488
 1704 0004 FFF7FEFF 		bl	UTIL_SEQ_SetEvt
 1705              	.LVL138:
1497:STM32_WPAN/App/app_ble.c **** }
 1706              		.loc 1 1497 3 is_stmt 1 view .LVU489
1498:STM32_WPAN/App/app_ble.c **** 
 1707              		.loc 1 1498 1 is_stmt 0 view .LVU490
 1708 0008 08BD     		pop	{r3, pc}
 1709              		.cfi_endproc
 1710              	.LFE1275:
 1712              		.section	.text.hci_cmd_resp_wait,"ax",%progbits
 1713              		.align	1
 1714              		.global	hci_cmd_resp_wait
 1715              		.syntax unified
 1716              		.thumb
 1717              		.thumb_func
 1719              	hci_cmd_resp_wait:
 1720              	.LVL139:
 1721              	.LFB1276:
1501:STM32_WPAN/App/app_ble.c ****   UTIL_SEQ_WaitEvt(1 << CFG_IDLEEVT_HCI_CMD_EVT_RSP_ID);
 1722              		.loc 1 1501 1 is_stmt 1 view -0
 1723              		.cfi_startproc
 1724              		@ args = 0, pretend = 0, frame = 0
 1725              		@ frame_needed = 0, uses_anonymous_args = 0
1501:STM32_WPAN/App/app_ble.c ****   UTIL_SEQ_WaitEvt(1 << CFG_IDLEEVT_HCI_CMD_EVT_RSP_ID);
 1726              		.loc 1 1501 1 is_stmt 0 view .LVU492
 1727 0000 08B5     		push	{r3, lr}
 1728              	.LCFI29:
 1729              		.cfi_def_cfa_offset 8
 1730              		.cfi_offset 3, -8
 1731              		.cfi_offset 14, -4
1502:STM32_WPAN/App/app_ble.c **** 
 1732              		.loc 1 1502 3 is_stmt 1 view .LVU493
 1733 0002 0120     		movs	r0, #1
 1734              	.LVL140:
1502:STM32_WPAN/App/app_ble.c **** 
 1735              		.loc 1 1502 3 is_stmt 0 view .LVU494
 1736 0004 FFF7FEFF 		bl	UTIL_SEQ_WaitEvt
 1737              	.LVL141:
1504:STM32_WPAN/App/app_ble.c **** }
 1738              		.loc 1 1504 3 is_stmt 1 view .LVU495
1505:STM32_WPAN/App/app_ble.c **** 
 1739              		.loc 1 1505 1 is_stmt 0 view .LVU496
 1740 0008 08BD     		pop	{r3, pc}
 1741              		.cfi_endproc
 1742              	.LFE1276:
 1744              		.section	.text.SVCCTL_ResumeUserEventFlow,"ax",%progbits
ARM GAS  C:\Users\843E~1\AppData\Local\Temp\ccnpSKQK.s 			page 106


 1745              		.align	1
 1746              		.global	SVCCTL_ResumeUserEventFlow
 1747              		.syntax unified
 1748              		.thumb
 1749              		.thumb_func
 1751              	SVCCTL_ResumeUserEventFlow:
 1752              	.LFB1279:
1565:STM32_WPAN/App/app_ble.c **** 
1566:STM32_WPAN/App/app_ble.c **** void SVCCTL_ResumeUserEventFlow(void)
1567:STM32_WPAN/App/app_ble.c **** {
 1753              		.loc 1 1567 1 is_stmt 1 view -0
 1754              		.cfi_startproc
 1755              		@ args = 0, pretend = 0, frame = 0
 1756              		@ frame_needed = 0, uses_anonymous_args = 0
 1757 0000 08B5     		push	{r3, lr}
 1758              	.LCFI30:
 1759              		.cfi_def_cfa_offset 8
 1760              		.cfi_offset 3, -8
 1761              		.cfi_offset 14, -4
1568:STM32_WPAN/App/app_ble.c ****   hci_resume_flow();
 1762              		.loc 1 1568 3 view .LVU498
 1763 0002 FFF7FEFF 		bl	hci_resume_flow
 1764              	.LVL142:
1569:STM32_WPAN/App/app_ble.c **** 
1570:STM32_WPAN/App/app_ble.c ****   return;
 1765              		.loc 1 1570 3 view .LVU499
1571:STM32_WPAN/App/app_ble.c **** }
 1766              		.loc 1 1571 1 is_stmt 0 view .LVU500
 1767 0006 08BD     		pop	{r3, pc}
 1768              		.cfi_endproc
 1769              	.LFE1279:
 1771              		.global	a_ManufData
 1772              		.global	HandleNotification
 1773              		.global	MagicKeywordAddress
 1774              		.global	MagicKeywordValue
 1775              		.section	.rodata
 1776              		.align	2
 1777              		.set	.LANCHOR14,. + 0
 1778              	.LC0:
 1779 0000 00000000 		.word	0
 1780 0004 00000000 		.word	0
 1781 0008 00000000 		.word	0
 1782 000c 00000000 		.word	0
 1783 0010 00000000 		.word	0
 1784 0014 4400     		.short	68
 1785 0016 0800     		.short	8
 1786 0018 4005     		.short	1344
 1787 001a 02       		.byte	2
 1788 001b 01       		.byte	1
 1789 001c 12       		.byte	18
 1790 001d 29       		.byte	41
 1791 001e 9C00     		.short	156
 1792 0020 F401     		.short	500
 1793 0022 00       		.byte	0
 1794 0023 00       		.byte	0
 1795 0024 FFFFFFFF 		.word	-1
 1796 0028 4801     		.short	328
ARM GAS  C:\Users\843E~1\AppData\Local\Temp\ccnpSKQK.s 			page 107


 1797 002a 01       		.byte	1
 1798 002b 00       		.byte	0
 1799 002c 00       		.byte	0
 1800 002d 20       		.byte	32
 1801 002e 00       		.byte	0
 1802 002f 00       		.byte	0
 1803 0030 00       		.byte	0
 1804 0031 03       		.byte	3
 1805 0032 7206     		.short	1650
 1806 0034 0000     		.short	0
 1807 0036 0000     		.short	0
 1808 0038 0D       		.byte	13
 1809 0039 00       		.byte	0
 1810              		.section	.bss.AdvIntervalMax,"aw",%nobits
 1811              		.align	1
 1812              		.set	.LANCHOR9,. + 0
 1815              	AdvIntervalMax:
 1816 0000 0000     		.space	2
 1817              		.section	.bss.AdvIntervalMin,"aw",%nobits
 1818              		.align	1
 1819              		.set	.LANCHOR8,. + 0
 1822              	AdvIntervalMin:
 1823 0000 0000     		.space	2
 1824              		.section	.bss.BleApplicationContext,"aw",%nobits
 1825              		.align	2
 1826              		.set	.LANCHOR7,. + 0
 1829              	BleApplicationContext:
 1830 0000 00000000 		.space	132
 1830      00000000 
 1830      00000000 
 1830      00000000 
 1830      00000000 
 1831              		.section	.bss.HandleNotification,"aw",%nobits
 1832              		.align	2
 1833              		.set	.LANCHOR16,. + 0
 1836              	HandleNotification:
 1837 0000 00000000 		.space	4
 1838              		.section	.bss.a_BdAddrUdn,"aw",%nobits
 1839              		.align	2
 1840              		.set	.LANCHOR1,. + 0
 1843              	a_BdAddrUdn:
 1844 0000 00000000 		.space	6
 1844      0000
 1845              		.section	.bss.a_bd_addr,"aw",%nobits
 1846              		.align	2
 1847              		.set	.LANCHOR3,. + 0
 1850              	a_bd_addr:
 1851 0000 00000000 		.space	6
 1851      0000
 1852              		.section	.bss.s_adv_failed,"aw",%nobits
 1853              		.set	.LANCHOR12,. + 0
 1856              	s_adv_failed:
 1857 0000 00       		.space	1
 1858              		.section	.bss.s_adv_refresh_cnt,"aw",%nobits
 1859              		.set	.LANCHOR13,. + 0
 1862              	s_adv_refresh_cnt:
 1863 0000 00       		.space	1
ARM GAS  C:\Users\843E~1\AppData\Local\Temp\ccnpSKQK.s 			page 108


 1864              		.section	.bss.s_supervisor_timer_id,"aw",%nobits
 1865              		.set	.LANCHOR15,. + 0
 1868              	s_supervisor_timer_id:
 1869 0000 00       		.space	1
 1870              		.section	.data.a_LocalName,"aw"
 1871              		.align	2
 1872              		.set	.LANCHOR10,. + 0
 1875              	a_LocalName:
 1876 0000 09503250 		.ascii	"\011P2PSRV1\000"
 1876      53525631 
 1876      00
 1877              		.section	.data.a_LocalName_len,"aw"
 1878              		.set	.LANCHOR11,. + 0
 1881              	a_LocalName_len:
 1882 0000 08       		.byte	8
 1883              		.section	.data.a_ManufData,"aw"
 1884              		.align	2
 1885              		.set	.LANCHOR4,. + 0
 1888              	a_ManufData:
 1889 0000 0DFF0183 		.ascii	"\015\377\001\203\000\000\000\000\000\000\000\000\000"
 1889      00000000 
 1889      00000000 
 1889      00
 1890 000d 00       		.ascii	"\000"
 1891              		.section	.rodata.a_BLE_CfgErValue,"a"
 1892              		.align	2
 1893              		.set	.LANCHOR6,. + 0
 1896              	a_BLE_CfgErValue:
 1897 0000 FEDCBA09 		.ascii	"\376\334\272\011\207eC!\376\334\272\011\207eC!"
 1897      87654321 
 1897      FEDCBA09 
 1897      87654321 
 1898              		.section	.rodata.a_BLE_CfgIrValue,"a"
 1899              		.align	2
 1900              		.set	.LANCHOR5,. + 0
 1903              	a_BLE_CfgIrValue:
 1904 0000 12345678 		.ascii	"\0224Vx\232\274\336\360\0224Vx\232\274\336\360"
 1904      9ABCDEF0 
 1904      12345678 
 1904      9ABCDEF0 
 1905              		.section	.rodata.a_MBdAddr,"a"
 1906              		.align	2
 1907              		.set	.LANCHOR2,. + 0
 1910              	a_MBdAddr:
 1911 0000 EEDDCCBB 		.ascii	"\356\335\314\273\252\021"
 1911      AA11
 1912              		.section	MB_MEM1,"aw"
 1913              		.align	2
 1914              		.set	.LANCHOR0,. + 0
 1917              	BleCmdBuffer:
 1918 0000 00000000 		.space	267
 1918      00000000 
 1918      00000000 
 1918      00000000 
 1918      00000000 
 1919              		.section	TAG_OTA_END,"a"
 1920              		.align	2
ARM GAS  C:\Users\843E~1\AppData\Local\Temp\ccnpSKQK.s 			page 109


 1923              	MagicKeywordValue:
 1924 0000 298A4494 		.word	-1807447511
 1925              		.section	TAG_OTA_START,"a"
 1926              		.align	2
 1929              	MagicKeywordAddress:
 1930 0000 00000000 		.word	MagicKeywordValue
 1931              		.text
 1932              	.Letext0:
 1933              		.file 3 "g:\\arm\\10 2021.10\\arm-none-eabi\\include\\machine\\_default_types.h"
 1934              		.file 4 "g:\\arm\\10 2021.10\\arm-none-eabi\\include\\sys\\_stdint.h"
 1935              		.file 5 "Drivers/CMSIS/Device/ST/STM32WBxx/Include/stm32wb55xx.h"
 1936              		.file 6 "Drivers/STM32WBxx_HAL_Driver/Inc/stm32wbxx_hal_gpio.h"
 1937              		.file 7 "Core/Inc/hw_if.h"
 1938              		.file 8 "Core/Inc/app_conf.h"
 1939              		.file 9 "Middlewares/ST/STM32_WPAN/ble/core/auto/ble_types.h"
 1940              		.file 10 "Middlewares/ST/STM32_WPAN/interface/patterns/ble_thread/tl/tl.h"
 1941              		.file 11 "Middlewares/ST/STM32_WPAN/ble/svc/Inc/svc_ctl.h"
 1942              		.file 12 "Middlewares/ST/STM32_WPAN/interface/patterns/ble_thread/tl/hci_tl.h"
 1943              		.file 13 "STM32_WPAN/App/app_ble.h"
 1944              		.file 14 "Middlewares/ST/STM32_WPAN/interface/patterns/ble_thread/shci/shci.h"
 1945              		.file 15 "Utilities/lpm/tiny_lpm/stm32_lpm.h"
 1946              		.file 16 "Middlewares/ST/STM32_WPAN/utilities/otp.h"
 1947              		.file 17 "STM32_WPAN/App/p2p_server_app.h"
 1948              		.file 18 "Utilities/sequencer/stm32_seq.h"
 1949              		.file 19 "Middlewares/ST/STM32_WPAN/ble/core/auto/ble_gap_aci.h"
 1950              		.file 20 "g:\\arm\\10 2021.10\\arm-none-eabi\\include\\stdio.h"
 1951              		.file 21 "Middlewares/ST/STM32_WPAN/ble/core/auto/ble_gatt_aci.h"
 1952              		.file 22 "Middlewares/ST/STM32_WPAN/ble/core/auto/ble_hci_le.h"
 1953              		.file 23 "Middlewares/ST/STM32_WPAN/ble/core/auto/ble_hal_aci.h"
 1954              		.file 24 "Core/Inc/sensor_task.h"
 1955              		.file 25 "Core/Inc/main.h"
 1956              		.file 26 "<built-in>"
ARM GAS  C:\Users\843E~1\AppData\Local\Temp\ccnpSKQK.s 			page 110


DEFINED SYMBOLS
                            *ABS*:00000000 app_ble.c
C:\Users\843E~1\AppData\Local\Temp\ccnpSKQK.s:20     .text.Ble_Supervisor_Req:00000000 $t
C:\Users\843E~1\AppData\Local\Temp\ccnpSKQK.s:25     .text.Ble_Supervisor_Req:00000000 Ble_Supervisor_Req
C:\Users\843E~1\AppData\Local\Temp\ccnpSKQK.s:48     .text.Adv_Cancel_Req:00000000 $t
C:\Users\843E~1\AppData\Local\Temp\ccnpSKQK.s:53     .text.Adv_Cancel_Req:00000000 Adv_Cancel_Req
C:\Users\843E~1\AppData\Local\Temp\ccnpSKQK.s:76     .text.Switch_OFF_GPIO:00000000 $t
C:\Users\843E~1\AppData\Local\Temp\ccnpSKQK.s:81     .text.Switch_OFF_GPIO:00000000 Switch_OFF_GPIO
C:\Users\843E~1\AppData\Local\Temp\ccnpSKQK.s:104    .text.Ble_Tl_Init:00000000 $t
C:\Users\843E~1\AppData\Local\Temp\ccnpSKQK.s:109    .text.Ble_Tl_Init:00000000 Ble_Tl_Init
C:\Users\843E~1\AppData\Local\Temp\ccnpSKQK.s:146    .text.Ble_Tl_Init:0000001c $d
C:\Users\843E~1\AppData\Local\Temp\ccnpSKQK.s:211    .text.BLE_StatusNot:00000000 BLE_StatusNot
C:\Users\843E~1\AppData\Local\Temp\ccnpSKQK.s:158    .text.BLE_UserEvtRx:00000000 BLE_UserEvtRx
C:\Users\843E~1\AppData\Local\Temp\ccnpSKQK.s:153    .text.BLE_UserEvtRx:00000000 $t
C:\Users\843E~1\AppData\Local\Temp\ccnpSKQK.s:206    .text.BLE_StatusNot:00000000 $t
C:\Users\843E~1\AppData\Local\Temp\ccnpSKQK.s:260    .text.BleGetBdAddress:00000000 $t
C:\Users\843E~1\AppData\Local\Temp\ccnpSKQK.s:265    .text.BleGetBdAddress:00000000 BleGetBdAddress
C:\Users\843E~1\AppData\Local\Temp\ccnpSKQK.s:367    .text.BleGetBdAddress:00000040 $d
C:\Users\843E~1\AppData\Local\Temp\ccnpSKQK.s:374    .rodata.Ble_Hci_Gap_Gatt_Init.str1.4:00000000 $d
C:\Users\843E~1\AppData\Local\Temp\ccnpSKQK.s:378    .text.Ble_Hci_Gap_Gatt_Init:00000000 $t
C:\Users\843E~1\AppData\Local\Temp\ccnpSKQK.s:383    .text.Ble_Hci_Gap_Gatt_Init:00000000 Ble_Hci_Gap_Gatt_Init
C:\Users\843E~1\AppData\Local\Temp\ccnpSKQK.s:639    .text.Ble_Hci_Gap_Gatt_Init:00000100 $d
C:\Users\843E~1\AppData\Local\Temp\ccnpSKQK.s:650    .text.Adv_Request:00000000 $t
C:\Users\843E~1\AppData\Local\Temp\ccnpSKQK.s:655    .text.Adv_Request:00000000 Adv_Request
C:\Users\843E~1\AppData\Local\Temp\ccnpSKQK.s:821    .text.Adv_Request:000000a0 $d
C:\Users\843E~1\AppData\Local\Temp\ccnpSKQK.s:834    .text.Ble_Supervisor:00000000 $t
C:\Users\843E~1\AppData\Local\Temp\ccnpSKQK.s:839    .text.Ble_Supervisor:00000000 Ble_Supervisor
C:\Users\843E~1\AppData\Local\Temp\ccnpSKQK.s:927    .text.Ble_Supervisor:0000005c $d
C:\Users\843E~1\AppData\Local\Temp\ccnpSKQK.s:935    .text.Adv_Cancel:00000000 $t
C:\Users\843E~1\AppData\Local\Temp\ccnpSKQK.s:940    .text.Adv_Cancel:00000000 Adv_Cancel
C:\Users\843E~1\AppData\Local\Temp\ccnpSKQK.s:971    .text.Adv_Cancel:00000018 $d
C:\Users\843E~1\AppData\Local\Temp\ccnpSKQK.s:976    .text.APP_BLE_Init:00000000 $t
C:\Users\843E~1\AppData\Local\Temp\ccnpSKQK.s:982    .text.APP_BLE_Init:00000000 APP_BLE_Init
C:\Users\843E~1\AppData\Local\Temp\ccnpSKQK.s:1247   .text.APP_BLE_Init:0000013c $d
C:\Users\843E~1\AppData\Local\Temp\ccnpSKQK.s:1269   .text.SVCCTL_App_Notification:00000000 $t
C:\Users\843E~1\AppData\Local\Temp\ccnpSKQK.s:1275   .text.SVCCTL_App_Notification:00000000 SVCCTL_App_Notification
C:\Users\843E~1\AppData\Local\Temp\ccnpSKQK.s:1530   .text.SVCCTL_App_Notification:000000fc $d
C:\Users\843E~1\AppData\Local\Temp\ccnpSKQK.s:1536   .text.APP_BLE_Get_Server_Connection_Status:00000000 $t
C:\Users\843E~1\AppData\Local\Temp\ccnpSKQK.s:1542   .text.APP_BLE_Get_Server_Connection_Status:00000000 APP_BLE_Get_Server_Connection_Status
C:\Users\843E~1\AppData\Local\Temp\ccnpSKQK.s:1557   .text.APP_BLE_Get_Server_Connection_Status:00000008 $d
C:\Users\843E~1\AppData\Local\Temp\ccnpSKQK.s:1563   .text.APP_BLE_Led_Blink:00000000 $t
C:\Users\843E~1\AppData\Local\Temp\ccnpSKQK.s:1569   .text.APP_BLE_Led_Blink:00000000 APP_BLE_Led_Blink
C:\Users\843E~1\AppData\Local\Temp\ccnpSKQK.s:1643   .text.APP_BLE_Led_Blink:00000068 $d
C:\Users\843E~1\AppData\Local\Temp\ccnpSKQK.s:1648   .text.hci_notify_asynch_evt:00000000 $t
C:\Users\843E~1\AppData\Local\Temp\ccnpSKQK.s:1654   .text.hci_notify_asynch_evt:00000000 hci_notify_asynch_evt
C:\Users\843E~1\AppData\Local\Temp\ccnpSKQK.s:1681   .text.hci_cmd_resp_release:00000000 $t
C:\Users\843E~1\AppData\Local\Temp\ccnpSKQK.s:1687   .text.hci_cmd_resp_release:00000000 hci_cmd_resp_release
C:\Users\843E~1\AppData\Local\Temp\ccnpSKQK.s:1713   .text.hci_cmd_resp_wait:00000000 $t
C:\Users\843E~1\AppData\Local\Temp\ccnpSKQK.s:1719   .text.hci_cmd_resp_wait:00000000 hci_cmd_resp_wait
C:\Users\843E~1\AppData\Local\Temp\ccnpSKQK.s:1745   .text.SVCCTL_ResumeUserEventFlow:00000000 $t
C:\Users\843E~1\AppData\Local\Temp\ccnpSKQK.s:1751   .text.SVCCTL_ResumeUserEventFlow:00000000 SVCCTL_ResumeUserEventFlow
C:\Users\843E~1\AppData\Local\Temp\ccnpSKQK.s:1888   .data.a_ManufData:00000000 a_ManufData
C:\Users\843E~1\AppData\Local\Temp\ccnpSKQK.s:1836   .bss.HandleNotification:00000000 HandleNotification
C:\Users\843E~1\AppData\Local\Temp\ccnpSKQK.s:1929   TAG_OTA_START:00000000 MagicKeywordAddress
C:\Users\843E~1\AppData\Local\Temp\ccnpSKQK.s:1923   TAG_OTA_END:00000000 MagicKeywordValue
C:\Users\843E~1\AppData\Local\Temp\ccnpSKQK.s:1776   .rodata:00000000 $d
C:\Users\843E~1\AppData\Local\Temp\ccnpSKQK.s:1811   .bss.AdvIntervalMax:00000000 $d
ARM GAS  C:\Users\843E~1\AppData\Local\Temp\ccnpSKQK.s 			page 111


C:\Users\843E~1\AppData\Local\Temp\ccnpSKQK.s:1815   .bss.AdvIntervalMax:00000000 AdvIntervalMax
C:\Users\843E~1\AppData\Local\Temp\ccnpSKQK.s:1818   .bss.AdvIntervalMin:00000000 $d
C:\Users\843E~1\AppData\Local\Temp\ccnpSKQK.s:1822   .bss.AdvIntervalMin:00000000 AdvIntervalMin
C:\Users\843E~1\AppData\Local\Temp\ccnpSKQK.s:1825   .bss.BleApplicationContext:00000000 $d
C:\Users\843E~1\AppData\Local\Temp\ccnpSKQK.s:1829   .bss.BleApplicationContext:00000000 BleApplicationContext
C:\Users\843E~1\AppData\Local\Temp\ccnpSKQK.s:1832   .bss.HandleNotification:00000000 $d
C:\Users\843E~1\AppData\Local\Temp\ccnpSKQK.s:1839   .bss.a_BdAddrUdn:00000000 $d
C:\Users\843E~1\AppData\Local\Temp\ccnpSKQK.s:1843   .bss.a_BdAddrUdn:00000000 a_BdAddrUdn
C:\Users\843E~1\AppData\Local\Temp\ccnpSKQK.s:1846   .bss.a_bd_addr:00000000 $d
C:\Users\843E~1\AppData\Local\Temp\ccnpSKQK.s:1850   .bss.a_bd_addr:00000000 a_bd_addr
C:\Users\843E~1\AppData\Local\Temp\ccnpSKQK.s:1856   .bss.s_adv_failed:00000000 s_adv_failed
C:\Users\843E~1\AppData\Local\Temp\ccnpSKQK.s:1857   .bss.s_adv_failed:00000000 $d
C:\Users\843E~1\AppData\Local\Temp\ccnpSKQK.s:1862   .bss.s_adv_refresh_cnt:00000000 s_adv_refresh_cnt
C:\Users\843E~1\AppData\Local\Temp\ccnpSKQK.s:1863   .bss.s_adv_refresh_cnt:00000000 $d
C:\Users\843E~1\AppData\Local\Temp\ccnpSKQK.s:1868   .bss.s_supervisor_timer_id:00000000 s_supervisor_timer_id
C:\Users\843E~1\AppData\Local\Temp\ccnpSKQK.s:1869   .bss.s_supervisor_timer_id:00000000 $d
C:\Users\843E~1\AppData\Local\Temp\ccnpSKQK.s:1871   .data.a_LocalName:00000000 $d
C:\Users\843E~1\AppData\Local\Temp\ccnpSKQK.s:1875   .data.a_LocalName:00000000 a_LocalName
C:\Users\843E~1\AppData\Local\Temp\ccnpSKQK.s:1881   .data.a_LocalName_len:00000000 a_LocalName_len
C:\Users\843E~1\AppData\Local\Temp\ccnpSKQK.s:1884   .data.a_ManufData:00000000 $d
C:\Users\843E~1\AppData\Local\Temp\ccnpSKQK.s:1892   .rodata.a_BLE_CfgErValue:00000000 $d
C:\Users\843E~1\AppData\Local\Temp\ccnpSKQK.s:1896   .rodata.a_BLE_CfgErValue:00000000 a_BLE_CfgErValue
C:\Users\843E~1\AppData\Local\Temp\ccnpSKQK.s:1899   .rodata.a_BLE_CfgIrValue:00000000 $d
C:\Users\843E~1\AppData\Local\Temp\ccnpSKQK.s:1903   .rodata.a_BLE_CfgIrValue:00000000 a_BLE_CfgIrValue
C:\Users\843E~1\AppData\Local\Temp\ccnpSKQK.s:1906   .rodata.a_MBdAddr:00000000 $d
C:\Users\843E~1\AppData\Local\Temp\ccnpSKQK.s:1910   .rodata.a_MBdAddr:00000000 a_MBdAddr
C:\Users\843E~1\AppData\Local\Temp\ccnpSKQK.s:1913   MB_MEM1:00000000 $d
C:\Users\843E~1\AppData\Local\Temp\ccnpSKQK.s:1917   MB_MEM1:00000000 BleCmdBuffer
C:\Users\843E~1\AppData\Local\Temp\ccnpSKQK.s:1920   TAG_OTA_END:00000000 $d
C:\Users\843E~1\AppData\Local\Temp\ccnpSKQK.s:1926   TAG_OTA_START:00000000 $d

UNDEFINED SYMBOLS
UTIL_SEQ_SetTask
HAL_GPIO_WritePin
hci_init
SVCCTL_UserEvtRx
UTIL_SEQ_PauseTask
UTIL_SEQ_ResumeTask
OTP_Read
hci_reset
aci_hal_write_config_data
aci_hal_set_tx_power_level
aci_gatt_init
snprintf
aci_gap_init
aci_gatt_update_char_value
hci_le_set_default_phy
aci_gap_set_io_capability
aci_gap_set_authentication_requirement
aci_gap_configure_filter_accept_list
HW_TS_Stop
aci_gap_set_discoverable
aci_gap_update_adv_data
aci_gap_set_non_discoverable
HW_TS_Start
UTIL_LPM_SetOffMode
UTIL_SEQ_RegTask
ARM GAS  C:\Users\843E~1\AppData\Local\Temp\ccnpSKQK.s 			page 112


SHCI_C2_BLE_Init
SVCCTL_Init
aci_hal_set_radio_activity_mask
P2PS_APP_Init
SensorTask_Init
memcpy
HW_TS_Create
Error_Handler
hci_user_evt_proc
P2PS_APP_Notification
hci_le_read_phy
aci_gatt_exchange_config
hci_le_set_data_length
aci_gatt_confirm_indication
aci_gap_allow_rebond
__aeabi_uldivmod
UTIL_SEQ_SetEvt
UTIL_SEQ_WaitEvt
hci_resume_flow
