ARM GAS  C:\Users\843E~1\AppData\Local\Temp\cchdyFZo.s 			page 1


   1              		.cpu cortex-m4
   2              		.arch armv7e-m
   3              		.fpu fpv4-sp-d16
   4              		.eabi_attribute 27, 1
   5              		.eabi_attribute 28, 1
   6              		.eabi_attribute 20, 1
   7              		.eabi_attribute 21, 1
   8              		.eabi_attribute 23, 3
   9              		.eabi_attribute 24, 1
  10              		.eabi_attribute 25, 1
  11              		.eabi_attribute 26, 1
  12              		.eabi_attribute 30, 1
  13              		.eabi_attribute 34, 1
  14              		.eabi_attribute 18, 4
  15              		.file	"main.c"
  16              		.text
  17              	.Ltext0:
  18              		.cfi_sections	.debug_frame
  19              		.section	.text.Dbg_Print,"ax",%progbits
  20              		.align	1
  21              		.global	Dbg_Print
  22              		.syntax unified
  23              		.thumb
  24              		.thumb_func
  26              	Dbg_Print:
  27              	.LVL0:
  28              	.LFB1264:
  29              		.file 1 "Core/Src/main.c"
   1:Core/Src/main.c **** /* USER CODE BEGIN Header */
   2:Core/Src/main.c **** /**
   3:Core/Src/main.c ****   ******************************************************************************
   4:Core/Src/main.c ****   * @file           : main.c
   5:Core/Src/main.c ****   * @brief          : Main program body
   6:Core/Src/main.c ****   ******************************************************************************
   7:Core/Src/main.c ****   */
   8:Core/Src/main.c **** /* USER CODE END Header */
   9:Core/Src/main.c **** 
  10:Core/Src/main.c **** /* Includes ------------------------------------------------------------------*/
  11:Core/Src/main.c **** #include "main.h"
  12:Core/Src/main.c **** #include "i2c.h"
  13:Core/Src/main.c **** #include "ipcc.h"
  14:Core/Src/main.c **** #include "rf.h"
  15:Core/Src/main.c **** #include "rtc.h"
  16:Core/Src/main.c **** #include "gpio.h"
  17:Core/Src/main.c **** 
  18:Core/Src/main.c **** /* Private includes ----------------------------------------------------------*/
  19:Core/Src/main.c **** /* USER CODE BEGIN Includes */
  20:Core/Src/main.c **** /* USER CODE END Includes */
  21:Core/Src/main.c **** 
  22:Core/Src/main.c **** /* Private typedef -----------------------------------------------------------*/
  23:Core/Src/main.c **** /* USER CODE BEGIN PTD */
  24:Core/Src/main.c **** /* USER CODE END PTD */
  25:Core/Src/main.c **** 
  26:Core/Src/main.c **** /* Private define ------------------------------------------------------------*/
  27:Core/Src/main.c **** /* USER CODE BEGIN PD */
  28:Core/Src/main.c **** /* PA10: debug LED, controlled by BLE transmission indication. */
  29:Core/Src/main.c **** /* PA4: active-low power switch for SHT41. */
ARM GAS  C:\Users\843E~1\AppData\Local\Temp\cchdyFZo.s 			page 2


  30:Core/Src/main.c **** /* USER CODE END PD */
  31:Core/Src/main.c **** 
  32:Core/Src/main.c **** /* Private macro -------------------------------------------------------------*/
  33:Core/Src/main.c **** /* USER CODE BEGIN PM */
  34:Core/Src/main.c **** /* USER CODE END PM */
  35:Core/Src/main.c **** 
  36:Core/Src/main.c **** /* Private variables ---------------------------------------------------------*/
  37:Core/Src/main.c **** /* USER CODE BEGIN PV */
  38:Core/Src/main.c **** /* USER CODE END PV */
  39:Core/Src/main.c **** 
  40:Core/Src/main.c **** /* Private function prototypes -----------------------------------------------*/
  41:Core/Src/main.c **** void SystemClock_Config(void);
  42:Core/Src/main.c **** void PeriphCommonClock_Config(void);
  43:Core/Src/main.c **** /* USER CODE BEGIN PFP */
  44:Core/Src/main.c **** /* USER CODE END PFP */
  45:Core/Src/main.c **** 
  46:Core/Src/main.c **** /* Private user code ---------------------------------------------------------*/
  47:Core/Src/main.c **** /* USER CODE BEGIN 0 */
  48:Core/Src/main.c **** /* Sensor power control is implemented in sensor_task.c. */
  49:Core/Src/main.c **** /* USER CODE END 0 */
  50:Core/Src/main.c **** 
  51:Core/Src/main.c **** /**
  52:Core/Src/main.c ****   * @brief  The application entry point.
  53:Core/Src/main.c ****   * @retval int
  54:Core/Src/main.c ****   */
  55:Core/Src/main.c **** int main(void)
  56:Core/Src/main.c **** {
  57:Core/Src/main.c ****   HAL_Init();
  58:Core/Src/main.c ****   MX_APPE_Config();
  59:Core/Src/main.c **** 
  60:Core/Src/main.c ****   SystemClock_Config();
  61:Core/Src/main.c ****   PeriphCommonClock_Config();
  62:Core/Src/main.c **** 
  63:Core/Src/main.c ****   MX_IPCC_Init();
  64:Core/Src/main.c ****   MX_GPIO_Init();
  65:Core/Src/main.c ****   MX_RTC_Init();
  66:Core/Src/main.c ****   MX_I2C1_Init();
  67:Core/Src/main.c ****   MX_RF_Init();
  68:Core/Src/main.c **** 
  69:Core/Src/main.c ****   /*
  70:Core/Src/main.c ****    * PA10: debug LED.
  71:Core/Src/main.c ****    * PA4: active-low SHT41 power switch.
  72:Core/Src/main.c ****    */
  73:Core/Src/main.c ****   HAL_GPIO_WritePin(GPIOA, GPIO_PIN_10, DEBUG_LED_OFF_LEVEL);
  74:Core/Src/main.c ****   /* PA4 drives the P-channel MOSFET gate: HIGH = sensor power OFF. */
  75:Core/Src/main.c ****   HAL_GPIO_WritePin(GPIOA, GPIO_PIN_4, GPIO_PIN_SET);
  76:Core/Src/main.c **** 
  77:Core/Src/main.c ****   /*
  78:Core/Src/main.c ****    * BLE and SensorTask are started by the STM32WB application layer.
  79:Core/Src/main.c ****    * SensorTask waits for the wireless firmware READY event.
  80:Core/Src/main.c ****    */
  81:Core/Src/main.c ****   MX_APPE_Init();
  82:Core/Src/main.c **** 
  83:Core/Src/main.c ****   while (1)
  84:Core/Src/main.c ****   {
  85:Core/Src/main.c ****     MX_APPE_Process();
  86:Core/Src/main.c ****   }
ARM GAS  C:\Users\843E~1\AppData\Local\Temp\cchdyFZo.s 			page 3


  87:Core/Src/main.c **** }
  88:Core/Src/main.c **** 
  89:Core/Src/main.c **** 
  90:Core/Src/main.c **** /**
  91:Core/Src/main.c ****   * @brief System Clock Configuration
  92:Core/Src/main.c ****   * @retval None
  93:Core/Src/main.c ****   */
  94:Core/Src/main.c **** void SystemClock_Config(void)
  95:Core/Src/main.c **** {
  96:Core/Src/main.c ****   RCC_OscInitTypeDef RCC_OscInitStruct = {0};
  97:Core/Src/main.c ****   RCC_ClkInitTypeDef RCC_ClkInitStruct = {0};
  98:Core/Src/main.c **** 
  99:Core/Src/main.c ****   HAL_PWR_EnableBkUpAccess();
 100:Core/Src/main.c ****   __HAL_RCC_LSEDRIVE_CONFIG(RCC_LSEDRIVE_MEDIUMHIGH);
 101:Core/Src/main.c **** 
 102:Core/Src/main.c ****   __HAL_PWR_VOLTAGESCALING_CONFIG(PWR_REGULATOR_VOLTAGE_SCALE1);
 103:Core/Src/main.c **** 
 104:Core/Src/main.c ****   RCC_OscInitStruct.OscillatorType = RCC_OSCILLATORTYPE_HSI|RCC_OSCILLATORTYPE_HSE
 105:Core/Src/main.c ****                               |RCC_OSCILLATORTYPE_LSE;
 106:Core/Src/main.c ****   RCC_OscInitStruct.HSEState = RCC_HSE_ON;
 107:Core/Src/main.c ****   RCC_OscInitStruct.LSEState = RCC_LSE_ON;
 108:Core/Src/main.c ****   RCC_OscInitStruct.HSIState = RCC_HSI_ON;
 109:Core/Src/main.c ****   RCC_OscInitStruct.HSICalibrationValue = RCC_HSICALIBRATION_DEFAULT;
 110:Core/Src/main.c ****   RCC_OscInitStruct.PLL.PLLState = RCC_PLL_ON;
 111:Core/Src/main.c ****   RCC_OscInitStruct.PLL.PLLSource = RCC_PLLSOURCE_HSE;
 112:Core/Src/main.c ****   RCC_OscInitStruct.PLL.PLLM = RCC_PLLM_DIV2;
 113:Core/Src/main.c ****   RCC_OscInitStruct.PLL.PLLN = 8;
 114:Core/Src/main.c ****   RCC_OscInitStruct.PLL.PLLP = RCC_PLLP_DIV2;
 115:Core/Src/main.c ****   RCC_OscInitStruct.PLL.PLLR = RCC_PLLR_DIV2;
 116:Core/Src/main.c ****   RCC_OscInitStruct.PLL.PLLQ = RCC_PLLQ_DIV2;
 117:Core/Src/main.c ****   if (HAL_RCC_OscConfig(&RCC_OscInitStruct) != HAL_OK)
 118:Core/Src/main.c ****   {
 119:Core/Src/main.c ****     Error_Handler();
 120:Core/Src/main.c ****   }
 121:Core/Src/main.c **** 
 122:Core/Src/main.c ****   RCC_ClkInitStruct.ClockType = RCC_CLOCKTYPE_HCLK4|RCC_CLOCKTYPE_HCLK2
 123:Core/Src/main.c ****                               |RCC_CLOCKTYPE_HCLK|RCC_CLOCKTYPE_SYSCLK
 124:Core/Src/main.c ****                               |RCC_CLOCKTYPE_PCLK1|RCC_CLOCKTYPE_PCLK2;
 125:Core/Src/main.c ****   RCC_ClkInitStruct.SYSCLKSource = RCC_SYSCLKSOURCE_PLLCLK;
 126:Core/Src/main.c ****   RCC_ClkInitStruct.AHBCLKDivider = RCC_SYSCLK_DIV1;
 127:Core/Src/main.c ****   RCC_ClkInitStruct.APB1CLKDivider = RCC_HCLK_DIV1;
 128:Core/Src/main.c ****   RCC_ClkInitStruct.APB2CLKDivider = RCC_HCLK_DIV1;
 129:Core/Src/main.c ****   RCC_ClkInitStruct.AHBCLK2Divider = RCC_SYSCLK_DIV2;
 130:Core/Src/main.c ****   RCC_ClkInitStruct.AHBCLK4Divider = RCC_SYSCLK_DIV1;
 131:Core/Src/main.c **** 
 132:Core/Src/main.c ****   if (HAL_RCC_ClockConfig(&RCC_ClkInitStruct, FLASH_LATENCY_3) != HAL_OK)
 133:Core/Src/main.c ****   {
 134:Core/Src/main.c ****     Error_Handler();
 135:Core/Src/main.c ****   }
 136:Core/Src/main.c **** }
 137:Core/Src/main.c **** 
 138:Core/Src/main.c **** /**
 139:Core/Src/main.c ****   * @brief Peripherals Common Clock Configuration
 140:Core/Src/main.c ****   * @retval None
 141:Core/Src/main.c ****   */
 142:Core/Src/main.c **** void PeriphCommonClock_Config(void)
 143:Core/Src/main.c **** {
ARM GAS  C:\Users\843E~1\AppData\Local\Temp\cchdyFZo.s 			page 4


 144:Core/Src/main.c ****   RCC_PeriphCLKInitTypeDef PeriphClkInitStruct = {0};
 145:Core/Src/main.c **** 
 146:Core/Src/main.c ****   PeriphClkInitStruct.PeriphClockSelection = RCC_PERIPHCLK_SMPS|RCC_PERIPHCLK_RFWAKEUP;
 147:Core/Src/main.c ****   PeriphClkInitStruct.RFWakeUpClockSelection = RCC_RFWKPCLKSOURCE_LSE;
 148:Core/Src/main.c ****   PeriphClkInitStruct.SmpsClockSelection = RCC_SMPSCLKSOURCE_HSE;
 149:Core/Src/main.c ****   PeriphClkInitStruct.SmpsDivSelection = RCC_SMPSCLKDIV_RANGE1;
 150:Core/Src/main.c **** 
 151:Core/Src/main.c ****   if (HAL_RCCEx_PeriphCLKConfig(&PeriphClkInitStruct) != HAL_OK)
 152:Core/Src/main.c ****   {
 153:Core/Src/main.c ****     Error_Handler();
 154:Core/Src/main.c ****   }
 155:Core/Src/main.c **** }
 156:Core/Src/main.c **** 
 157:Core/Src/main.c **** /* USER CODE BEGIN 4 */
 158:Core/Src/main.c **** void Dbg_Print(const char *fmt, ...)
 159:Core/Src/main.c **** {
  30              		.loc 1 159 1 view -0
  31              		.cfi_startproc
  32              		@ args = 4, pretend = 16, frame = 0
  33              		@ frame_needed = 0, uses_anonymous_args = 1
  34              		@ link register save eliminated.
  35              		.loc 1 159 1 is_stmt 0 view .LVU1
  36 0000 0FB4     		push	{r0, r1, r2, r3}
  37              	.LCFI0:
  38              		.cfi_def_cfa_offset 16
  39              		.cfi_offset 0, -16
  40              		.cfi_offset 1, -12
  41              		.cfi_offset 2, -8
  42              		.cfi_offset 3, -4
 160:Core/Src/main.c ****   (void)fmt;
  43              		.loc 1 160 3 is_stmt 1 view .LVU2
 161:Core/Src/main.c **** }
  44              		.loc 1 161 1 is_stmt 0 view .LVU3
  45 0002 04B0     		add	sp, sp, #16
  46              	.LCFI1:
  47              		.cfi_restore 3
  48              		.cfi_restore 2
  49              		.cfi_restore 1
  50              		.cfi_restore 0
  51              		.cfi_def_cfa_offset 0
  52 0004 7047     		bx	lr
  53              		.cfi_endproc
  54              	.LFE1264:
  56              		.section	.text.Error_Handler,"ax",%progbits
  57              		.align	1
  58              		.global	Error_Handler
  59              		.syntax unified
  60              		.thumb
  61              		.thumb_func
  63              	Error_Handler:
  64              	.LFB1265:
 162:Core/Src/main.c **** 
 163:Core/Src/main.c **** /* USER CODE END 4 */
 164:Core/Src/main.c **** 
 165:Core/Src/main.c **** /**
 166:Core/Src/main.c ****   * @brief  This function is executed in case of error occurrence.
 167:Core/Src/main.c ****   * @retval None
ARM GAS  C:\Users\843E~1\AppData\Local\Temp\cchdyFZo.s 			page 5


 168:Core/Src/main.c ****   */
 169:Core/Src/main.c **** void Error_Handler(void)
 170:Core/Src/main.c **** {
  65              		.loc 1 170 1 is_stmt 1 view -0
  66              		.cfi_startproc
  67              		@ Volatile: function does not return.
  68              		@ args = 0, pretend = 0, frame = 0
  69              		@ frame_needed = 0, uses_anonymous_args = 0
  70              		@ link register save eliminated.
 171:Core/Src/main.c ****     /* USER CODE BEGIN Error_Handler_Debug */
 172:Core/Src/main.c ****   /* User can add his own implementation to report the HAL error return state */
 173:Core/Src/main.c ****   __disable_irq();
  71              		.loc 1 173 3 view .LVU5
  72              	.LBB7:
  73              	.LBI7:
  74              		.file 2 "Drivers/CMSIS/Include/cmsis_gcc.h"
   1:Drivers/CMSIS/Include/cmsis_gcc.h **** /**************************************************************************//**
   2:Drivers/CMSIS/Include/cmsis_gcc.h ****  * @file     cmsis_gcc.h
   3:Drivers/CMSIS/Include/cmsis_gcc.h ****  * @brief    CMSIS compiler GCC header file
   4:Drivers/CMSIS/Include/cmsis_gcc.h ****  * @version  V5.2.0
   5:Drivers/CMSIS/Include/cmsis_gcc.h ****  * @date     08. May 2019
   6:Drivers/CMSIS/Include/cmsis_gcc.h ****  ******************************************************************************/
   7:Drivers/CMSIS/Include/cmsis_gcc.h **** /*
   8:Drivers/CMSIS/Include/cmsis_gcc.h ****  * Copyright (c) 2009-2019 Arm Limited. All rights reserved.
   9:Drivers/CMSIS/Include/cmsis_gcc.h ****  *
  10:Drivers/CMSIS/Include/cmsis_gcc.h ****  * SPDX-License-Identifier: Apache-2.0
  11:Drivers/CMSIS/Include/cmsis_gcc.h ****  *
  12:Drivers/CMSIS/Include/cmsis_gcc.h ****  * Licensed under the Apache License, Version 2.0 (the License); you may
  13:Drivers/CMSIS/Include/cmsis_gcc.h ****  * not use this file except in compliance with the License.
  14:Drivers/CMSIS/Include/cmsis_gcc.h ****  * You may obtain a copy of the License at
  15:Drivers/CMSIS/Include/cmsis_gcc.h ****  *
  16:Drivers/CMSIS/Include/cmsis_gcc.h ****  * www.apache.org/licenses/LICENSE-2.0
  17:Drivers/CMSIS/Include/cmsis_gcc.h ****  *
  18:Drivers/CMSIS/Include/cmsis_gcc.h ****  * Unless required by applicable law or agreed to in writing, software
  19:Drivers/CMSIS/Include/cmsis_gcc.h ****  * distributed under the License is distributed on an AS IS BASIS, WITHOUT
  20:Drivers/CMSIS/Include/cmsis_gcc.h ****  * WARRANTIES OR CONDITIONS OF ANY KIND, either express or implied.
  21:Drivers/CMSIS/Include/cmsis_gcc.h ****  * See the License for the specific language governing permissions and
  22:Drivers/CMSIS/Include/cmsis_gcc.h ****  * limitations under the License.
  23:Drivers/CMSIS/Include/cmsis_gcc.h ****  */
  24:Drivers/CMSIS/Include/cmsis_gcc.h **** 
  25:Drivers/CMSIS/Include/cmsis_gcc.h **** #ifndef __CMSIS_GCC_H
  26:Drivers/CMSIS/Include/cmsis_gcc.h **** #define __CMSIS_GCC_H
  27:Drivers/CMSIS/Include/cmsis_gcc.h **** 
  28:Drivers/CMSIS/Include/cmsis_gcc.h **** /* ignore some GCC warnings */
  29:Drivers/CMSIS/Include/cmsis_gcc.h **** #pragma GCC diagnostic push
  30:Drivers/CMSIS/Include/cmsis_gcc.h **** #pragma GCC diagnostic ignored "-Wsign-conversion"
  31:Drivers/CMSIS/Include/cmsis_gcc.h **** #pragma GCC diagnostic ignored "-Wconversion"
  32:Drivers/CMSIS/Include/cmsis_gcc.h **** #pragma GCC diagnostic ignored "-Wunused-parameter"
  33:Drivers/CMSIS/Include/cmsis_gcc.h **** 
  34:Drivers/CMSIS/Include/cmsis_gcc.h **** /* Fallback for __has_builtin */
  35:Drivers/CMSIS/Include/cmsis_gcc.h **** #ifndef __has_builtin
  36:Drivers/CMSIS/Include/cmsis_gcc.h ****   #define __has_builtin(x) (0)
  37:Drivers/CMSIS/Include/cmsis_gcc.h **** #endif
  38:Drivers/CMSIS/Include/cmsis_gcc.h **** 
  39:Drivers/CMSIS/Include/cmsis_gcc.h **** /* CMSIS compiler specific defines */
  40:Drivers/CMSIS/Include/cmsis_gcc.h **** #ifndef   __ASM
  41:Drivers/CMSIS/Include/cmsis_gcc.h ****   #define __ASM                                  __asm
ARM GAS  C:\Users\843E~1\AppData\Local\Temp\cchdyFZo.s 			page 6


  42:Drivers/CMSIS/Include/cmsis_gcc.h **** #endif
  43:Drivers/CMSIS/Include/cmsis_gcc.h **** #ifndef   __INLINE
  44:Drivers/CMSIS/Include/cmsis_gcc.h ****   #define __INLINE                               inline
  45:Drivers/CMSIS/Include/cmsis_gcc.h **** #endif
  46:Drivers/CMSIS/Include/cmsis_gcc.h **** #ifndef   __STATIC_INLINE
  47:Drivers/CMSIS/Include/cmsis_gcc.h ****   #define __STATIC_INLINE                        static inline
  48:Drivers/CMSIS/Include/cmsis_gcc.h **** #endif
  49:Drivers/CMSIS/Include/cmsis_gcc.h **** #ifndef   __STATIC_FORCEINLINE                 
  50:Drivers/CMSIS/Include/cmsis_gcc.h ****   #define __STATIC_FORCEINLINE                   __attribute__((always_inline)) static inline
  51:Drivers/CMSIS/Include/cmsis_gcc.h **** #endif                                           
  52:Drivers/CMSIS/Include/cmsis_gcc.h **** #ifndef   __NO_RETURN
  53:Drivers/CMSIS/Include/cmsis_gcc.h ****   #define __NO_RETURN                            __attribute__((__noreturn__))
  54:Drivers/CMSIS/Include/cmsis_gcc.h **** #endif
  55:Drivers/CMSIS/Include/cmsis_gcc.h **** #ifndef   __USED
  56:Drivers/CMSIS/Include/cmsis_gcc.h ****   #define __USED                                 __attribute__((used))
  57:Drivers/CMSIS/Include/cmsis_gcc.h **** #endif
  58:Drivers/CMSIS/Include/cmsis_gcc.h **** #ifndef   __WEAK
  59:Drivers/CMSIS/Include/cmsis_gcc.h ****   #define __WEAK                                 __attribute__((weak))
  60:Drivers/CMSIS/Include/cmsis_gcc.h **** #endif
  61:Drivers/CMSIS/Include/cmsis_gcc.h **** #ifndef   __PACKED
  62:Drivers/CMSIS/Include/cmsis_gcc.h ****   #define __PACKED                               __attribute__((packed, aligned(1)))
  63:Drivers/CMSIS/Include/cmsis_gcc.h **** #endif
  64:Drivers/CMSIS/Include/cmsis_gcc.h **** #ifndef   __PACKED_STRUCT
  65:Drivers/CMSIS/Include/cmsis_gcc.h ****   #define __PACKED_STRUCT                        struct __attribute__((packed, aligned(1)))
  66:Drivers/CMSIS/Include/cmsis_gcc.h **** #endif
  67:Drivers/CMSIS/Include/cmsis_gcc.h **** #ifndef   __PACKED_UNION
  68:Drivers/CMSIS/Include/cmsis_gcc.h ****   #define __PACKED_UNION                         union __attribute__((packed, aligned(1)))
  69:Drivers/CMSIS/Include/cmsis_gcc.h **** #endif
  70:Drivers/CMSIS/Include/cmsis_gcc.h **** #ifndef   __UNALIGNED_UINT32        /* deprecated */
  71:Drivers/CMSIS/Include/cmsis_gcc.h ****   #pragma GCC diagnostic push
  72:Drivers/CMSIS/Include/cmsis_gcc.h ****   #pragma GCC diagnostic ignored "-Wpacked"
  73:Drivers/CMSIS/Include/cmsis_gcc.h ****   #pragma GCC diagnostic ignored "-Wattributes"
  74:Drivers/CMSIS/Include/cmsis_gcc.h ****   struct __attribute__((packed)) T_UINT32 { uint32_t v; };
  75:Drivers/CMSIS/Include/cmsis_gcc.h ****   #pragma GCC diagnostic pop
  76:Drivers/CMSIS/Include/cmsis_gcc.h ****   #define __UNALIGNED_UINT32(x)                  (((struct T_UINT32 *)(x))->v)
  77:Drivers/CMSIS/Include/cmsis_gcc.h **** #endif
  78:Drivers/CMSIS/Include/cmsis_gcc.h **** #ifndef   __UNALIGNED_UINT16_WRITE
  79:Drivers/CMSIS/Include/cmsis_gcc.h ****   #pragma GCC diagnostic push
  80:Drivers/CMSIS/Include/cmsis_gcc.h ****   #pragma GCC diagnostic ignored "-Wpacked"
  81:Drivers/CMSIS/Include/cmsis_gcc.h ****   #pragma GCC diagnostic ignored "-Wattributes"
  82:Drivers/CMSIS/Include/cmsis_gcc.h ****   __PACKED_STRUCT T_UINT16_WRITE { uint16_t v; };
  83:Drivers/CMSIS/Include/cmsis_gcc.h ****   #pragma GCC diagnostic pop
  84:Drivers/CMSIS/Include/cmsis_gcc.h ****   #define __UNALIGNED_UINT16_WRITE(addr, val)    (void)((((struct T_UINT16_WRITE *)(void *)(addr))-
  85:Drivers/CMSIS/Include/cmsis_gcc.h **** #endif
  86:Drivers/CMSIS/Include/cmsis_gcc.h **** #ifndef   __UNALIGNED_UINT16_READ
  87:Drivers/CMSIS/Include/cmsis_gcc.h ****   #pragma GCC diagnostic push
  88:Drivers/CMSIS/Include/cmsis_gcc.h ****   #pragma GCC diagnostic ignored "-Wpacked"
  89:Drivers/CMSIS/Include/cmsis_gcc.h ****   #pragma GCC diagnostic ignored "-Wattributes"
  90:Drivers/CMSIS/Include/cmsis_gcc.h ****   __PACKED_STRUCT T_UINT16_READ { uint16_t v; };
  91:Drivers/CMSIS/Include/cmsis_gcc.h ****   #pragma GCC diagnostic pop
  92:Drivers/CMSIS/Include/cmsis_gcc.h ****   #define __UNALIGNED_UINT16_READ(addr)          (((const struct T_UINT16_READ *)(const void *)(add
  93:Drivers/CMSIS/Include/cmsis_gcc.h **** #endif
  94:Drivers/CMSIS/Include/cmsis_gcc.h **** #ifndef   __UNALIGNED_UINT32_WRITE
  95:Drivers/CMSIS/Include/cmsis_gcc.h ****   #pragma GCC diagnostic push
  96:Drivers/CMSIS/Include/cmsis_gcc.h ****   #pragma GCC diagnostic ignored "-Wpacked"
  97:Drivers/CMSIS/Include/cmsis_gcc.h ****   #pragma GCC diagnostic ignored "-Wattributes"
  98:Drivers/CMSIS/Include/cmsis_gcc.h ****   __PACKED_STRUCT T_UINT32_WRITE { uint32_t v; };
ARM GAS  C:\Users\843E~1\AppData\Local\Temp\cchdyFZo.s 			page 7


  99:Drivers/CMSIS/Include/cmsis_gcc.h ****   #pragma GCC diagnostic pop
 100:Drivers/CMSIS/Include/cmsis_gcc.h ****   #define __UNALIGNED_UINT32_WRITE(addr, val)    (void)((((struct T_UINT32_WRITE *)(void *)(addr))-
 101:Drivers/CMSIS/Include/cmsis_gcc.h **** #endif
 102:Drivers/CMSIS/Include/cmsis_gcc.h **** #ifndef   __UNALIGNED_UINT32_READ
 103:Drivers/CMSIS/Include/cmsis_gcc.h ****   #pragma GCC diagnostic push
 104:Drivers/CMSIS/Include/cmsis_gcc.h ****   #pragma GCC diagnostic ignored "-Wpacked"
 105:Drivers/CMSIS/Include/cmsis_gcc.h ****   #pragma GCC diagnostic ignored "-Wattributes"
 106:Drivers/CMSIS/Include/cmsis_gcc.h ****   __PACKED_STRUCT T_UINT32_READ { uint32_t v; };
 107:Drivers/CMSIS/Include/cmsis_gcc.h ****   #pragma GCC diagnostic pop
 108:Drivers/CMSIS/Include/cmsis_gcc.h ****   #define __UNALIGNED_UINT32_READ(addr)          (((const struct T_UINT32_READ *)(const void *)(add
 109:Drivers/CMSIS/Include/cmsis_gcc.h **** #endif
 110:Drivers/CMSIS/Include/cmsis_gcc.h **** #ifndef   __ALIGNED
 111:Drivers/CMSIS/Include/cmsis_gcc.h ****   #define __ALIGNED(x)                           __attribute__((aligned(x)))
 112:Drivers/CMSIS/Include/cmsis_gcc.h **** #endif
 113:Drivers/CMSIS/Include/cmsis_gcc.h **** #ifndef   __RESTRICT
 114:Drivers/CMSIS/Include/cmsis_gcc.h ****   #define __RESTRICT                             __restrict
 115:Drivers/CMSIS/Include/cmsis_gcc.h **** #endif
 116:Drivers/CMSIS/Include/cmsis_gcc.h **** #ifndef   __COMPILER_BARRIER
 117:Drivers/CMSIS/Include/cmsis_gcc.h ****   #define __COMPILER_BARRIER()                   __ASM volatile("":::"memory")
 118:Drivers/CMSIS/Include/cmsis_gcc.h **** #endif
 119:Drivers/CMSIS/Include/cmsis_gcc.h **** 
 120:Drivers/CMSIS/Include/cmsis_gcc.h **** /* #########################  Startup and Lowlevel Init  ######################## */
 121:Drivers/CMSIS/Include/cmsis_gcc.h **** 
 122:Drivers/CMSIS/Include/cmsis_gcc.h **** #ifndef __PROGRAM_START
 123:Drivers/CMSIS/Include/cmsis_gcc.h **** 
 124:Drivers/CMSIS/Include/cmsis_gcc.h **** /**
 125:Drivers/CMSIS/Include/cmsis_gcc.h ****   \brief   Initializes data and bss sections
 126:Drivers/CMSIS/Include/cmsis_gcc.h ****   \details This default implementations initialized all data and additional bss
 127:Drivers/CMSIS/Include/cmsis_gcc.h ****            sections relying on .copy.table and .zero.table specified properly
 128:Drivers/CMSIS/Include/cmsis_gcc.h ****            in the used linker script.
 129:Drivers/CMSIS/Include/cmsis_gcc.h ****   
 130:Drivers/CMSIS/Include/cmsis_gcc.h ****  */
 131:Drivers/CMSIS/Include/cmsis_gcc.h **** __STATIC_FORCEINLINE __NO_RETURN void __cmsis_start(void)
 132:Drivers/CMSIS/Include/cmsis_gcc.h **** {
 133:Drivers/CMSIS/Include/cmsis_gcc.h ****   extern void _start(void) __NO_RETURN;
 134:Drivers/CMSIS/Include/cmsis_gcc.h ****   
 135:Drivers/CMSIS/Include/cmsis_gcc.h ****   typedef struct {
 136:Drivers/CMSIS/Include/cmsis_gcc.h ****     uint32_t const* src;
 137:Drivers/CMSIS/Include/cmsis_gcc.h ****     uint32_t* dest;
 138:Drivers/CMSIS/Include/cmsis_gcc.h ****     uint32_t  wlen;
 139:Drivers/CMSIS/Include/cmsis_gcc.h ****   } __copy_table_t;
 140:Drivers/CMSIS/Include/cmsis_gcc.h ****   
 141:Drivers/CMSIS/Include/cmsis_gcc.h ****   typedef struct {
 142:Drivers/CMSIS/Include/cmsis_gcc.h ****     uint32_t* dest;
 143:Drivers/CMSIS/Include/cmsis_gcc.h ****     uint32_t  wlen;
 144:Drivers/CMSIS/Include/cmsis_gcc.h ****   } __zero_table_t;
 145:Drivers/CMSIS/Include/cmsis_gcc.h ****   
 146:Drivers/CMSIS/Include/cmsis_gcc.h ****   extern const __copy_table_t __copy_table_start__;
 147:Drivers/CMSIS/Include/cmsis_gcc.h ****   extern const __copy_table_t __copy_table_end__;
 148:Drivers/CMSIS/Include/cmsis_gcc.h ****   extern const __zero_table_t __zero_table_start__;
 149:Drivers/CMSIS/Include/cmsis_gcc.h ****   extern const __zero_table_t __zero_table_end__;
 150:Drivers/CMSIS/Include/cmsis_gcc.h **** 
 151:Drivers/CMSIS/Include/cmsis_gcc.h ****   for (__copy_table_t const* pTable = &__copy_table_start__; pTable < &__copy_table_end__; ++pTable
 152:Drivers/CMSIS/Include/cmsis_gcc.h ****     for(uint32_t i=0u; i<pTable->wlen; ++i) {
 153:Drivers/CMSIS/Include/cmsis_gcc.h ****       pTable->dest[i] = pTable->src[i];
 154:Drivers/CMSIS/Include/cmsis_gcc.h ****     }
 155:Drivers/CMSIS/Include/cmsis_gcc.h ****   }
ARM GAS  C:\Users\843E~1\AppData\Local\Temp\cchdyFZo.s 			page 8


 156:Drivers/CMSIS/Include/cmsis_gcc.h ****  
 157:Drivers/CMSIS/Include/cmsis_gcc.h ****   for (__zero_table_t const* pTable = &__zero_table_start__; pTable < &__zero_table_end__; ++pTable
 158:Drivers/CMSIS/Include/cmsis_gcc.h ****     for(uint32_t i=0u; i<pTable->wlen; ++i) {
 159:Drivers/CMSIS/Include/cmsis_gcc.h ****       pTable->dest[i] = 0u;
 160:Drivers/CMSIS/Include/cmsis_gcc.h ****     }
 161:Drivers/CMSIS/Include/cmsis_gcc.h ****   }
 162:Drivers/CMSIS/Include/cmsis_gcc.h ****  
 163:Drivers/CMSIS/Include/cmsis_gcc.h ****   _start();
 164:Drivers/CMSIS/Include/cmsis_gcc.h **** }
 165:Drivers/CMSIS/Include/cmsis_gcc.h ****   
 166:Drivers/CMSIS/Include/cmsis_gcc.h **** #define __PROGRAM_START           __cmsis_start
 167:Drivers/CMSIS/Include/cmsis_gcc.h **** #endif
 168:Drivers/CMSIS/Include/cmsis_gcc.h **** 
 169:Drivers/CMSIS/Include/cmsis_gcc.h **** #ifndef __INITIAL_SP
 170:Drivers/CMSIS/Include/cmsis_gcc.h **** #define __INITIAL_SP              __StackTop
 171:Drivers/CMSIS/Include/cmsis_gcc.h **** #endif
 172:Drivers/CMSIS/Include/cmsis_gcc.h **** 
 173:Drivers/CMSIS/Include/cmsis_gcc.h **** #ifndef __STACK_LIMIT
 174:Drivers/CMSIS/Include/cmsis_gcc.h **** #define __STACK_LIMIT             __StackLimit
 175:Drivers/CMSIS/Include/cmsis_gcc.h **** #endif
 176:Drivers/CMSIS/Include/cmsis_gcc.h **** 
 177:Drivers/CMSIS/Include/cmsis_gcc.h **** #ifndef __VECTOR_TABLE
 178:Drivers/CMSIS/Include/cmsis_gcc.h **** #define __VECTOR_TABLE            __Vectors
 179:Drivers/CMSIS/Include/cmsis_gcc.h **** #endif
 180:Drivers/CMSIS/Include/cmsis_gcc.h **** 
 181:Drivers/CMSIS/Include/cmsis_gcc.h **** #ifndef __VECTOR_TABLE_ATTRIBUTE
 182:Drivers/CMSIS/Include/cmsis_gcc.h **** #define __VECTOR_TABLE_ATTRIBUTE  __attribute((used, section(".vectors")))
 183:Drivers/CMSIS/Include/cmsis_gcc.h **** #endif
 184:Drivers/CMSIS/Include/cmsis_gcc.h **** 
 185:Drivers/CMSIS/Include/cmsis_gcc.h **** /* ###########################  Core Function Access  ########################### */
 186:Drivers/CMSIS/Include/cmsis_gcc.h **** /** \ingroup  CMSIS_Core_FunctionInterface
 187:Drivers/CMSIS/Include/cmsis_gcc.h ****     \defgroup CMSIS_Core_RegAccFunctions CMSIS Core Register Access Functions
 188:Drivers/CMSIS/Include/cmsis_gcc.h ****   @{
 189:Drivers/CMSIS/Include/cmsis_gcc.h ****  */
 190:Drivers/CMSIS/Include/cmsis_gcc.h **** 
 191:Drivers/CMSIS/Include/cmsis_gcc.h **** /**
 192:Drivers/CMSIS/Include/cmsis_gcc.h ****   \brief   Enable IRQ Interrupts
 193:Drivers/CMSIS/Include/cmsis_gcc.h ****   \details Enables IRQ interrupts by clearing the I-bit in the CPSR.
 194:Drivers/CMSIS/Include/cmsis_gcc.h ****            Can only be executed in Privileged modes.
 195:Drivers/CMSIS/Include/cmsis_gcc.h ****  */
 196:Drivers/CMSIS/Include/cmsis_gcc.h **** __STATIC_FORCEINLINE void __enable_irq(void)
 197:Drivers/CMSIS/Include/cmsis_gcc.h **** {
 198:Drivers/CMSIS/Include/cmsis_gcc.h ****   __ASM volatile ("cpsie i" : : : "memory");
 199:Drivers/CMSIS/Include/cmsis_gcc.h **** }
 200:Drivers/CMSIS/Include/cmsis_gcc.h **** 
 201:Drivers/CMSIS/Include/cmsis_gcc.h **** 
 202:Drivers/CMSIS/Include/cmsis_gcc.h **** /**
 203:Drivers/CMSIS/Include/cmsis_gcc.h ****   \brief   Disable IRQ Interrupts
 204:Drivers/CMSIS/Include/cmsis_gcc.h ****   \details Disables IRQ interrupts by setting the I-bit in the CPSR.
 205:Drivers/CMSIS/Include/cmsis_gcc.h ****            Can only be executed in Privileged modes.
 206:Drivers/CMSIS/Include/cmsis_gcc.h ****  */
 207:Drivers/CMSIS/Include/cmsis_gcc.h **** __STATIC_FORCEINLINE void __disable_irq(void)
  75              		.loc 2 207 27 view .LVU6
  76              	.LBB8:
 208:Drivers/CMSIS/Include/cmsis_gcc.h **** {
 209:Drivers/CMSIS/Include/cmsis_gcc.h ****   __ASM volatile ("cpsid i" : : : "memory");
  77              		.loc 2 209 3 view .LVU7
ARM GAS  C:\Users\843E~1\AppData\Local\Temp\cchdyFZo.s 			page 9


  78              		.syntax unified
  79              	@ 209 "Drivers/CMSIS/Include/cmsis_gcc.h" 1
  80 0000 72B6     		cpsid i
  81              	@ 0 "" 2
  82              		.thumb
  83              		.syntax unified
  84              	.L4:
  85              	.LBE8:
  86              	.LBE7:
 174:Core/Src/main.c ****   while (1)
  87              		.loc 1 174 3 discriminator 1 view .LVU8
 175:Core/Src/main.c ****   {
 176:Core/Src/main.c ****   }
  88              		.loc 1 176 3 discriminator 1 view .LVU9
 174:Core/Src/main.c ****   while (1)
  89              		.loc 1 174 9 discriminator 1 view .LVU10
  90 0002 FEE7     		b	.L4
  91              		.cfi_endproc
  92              	.LFE1265:
  94              		.section	.text.SystemClock_Config,"ax",%progbits
  95              		.align	1
  96              		.global	SystemClock_Config
  97              		.syntax unified
  98              		.thumb
  99              		.thumb_func
 101              	SystemClock_Config:
 102              	.LFB1262:
  95:Core/Src/main.c ****   RCC_OscInitTypeDef RCC_OscInitStruct = {0};
 103              		.loc 1 95 1 view -0
 104              		.cfi_startproc
 105              		@ args = 0, pretend = 0, frame = 104
 106              		@ frame_needed = 0, uses_anonymous_args = 0
 107 0000 00B5     		push	{lr}
 108              	.LCFI2:
 109              		.cfi_def_cfa_offset 4
 110              		.cfi_offset 14, -4
 111 0002 9BB0     		sub	sp, sp, #108
 112              	.LCFI3:
 113              		.cfi_def_cfa_offset 112
  96:Core/Src/main.c ****   RCC_ClkInitTypeDef RCC_ClkInitStruct = {0};
 114              		.loc 1 96 3 view .LVU12
  96:Core/Src/main.c ****   RCC_ClkInitTypeDef RCC_ClkInitStruct = {0};
 115              		.loc 1 96 22 is_stmt 0 view .LVU13
 116 0004 4822     		movs	r2, #72
 117 0006 0021     		movs	r1, #0
 118 0008 08A8     		add	r0, sp, #32
 119 000a FFF7FEFF 		bl	memset
 120              	.LVL1:
  97:Core/Src/main.c **** 
 121              		.loc 1 97 3 is_stmt 1 view .LVU14
  97:Core/Src/main.c **** 
 122              		.loc 1 97 22 is_stmt 0 view .LVU15
 123 000e 0023     		movs	r3, #0
 124 0010 0193     		str	r3, [sp, #4]
 125 0012 0293     		str	r3, [sp, #8]
 126 0014 0393     		str	r3, [sp, #12]
 127 0016 0493     		str	r3, [sp, #16]
ARM GAS  C:\Users\843E~1\AppData\Local\Temp\cchdyFZo.s 			page 10


 128 0018 0593     		str	r3, [sp, #20]
 129 001a 0693     		str	r3, [sp, #24]
 130 001c 0793     		str	r3, [sp, #28]
  99:Core/Src/main.c ****   __HAL_RCC_LSEDRIVE_CONFIG(RCC_LSEDRIVE_MEDIUMHIGH);
 131              		.loc 1 99 3 is_stmt 1 view .LVU16
 132 001e FFF7FEFF 		bl	HAL_PWR_EnableBkUpAccess
 133              	.LVL2:
 100:Core/Src/main.c **** 
 134              		.loc 1 100 3 view .LVU17
 135              	.LBB9:
 136              	.LBI9:
 137              		.file 3 "Drivers/STM32WBxx_HAL_Driver/Inc/stm32wbxx_ll_rcc.h"
   1:Drivers/STM32WBxx_HAL_Driver/Inc/stm32wbxx_ll_rcc.h **** /**
   2:Drivers/STM32WBxx_HAL_Driver/Inc/stm32wbxx_ll_rcc.h ****   ******************************************************************************
   3:Drivers/STM32WBxx_HAL_Driver/Inc/stm32wbxx_ll_rcc.h ****   * @file    stm32wbxx_ll_rcc.h
   4:Drivers/STM32WBxx_HAL_Driver/Inc/stm32wbxx_ll_rcc.h ****   * @author  MCD Application Team
   5:Drivers/STM32WBxx_HAL_Driver/Inc/stm32wbxx_ll_rcc.h ****   * @brief   Header file of RCC LL module.
   6:Drivers/STM32WBxx_HAL_Driver/Inc/stm32wbxx_ll_rcc.h ****   ******************************************************************************
   7:Drivers/STM32WBxx_HAL_Driver/Inc/stm32wbxx_ll_rcc.h ****   * @attention
   8:Drivers/STM32WBxx_HAL_Driver/Inc/stm32wbxx_ll_rcc.h ****   *
   9:Drivers/STM32WBxx_HAL_Driver/Inc/stm32wbxx_ll_rcc.h ****   * Copyright (c) 2019 STMicroelectronics.
  10:Drivers/STM32WBxx_HAL_Driver/Inc/stm32wbxx_ll_rcc.h ****   * All rights reserved.
  11:Drivers/STM32WBxx_HAL_Driver/Inc/stm32wbxx_ll_rcc.h ****   *
  12:Drivers/STM32WBxx_HAL_Driver/Inc/stm32wbxx_ll_rcc.h ****   * This software is licensed under terms that can be found in the LICENSE file
  13:Drivers/STM32WBxx_HAL_Driver/Inc/stm32wbxx_ll_rcc.h ****   * in the root directory of this software component.
  14:Drivers/STM32WBxx_HAL_Driver/Inc/stm32wbxx_ll_rcc.h ****   * If no LICENSE file comes with this software, it is provided AS-IS.
  15:Drivers/STM32WBxx_HAL_Driver/Inc/stm32wbxx_ll_rcc.h ****   *
  16:Drivers/STM32WBxx_HAL_Driver/Inc/stm32wbxx_ll_rcc.h ****   ******************************************************************************
  17:Drivers/STM32WBxx_HAL_Driver/Inc/stm32wbxx_ll_rcc.h ****   */
  18:Drivers/STM32WBxx_HAL_Driver/Inc/stm32wbxx_ll_rcc.h **** 
  19:Drivers/STM32WBxx_HAL_Driver/Inc/stm32wbxx_ll_rcc.h **** /* Define to prevent recursive inclusion -------------------------------------*/
  20:Drivers/STM32WBxx_HAL_Driver/Inc/stm32wbxx_ll_rcc.h **** #ifndef STM32WBxx_LL_RCC_H
  21:Drivers/STM32WBxx_HAL_Driver/Inc/stm32wbxx_ll_rcc.h **** #define STM32WBxx_LL_RCC_H
  22:Drivers/STM32WBxx_HAL_Driver/Inc/stm32wbxx_ll_rcc.h **** 
  23:Drivers/STM32WBxx_HAL_Driver/Inc/stm32wbxx_ll_rcc.h **** #ifdef __cplusplus
  24:Drivers/STM32WBxx_HAL_Driver/Inc/stm32wbxx_ll_rcc.h **** extern "C" {
  25:Drivers/STM32WBxx_HAL_Driver/Inc/stm32wbxx_ll_rcc.h **** #endif
  26:Drivers/STM32WBxx_HAL_Driver/Inc/stm32wbxx_ll_rcc.h **** 
  27:Drivers/STM32WBxx_HAL_Driver/Inc/stm32wbxx_ll_rcc.h **** /* Includes ------------------------------------------------------------------*/
  28:Drivers/STM32WBxx_HAL_Driver/Inc/stm32wbxx_ll_rcc.h **** #include "stm32wbxx.h"
  29:Drivers/STM32WBxx_HAL_Driver/Inc/stm32wbxx_ll_rcc.h **** 
  30:Drivers/STM32WBxx_HAL_Driver/Inc/stm32wbxx_ll_rcc.h **** /** @addtogroup STM32WBxx_LL_Driver
  31:Drivers/STM32WBxx_HAL_Driver/Inc/stm32wbxx_ll_rcc.h ****   * @{
  32:Drivers/STM32WBxx_HAL_Driver/Inc/stm32wbxx_ll_rcc.h ****   */
  33:Drivers/STM32WBxx_HAL_Driver/Inc/stm32wbxx_ll_rcc.h **** 
  34:Drivers/STM32WBxx_HAL_Driver/Inc/stm32wbxx_ll_rcc.h **** #if defined(RCC)
  35:Drivers/STM32WBxx_HAL_Driver/Inc/stm32wbxx_ll_rcc.h **** 
  36:Drivers/STM32WBxx_HAL_Driver/Inc/stm32wbxx_ll_rcc.h **** /** @defgroup RCC_LL RCC
  37:Drivers/STM32WBxx_HAL_Driver/Inc/stm32wbxx_ll_rcc.h ****   * @{
  38:Drivers/STM32WBxx_HAL_Driver/Inc/stm32wbxx_ll_rcc.h ****   */
  39:Drivers/STM32WBxx_HAL_Driver/Inc/stm32wbxx_ll_rcc.h **** 
  40:Drivers/STM32WBxx_HAL_Driver/Inc/stm32wbxx_ll_rcc.h **** /* Private types -------------------------------------------------------------*/
  41:Drivers/STM32WBxx_HAL_Driver/Inc/stm32wbxx_ll_rcc.h **** /* Private variables ---------------------------------------------------------*/
  42:Drivers/STM32WBxx_HAL_Driver/Inc/stm32wbxx_ll_rcc.h **** /** @defgroup RCC_LL_Private_Variables RCC Private Variables
  43:Drivers/STM32WBxx_HAL_Driver/Inc/stm32wbxx_ll_rcc.h ****   * @{
  44:Drivers/STM32WBxx_HAL_Driver/Inc/stm32wbxx_ll_rcc.h ****   */
  45:Drivers/STM32WBxx_HAL_Driver/Inc/stm32wbxx_ll_rcc.h **** 
ARM GAS  C:\Users\843E~1\AppData\Local\Temp\cchdyFZo.s 			page 11


  46:Drivers/STM32WBxx_HAL_Driver/Inc/stm32wbxx_ll_rcc.h **** #define HSE_CONTROL_UNLOCK_KEY 0xCAFECAFEU
  47:Drivers/STM32WBxx_HAL_Driver/Inc/stm32wbxx_ll_rcc.h **** 
  48:Drivers/STM32WBxx_HAL_Driver/Inc/stm32wbxx_ll_rcc.h **** /**
  49:Drivers/STM32WBxx_HAL_Driver/Inc/stm32wbxx_ll_rcc.h ****   * @}
  50:Drivers/STM32WBxx_HAL_Driver/Inc/stm32wbxx_ll_rcc.h ****   */
  51:Drivers/STM32WBxx_HAL_Driver/Inc/stm32wbxx_ll_rcc.h **** 
  52:Drivers/STM32WBxx_HAL_Driver/Inc/stm32wbxx_ll_rcc.h **** /* Private constants ---------------------------------------------------------*/
  53:Drivers/STM32WBxx_HAL_Driver/Inc/stm32wbxx_ll_rcc.h **** /* Private macros ------------------------------------------------------------*/
  54:Drivers/STM32WBxx_HAL_Driver/Inc/stm32wbxx_ll_rcc.h **** #if defined(USE_FULL_LL_DRIVER)
  55:Drivers/STM32WBxx_HAL_Driver/Inc/stm32wbxx_ll_rcc.h **** /** @defgroup RCC_LL_Private_Macros RCC Private Macros
  56:Drivers/STM32WBxx_HAL_Driver/Inc/stm32wbxx_ll_rcc.h ****   * @{
  57:Drivers/STM32WBxx_HAL_Driver/Inc/stm32wbxx_ll_rcc.h ****   */
  58:Drivers/STM32WBxx_HAL_Driver/Inc/stm32wbxx_ll_rcc.h **** /**
  59:Drivers/STM32WBxx_HAL_Driver/Inc/stm32wbxx_ll_rcc.h ****   * @}
  60:Drivers/STM32WBxx_HAL_Driver/Inc/stm32wbxx_ll_rcc.h ****   */
  61:Drivers/STM32WBxx_HAL_Driver/Inc/stm32wbxx_ll_rcc.h **** #endif /* USE_FULL_LL_DRIVER */
  62:Drivers/STM32WBxx_HAL_Driver/Inc/stm32wbxx_ll_rcc.h **** 
  63:Drivers/STM32WBxx_HAL_Driver/Inc/stm32wbxx_ll_rcc.h **** /* Exported types ------------------------------------------------------------*/
  64:Drivers/STM32WBxx_HAL_Driver/Inc/stm32wbxx_ll_rcc.h **** #if defined(USE_FULL_LL_DRIVER)
  65:Drivers/STM32WBxx_HAL_Driver/Inc/stm32wbxx_ll_rcc.h **** /** @defgroup RCC_LL_Exported_Types RCC Exported Types
  66:Drivers/STM32WBxx_HAL_Driver/Inc/stm32wbxx_ll_rcc.h ****   * @{
  67:Drivers/STM32WBxx_HAL_Driver/Inc/stm32wbxx_ll_rcc.h ****   */
  68:Drivers/STM32WBxx_HAL_Driver/Inc/stm32wbxx_ll_rcc.h **** 
  69:Drivers/STM32WBxx_HAL_Driver/Inc/stm32wbxx_ll_rcc.h **** /** @defgroup LL_ES_CLOCK_FREQ Clocks Frequency Structure
  70:Drivers/STM32WBxx_HAL_Driver/Inc/stm32wbxx_ll_rcc.h ****   * @{
  71:Drivers/STM32WBxx_HAL_Driver/Inc/stm32wbxx_ll_rcc.h ****   */
  72:Drivers/STM32WBxx_HAL_Driver/Inc/stm32wbxx_ll_rcc.h **** 
  73:Drivers/STM32WBxx_HAL_Driver/Inc/stm32wbxx_ll_rcc.h **** /**
  74:Drivers/STM32WBxx_HAL_Driver/Inc/stm32wbxx_ll_rcc.h ****   * @brief  RCC Clocks Frequency Structure
  75:Drivers/STM32WBxx_HAL_Driver/Inc/stm32wbxx_ll_rcc.h ****   */
  76:Drivers/STM32WBxx_HAL_Driver/Inc/stm32wbxx_ll_rcc.h **** typedef struct
  77:Drivers/STM32WBxx_HAL_Driver/Inc/stm32wbxx_ll_rcc.h **** {
  78:Drivers/STM32WBxx_HAL_Driver/Inc/stm32wbxx_ll_rcc.h ****   uint32_t SYSCLK_Frequency;         /*!< SYSCLK clock frequency */
  79:Drivers/STM32WBxx_HAL_Driver/Inc/stm32wbxx_ll_rcc.h ****   uint32_t HCLK1_Frequency;          /*!< HCLK1 clock frequency  */
  80:Drivers/STM32WBxx_HAL_Driver/Inc/stm32wbxx_ll_rcc.h ****   uint32_t HCLK2_Frequency;          /*!< HCLK2 clock frequency  */
  81:Drivers/STM32WBxx_HAL_Driver/Inc/stm32wbxx_ll_rcc.h ****   uint32_t HCLK4_Frequency;          /*!< HCLK4 clock frequency  */
  82:Drivers/STM32WBxx_HAL_Driver/Inc/stm32wbxx_ll_rcc.h ****   uint32_t HCLK5_Frequency;          /*!< HCLK5 clock frequency  */
  83:Drivers/STM32WBxx_HAL_Driver/Inc/stm32wbxx_ll_rcc.h ****   uint32_t PCLK1_Frequency;          /*!< PCLK1 clock frequency  */
  84:Drivers/STM32WBxx_HAL_Driver/Inc/stm32wbxx_ll_rcc.h ****   uint32_t PCLK2_Frequency;          /*!< PCLK2 clock frequency  */
  85:Drivers/STM32WBxx_HAL_Driver/Inc/stm32wbxx_ll_rcc.h **** } LL_RCC_ClocksTypeDef;
  86:Drivers/STM32WBxx_HAL_Driver/Inc/stm32wbxx_ll_rcc.h **** 
  87:Drivers/STM32WBxx_HAL_Driver/Inc/stm32wbxx_ll_rcc.h **** /**
  88:Drivers/STM32WBxx_HAL_Driver/Inc/stm32wbxx_ll_rcc.h ****   * @}
  89:Drivers/STM32WBxx_HAL_Driver/Inc/stm32wbxx_ll_rcc.h ****   */
  90:Drivers/STM32WBxx_HAL_Driver/Inc/stm32wbxx_ll_rcc.h **** 
  91:Drivers/STM32WBxx_HAL_Driver/Inc/stm32wbxx_ll_rcc.h **** /**
  92:Drivers/STM32WBxx_HAL_Driver/Inc/stm32wbxx_ll_rcc.h ****   * @}
  93:Drivers/STM32WBxx_HAL_Driver/Inc/stm32wbxx_ll_rcc.h ****   */
  94:Drivers/STM32WBxx_HAL_Driver/Inc/stm32wbxx_ll_rcc.h **** #endif /* USE_FULL_LL_DRIVER */
  95:Drivers/STM32WBxx_HAL_Driver/Inc/stm32wbxx_ll_rcc.h **** 
  96:Drivers/STM32WBxx_HAL_Driver/Inc/stm32wbxx_ll_rcc.h **** /* Exported constants --------------------------------------------------------*/
  97:Drivers/STM32WBxx_HAL_Driver/Inc/stm32wbxx_ll_rcc.h **** /** @defgroup RCC_LL_Exported_Constants RCC Exported Constants
  98:Drivers/STM32WBxx_HAL_Driver/Inc/stm32wbxx_ll_rcc.h ****   * @{
  99:Drivers/STM32WBxx_HAL_Driver/Inc/stm32wbxx_ll_rcc.h ****   */
 100:Drivers/STM32WBxx_HAL_Driver/Inc/stm32wbxx_ll_rcc.h **** 
 101:Drivers/STM32WBxx_HAL_Driver/Inc/stm32wbxx_ll_rcc.h **** /** @defgroup RCC_LL_EC_OSC_VALUES Oscillator Values adaptation
 102:Drivers/STM32WBxx_HAL_Driver/Inc/stm32wbxx_ll_rcc.h ****   * @brief    Defines used to adapt values of different oscillators
ARM GAS  C:\Users\843E~1\AppData\Local\Temp\cchdyFZo.s 			page 12


 103:Drivers/STM32WBxx_HAL_Driver/Inc/stm32wbxx_ll_rcc.h ****   * @note     These values could be modified in the user environment according to
 104:Drivers/STM32WBxx_HAL_Driver/Inc/stm32wbxx_ll_rcc.h ****   *           HW set-up.
 105:Drivers/STM32WBxx_HAL_Driver/Inc/stm32wbxx_ll_rcc.h ****   * @{
 106:Drivers/STM32WBxx_HAL_Driver/Inc/stm32wbxx_ll_rcc.h ****   */
 107:Drivers/STM32WBxx_HAL_Driver/Inc/stm32wbxx_ll_rcc.h **** #if !defined  (HSE_VALUE)
 108:Drivers/STM32WBxx_HAL_Driver/Inc/stm32wbxx_ll_rcc.h **** #define HSE_VALUE    32000000U  /*!< Value of the HSE oscillator in Hz */
 109:Drivers/STM32WBxx_HAL_Driver/Inc/stm32wbxx_ll_rcc.h **** #endif /* !HSE_VALUE */
 110:Drivers/STM32WBxx_HAL_Driver/Inc/stm32wbxx_ll_rcc.h **** 
 111:Drivers/STM32WBxx_HAL_Driver/Inc/stm32wbxx_ll_rcc.h **** #if !defined  (HSI_VALUE)
 112:Drivers/STM32WBxx_HAL_Driver/Inc/stm32wbxx_ll_rcc.h **** #define HSI_VALUE    16000000U  /*!< Value of the HSI oscillator in Hz */
 113:Drivers/STM32WBxx_HAL_Driver/Inc/stm32wbxx_ll_rcc.h **** #endif /* !HSI_VALUE */
 114:Drivers/STM32WBxx_HAL_Driver/Inc/stm32wbxx_ll_rcc.h **** 
 115:Drivers/STM32WBxx_HAL_Driver/Inc/stm32wbxx_ll_rcc.h **** #if !defined  (LSE_VALUE)
 116:Drivers/STM32WBxx_HAL_Driver/Inc/stm32wbxx_ll_rcc.h **** #if defined(STM32WB5Mxx)
 117:Drivers/STM32WBxx_HAL_Driver/Inc/stm32wbxx_ll_rcc.h **** #define LSE_VALUE    32774U     /*!< Value of the LSE oscillator in Hz */
 118:Drivers/STM32WBxx_HAL_Driver/Inc/stm32wbxx_ll_rcc.h **** #else
 119:Drivers/STM32WBxx_HAL_Driver/Inc/stm32wbxx_ll_rcc.h **** #define LSE_VALUE    32768U     /*!< Value of the LSE oscillator in Hz */
 120:Drivers/STM32WBxx_HAL_Driver/Inc/stm32wbxx_ll_rcc.h **** #endif /* STM32WB5Mxx */
 121:Drivers/STM32WBxx_HAL_Driver/Inc/stm32wbxx_ll_rcc.h **** #endif /* !LSE_VALUE */
 122:Drivers/STM32WBxx_HAL_Driver/Inc/stm32wbxx_ll_rcc.h **** 
 123:Drivers/STM32WBxx_HAL_Driver/Inc/stm32wbxx_ll_rcc.h **** #if !defined  (LSI_VALUE)
 124:Drivers/STM32WBxx_HAL_Driver/Inc/stm32wbxx_ll_rcc.h **** #define LSI_VALUE    32000U     /*!< Value of the LSI oscillator in Hz */
 125:Drivers/STM32WBxx_HAL_Driver/Inc/stm32wbxx_ll_rcc.h **** #endif /* !LSI_VALUE */
 126:Drivers/STM32WBxx_HAL_Driver/Inc/stm32wbxx_ll_rcc.h **** 
 127:Drivers/STM32WBxx_HAL_Driver/Inc/stm32wbxx_ll_rcc.h **** #if defined(RCC_HSI48_SUPPORT)
 128:Drivers/STM32WBxx_HAL_Driver/Inc/stm32wbxx_ll_rcc.h **** #if !defined  (HSI48_VALUE)
 129:Drivers/STM32WBxx_HAL_Driver/Inc/stm32wbxx_ll_rcc.h **** #define HSI48_VALUE  48000000U  /*!< Value of the HSI48 oscillator in Hz */
 130:Drivers/STM32WBxx_HAL_Driver/Inc/stm32wbxx_ll_rcc.h **** #endif /* !HSI48_VALUE */
 131:Drivers/STM32WBxx_HAL_Driver/Inc/stm32wbxx_ll_rcc.h **** #endif /* RCC_HSI48_SUPPORT */
 132:Drivers/STM32WBxx_HAL_Driver/Inc/stm32wbxx_ll_rcc.h **** 
 133:Drivers/STM32WBxx_HAL_Driver/Inc/stm32wbxx_ll_rcc.h **** /**
 134:Drivers/STM32WBxx_HAL_Driver/Inc/stm32wbxx_ll_rcc.h ****   * @}
 135:Drivers/STM32WBxx_HAL_Driver/Inc/stm32wbxx_ll_rcc.h ****   */
 136:Drivers/STM32WBxx_HAL_Driver/Inc/stm32wbxx_ll_rcc.h **** 
 137:Drivers/STM32WBxx_HAL_Driver/Inc/stm32wbxx_ll_rcc.h **** /** @defgroup RCC_LL_EC_CLEAR_FLAG Clear Flags Defines
 138:Drivers/STM32WBxx_HAL_Driver/Inc/stm32wbxx_ll_rcc.h ****   * @brief    Flags defines which can be used with LL_RCC_WriteReg function
 139:Drivers/STM32WBxx_HAL_Driver/Inc/stm32wbxx_ll_rcc.h ****   * @{
 140:Drivers/STM32WBxx_HAL_Driver/Inc/stm32wbxx_ll_rcc.h ****   */
 141:Drivers/STM32WBxx_HAL_Driver/Inc/stm32wbxx_ll_rcc.h **** #define LL_RCC_CICR_LSI1RDYC               RCC_CICR_LSI1RDYC    /*!< LSI1 Ready Interrupt Clear    
 142:Drivers/STM32WBxx_HAL_Driver/Inc/stm32wbxx_ll_rcc.h **** #define LL_RCC_CICR_LSI2RDYC               RCC_CICR_LSI2RDYC    /*!< LSI1 Ready Interrupt Clear    
 143:Drivers/STM32WBxx_HAL_Driver/Inc/stm32wbxx_ll_rcc.h **** #define LL_RCC_CICR_LSERDYC                RCC_CICR_LSERDYC     /*!< LSE Ready Interrupt Clear     
 144:Drivers/STM32WBxx_HAL_Driver/Inc/stm32wbxx_ll_rcc.h **** #define LL_RCC_CICR_MSIRDYC                RCC_CICR_MSIRDYC     /*!< MSI Ready Interrupt Clear     
 145:Drivers/STM32WBxx_HAL_Driver/Inc/stm32wbxx_ll_rcc.h **** #define LL_RCC_CICR_HSIRDYC                RCC_CICR_HSIRDYC     /*!< HSI Ready Interrupt Clear     
 146:Drivers/STM32WBxx_HAL_Driver/Inc/stm32wbxx_ll_rcc.h **** #define LL_RCC_CICR_HSERDYC                RCC_CICR_HSERDYC     /*!< HSE Ready Interrupt Clear     
 147:Drivers/STM32WBxx_HAL_Driver/Inc/stm32wbxx_ll_rcc.h **** #define LL_RCC_CICR_PLLRDYC                RCC_CICR_PLLRDYC     /*!< PLL Ready Interrupt Clear     
 148:Drivers/STM32WBxx_HAL_Driver/Inc/stm32wbxx_ll_rcc.h **** #if defined(RCC_HSI48_SUPPORT)
 149:Drivers/STM32WBxx_HAL_Driver/Inc/stm32wbxx_ll_rcc.h **** #define LL_RCC_CICR_HSI48RDYC              RCC_CICR_HSI48RDYC   /*!< HSI48 Ready Interrupt Clear   
 150:Drivers/STM32WBxx_HAL_Driver/Inc/stm32wbxx_ll_rcc.h **** #endif /* RCC_HSI48_SUPPORT */
 151:Drivers/STM32WBxx_HAL_Driver/Inc/stm32wbxx_ll_rcc.h **** #if defined(SAI1)
 152:Drivers/STM32WBxx_HAL_Driver/Inc/stm32wbxx_ll_rcc.h **** #define LL_RCC_CICR_PLLSAI1RDYC            RCC_CICR_PLLSAI1RDYC /*!< PLLSAI1 Ready Interrupt Clear 
 153:Drivers/STM32WBxx_HAL_Driver/Inc/stm32wbxx_ll_rcc.h **** #endif /* SAI1 */
 154:Drivers/STM32WBxx_HAL_Driver/Inc/stm32wbxx_ll_rcc.h **** #define LL_RCC_CICR_LSECSSC                RCC_CICR_LSECSSC     /*!< LSE Clock Security System Inte
 155:Drivers/STM32WBxx_HAL_Driver/Inc/stm32wbxx_ll_rcc.h **** #define LL_RCC_CICR_CSSC                   RCC_CICR_CSSC        /*!< Clock Security System Interrup
 156:Drivers/STM32WBxx_HAL_Driver/Inc/stm32wbxx_ll_rcc.h **** /**
 157:Drivers/STM32WBxx_HAL_Driver/Inc/stm32wbxx_ll_rcc.h ****   * @}
 158:Drivers/STM32WBxx_HAL_Driver/Inc/stm32wbxx_ll_rcc.h ****   */
 159:Drivers/STM32WBxx_HAL_Driver/Inc/stm32wbxx_ll_rcc.h **** 
ARM GAS  C:\Users\843E~1\AppData\Local\Temp\cchdyFZo.s 			page 13


 160:Drivers/STM32WBxx_HAL_Driver/Inc/stm32wbxx_ll_rcc.h **** /** @defgroup RCC_LL_EC_GET_FLAG Get Flags Defines
 161:Drivers/STM32WBxx_HAL_Driver/Inc/stm32wbxx_ll_rcc.h ****   * @brief    Flags defines which can be used with LL_RCC_ReadReg function
 162:Drivers/STM32WBxx_HAL_Driver/Inc/stm32wbxx_ll_rcc.h ****   * @{
 163:Drivers/STM32WBxx_HAL_Driver/Inc/stm32wbxx_ll_rcc.h ****   */
 164:Drivers/STM32WBxx_HAL_Driver/Inc/stm32wbxx_ll_rcc.h **** #define LL_RCC_CIFR_LSI1RDYF               RCC_CIFR_LSI1RDYF    /*!< LSI1 Ready Interrupt flag     
 165:Drivers/STM32WBxx_HAL_Driver/Inc/stm32wbxx_ll_rcc.h **** #define LL_RCC_CIFR_LSI2RDYF               RCC_CIFR_LSI2RDYF    /*!< LSI2 Ready Interrupt flag     
 166:Drivers/STM32WBxx_HAL_Driver/Inc/stm32wbxx_ll_rcc.h **** #define LL_RCC_CIFR_LSERDYF                RCC_CIFR_LSERDYF     /*!< LSE Ready Interrupt flag      
 167:Drivers/STM32WBxx_HAL_Driver/Inc/stm32wbxx_ll_rcc.h **** #define LL_RCC_CIFR_MSIRDYF                RCC_CIFR_MSIRDYF     /*!< MSI Ready Interrupt flag      
 168:Drivers/STM32WBxx_HAL_Driver/Inc/stm32wbxx_ll_rcc.h **** #define LL_RCC_CIFR_HSIRDYF                RCC_CIFR_HSIRDYF     /*!< HSI Ready Interrupt flag      
 169:Drivers/STM32WBxx_HAL_Driver/Inc/stm32wbxx_ll_rcc.h **** #define LL_RCC_CIFR_HSERDYF                RCC_CIFR_HSERDYF     /*!< HSE Ready Interrupt flag      
 170:Drivers/STM32WBxx_HAL_Driver/Inc/stm32wbxx_ll_rcc.h **** #define LL_RCC_CIFR_PLLRDYF                RCC_CIFR_PLLRDYF     /*!< PLL Ready Interrupt flag      
 171:Drivers/STM32WBxx_HAL_Driver/Inc/stm32wbxx_ll_rcc.h **** #if defined(RCC_HSI48_SUPPORT)
 172:Drivers/STM32WBxx_HAL_Driver/Inc/stm32wbxx_ll_rcc.h **** #define LL_RCC_CIFR_HSI48RDYF              RCC_CIFR_HSI48RDYF   /*!< HSI48 Ready Interrupt flag    
 173:Drivers/STM32WBxx_HAL_Driver/Inc/stm32wbxx_ll_rcc.h **** #endif /* RCC_HSI48_SUPPORT */
 174:Drivers/STM32WBxx_HAL_Driver/Inc/stm32wbxx_ll_rcc.h **** #if defined(SAI1)
 175:Drivers/STM32WBxx_HAL_Driver/Inc/stm32wbxx_ll_rcc.h **** #define LL_RCC_CIFR_PLLSAI1RDYF            RCC_CIFR_PLLSAI1RDYF /*!< PLLSAI1 Ready Interrupt flag  
 176:Drivers/STM32WBxx_HAL_Driver/Inc/stm32wbxx_ll_rcc.h **** #endif /* SAI1 */
 177:Drivers/STM32WBxx_HAL_Driver/Inc/stm32wbxx_ll_rcc.h **** #define LL_RCC_CIFR_LSECSSF                RCC_CIFR_LSECSSF     /*!< LSE Clock Security System Inte
 178:Drivers/STM32WBxx_HAL_Driver/Inc/stm32wbxx_ll_rcc.h **** #define LL_RCC_CIFR_CSSF                   RCC_CIFR_CSSF        /*!< Clock Security System Interrup
 179:Drivers/STM32WBxx_HAL_Driver/Inc/stm32wbxx_ll_rcc.h **** #define LL_RCC_CSR_LPWRRSTF                RCC_CSR_LPWRRSTF     /*!< Low-Power reset flag          
 180:Drivers/STM32WBxx_HAL_Driver/Inc/stm32wbxx_ll_rcc.h **** #define LL_RCC_CSR_OBLRSTF                 RCC_CSR_OBLRSTF      /*!< OBL reset flag                
 181:Drivers/STM32WBxx_HAL_Driver/Inc/stm32wbxx_ll_rcc.h **** #define LL_RCC_CSR_PINRSTF                 RCC_CSR_PINRSTF      /*!< PIN reset flag                
 182:Drivers/STM32WBxx_HAL_Driver/Inc/stm32wbxx_ll_rcc.h **** #define LL_RCC_CSR_SFTRSTF                 RCC_CSR_SFTRSTF      /*!< Software Reset flag           
 183:Drivers/STM32WBxx_HAL_Driver/Inc/stm32wbxx_ll_rcc.h **** #define LL_RCC_CSR_IWDGRSTF                RCC_CSR_IWDGRSTF     /*!< Independent Watchdog reset fla
 184:Drivers/STM32WBxx_HAL_Driver/Inc/stm32wbxx_ll_rcc.h **** #define LL_RCC_CSR_WWDGRSTF                RCC_CSR_WWDGRSTF     /*!< Window watchdog reset flag    
 185:Drivers/STM32WBxx_HAL_Driver/Inc/stm32wbxx_ll_rcc.h **** #define LL_RCC_CSR_BORRSTF                 RCC_CSR_BORRSTF      /*!< BOR reset flag                
 186:Drivers/STM32WBxx_HAL_Driver/Inc/stm32wbxx_ll_rcc.h **** /**
 187:Drivers/STM32WBxx_HAL_Driver/Inc/stm32wbxx_ll_rcc.h ****   * @}
 188:Drivers/STM32WBxx_HAL_Driver/Inc/stm32wbxx_ll_rcc.h ****   */
 189:Drivers/STM32WBxx_HAL_Driver/Inc/stm32wbxx_ll_rcc.h **** 
 190:Drivers/STM32WBxx_HAL_Driver/Inc/stm32wbxx_ll_rcc.h **** /** @defgroup RCC_LL_EC_IT IT Defines
 191:Drivers/STM32WBxx_HAL_Driver/Inc/stm32wbxx_ll_rcc.h ****   * @brief    IT defines which can be used with LL_RCC_ReadReg and  LL_RCC_WriteReg functions
 192:Drivers/STM32WBxx_HAL_Driver/Inc/stm32wbxx_ll_rcc.h ****   * @{
 193:Drivers/STM32WBxx_HAL_Driver/Inc/stm32wbxx_ll_rcc.h ****   */
 194:Drivers/STM32WBxx_HAL_Driver/Inc/stm32wbxx_ll_rcc.h **** #define LL_RCC_CIER_LSI1RDYIE              RCC_CIER_LSI1RDYIE     /*!< LSI1 Ready Interrupt Enable 
 195:Drivers/STM32WBxx_HAL_Driver/Inc/stm32wbxx_ll_rcc.h **** #define LL_RCC_CIER_LSI2RDYIE              RCC_CIER_LSI2RDYIE     /*!< LSI Ready Interrupt Enable  
 196:Drivers/STM32WBxx_HAL_Driver/Inc/stm32wbxx_ll_rcc.h **** #define LL_RCC_CIER_LSERDYIE               RCC_CIER_LSERDYIE      /*!< LSE Ready Interrupt Enable  
 197:Drivers/STM32WBxx_HAL_Driver/Inc/stm32wbxx_ll_rcc.h **** #define LL_RCC_CIER_MSIRDYIE               RCC_CIER_MSIRDYIE      /*!< MSI Ready Interrupt Enable  
 198:Drivers/STM32WBxx_HAL_Driver/Inc/stm32wbxx_ll_rcc.h **** #define LL_RCC_CIER_HSIRDYIE               RCC_CIER_HSIRDYIE      /*!< HSI Ready Interrupt Enable  
 199:Drivers/STM32WBxx_HAL_Driver/Inc/stm32wbxx_ll_rcc.h **** #define LL_RCC_CIER_HSERDYIE               RCC_CIER_HSERDYIE      /*!< HSE Ready Interrupt Enable  
 200:Drivers/STM32WBxx_HAL_Driver/Inc/stm32wbxx_ll_rcc.h **** #define LL_RCC_CIER_PLLRDYIE               RCC_CIER_PLLRDYIE      /*!< PLL Ready Interrupt Enable  
 201:Drivers/STM32WBxx_HAL_Driver/Inc/stm32wbxx_ll_rcc.h **** #if defined(RCC_HSI48_SUPPORT)
 202:Drivers/STM32WBxx_HAL_Driver/Inc/stm32wbxx_ll_rcc.h **** #define LL_RCC_CIER_HSI48RDYIE             RCC_CIER_HSI48RDYIE    /*!< HSI48 Ready Interrupt Enable
 203:Drivers/STM32WBxx_HAL_Driver/Inc/stm32wbxx_ll_rcc.h **** #endif /* RCC_HSI48_SUPPORT */
 204:Drivers/STM32WBxx_HAL_Driver/Inc/stm32wbxx_ll_rcc.h **** #if defined(SAI1)
 205:Drivers/STM32WBxx_HAL_Driver/Inc/stm32wbxx_ll_rcc.h **** #define LL_RCC_CIER_PLLSAI1RDYIE           RCC_CIER_PLLSAI1RDYIE  /*!< PLLSAI1 Ready Interrupt Enab
 206:Drivers/STM32WBxx_HAL_Driver/Inc/stm32wbxx_ll_rcc.h **** #endif /* SAI1 */
 207:Drivers/STM32WBxx_HAL_Driver/Inc/stm32wbxx_ll_rcc.h **** #define LL_RCC_CIER_LSECSSIE               RCC_CIER_LSECSSIE      /*!< LSE CSS Interrupt Enable    
 208:Drivers/STM32WBxx_HAL_Driver/Inc/stm32wbxx_ll_rcc.h **** /**
 209:Drivers/STM32WBxx_HAL_Driver/Inc/stm32wbxx_ll_rcc.h ****   * @}
 210:Drivers/STM32WBxx_HAL_Driver/Inc/stm32wbxx_ll_rcc.h ****   */
 211:Drivers/STM32WBxx_HAL_Driver/Inc/stm32wbxx_ll_rcc.h **** 
 212:Drivers/STM32WBxx_HAL_Driver/Inc/stm32wbxx_ll_rcc.h **** /** @defgroup RCC_LL_EC_LSEDRIVE  LSE oscillator drive capability
 213:Drivers/STM32WBxx_HAL_Driver/Inc/stm32wbxx_ll_rcc.h ****   * @{
 214:Drivers/STM32WBxx_HAL_Driver/Inc/stm32wbxx_ll_rcc.h ****   */
 215:Drivers/STM32WBxx_HAL_Driver/Inc/stm32wbxx_ll_rcc.h **** #define LL_RCC_LSEDRIVE_LOW                0x00000000U             /*!< Xtal mode lower driving cap
 216:Drivers/STM32WBxx_HAL_Driver/Inc/stm32wbxx_ll_rcc.h **** #define LL_RCC_LSEDRIVE_MEDIUMLOW          RCC_BDCR_LSEDRV_0       /*!< Xtal mode medium low drivin
ARM GAS  C:\Users\843E~1\AppData\Local\Temp\cchdyFZo.s 			page 14


 217:Drivers/STM32WBxx_HAL_Driver/Inc/stm32wbxx_ll_rcc.h **** #define LL_RCC_LSEDRIVE_MEDIUMHIGH         RCC_BDCR_LSEDRV_1       /*!< Xtal mode medium high drivi
 218:Drivers/STM32WBxx_HAL_Driver/Inc/stm32wbxx_ll_rcc.h **** #define LL_RCC_LSEDRIVE_HIGH               RCC_BDCR_LSEDRV         /*!< Xtal mode higher driving ca
 219:Drivers/STM32WBxx_HAL_Driver/Inc/stm32wbxx_ll_rcc.h **** /**
 220:Drivers/STM32WBxx_HAL_Driver/Inc/stm32wbxx_ll_rcc.h ****   * @}
 221:Drivers/STM32WBxx_HAL_Driver/Inc/stm32wbxx_ll_rcc.h ****   */
 222:Drivers/STM32WBxx_HAL_Driver/Inc/stm32wbxx_ll_rcc.h **** 
 223:Drivers/STM32WBxx_HAL_Driver/Inc/stm32wbxx_ll_rcc.h **** /** @defgroup RCC_LL_EC_MSIRANGE  MSI clock ranges
 224:Drivers/STM32WBxx_HAL_Driver/Inc/stm32wbxx_ll_rcc.h ****   * @{
 225:Drivers/STM32WBxx_HAL_Driver/Inc/stm32wbxx_ll_rcc.h ****   */
 226:Drivers/STM32WBxx_HAL_Driver/Inc/stm32wbxx_ll_rcc.h **** #define LL_RCC_MSIRANGE_0                  RCC_CR_MSIRANGE_0  /*!< MSI = 100 KHz  */
 227:Drivers/STM32WBxx_HAL_Driver/Inc/stm32wbxx_ll_rcc.h **** #define LL_RCC_MSIRANGE_1                  RCC_CR_MSIRANGE_1  /*!< MSI = 200 KHz  */
 228:Drivers/STM32WBxx_HAL_Driver/Inc/stm32wbxx_ll_rcc.h **** #define LL_RCC_MSIRANGE_2                  RCC_CR_MSIRANGE_2  /*!< MSI = 400 KHz  */
 229:Drivers/STM32WBxx_HAL_Driver/Inc/stm32wbxx_ll_rcc.h **** #define LL_RCC_MSIRANGE_3                  RCC_CR_MSIRANGE_3  /*!< MSI = 800 KHz  */
 230:Drivers/STM32WBxx_HAL_Driver/Inc/stm32wbxx_ll_rcc.h **** #define LL_RCC_MSIRANGE_4                  RCC_CR_MSIRANGE_4  /*!< MSI = 1 MHz    */
 231:Drivers/STM32WBxx_HAL_Driver/Inc/stm32wbxx_ll_rcc.h **** #define LL_RCC_MSIRANGE_5                  RCC_CR_MSIRANGE_5  /*!< MSI = 2 MHz    */
 232:Drivers/STM32WBxx_HAL_Driver/Inc/stm32wbxx_ll_rcc.h **** #define LL_RCC_MSIRANGE_6                  RCC_CR_MSIRANGE_6  /*!< MSI = 4 MHz    */
 233:Drivers/STM32WBxx_HAL_Driver/Inc/stm32wbxx_ll_rcc.h **** #define LL_RCC_MSIRANGE_7                  RCC_CR_MSIRANGE_7  /*!< MSI = 8 MHz    */
 234:Drivers/STM32WBxx_HAL_Driver/Inc/stm32wbxx_ll_rcc.h **** #define LL_RCC_MSIRANGE_8                  RCC_CR_MSIRANGE_8  /*!< MSI = 16 MHz   */
 235:Drivers/STM32WBxx_HAL_Driver/Inc/stm32wbxx_ll_rcc.h **** #define LL_RCC_MSIRANGE_9                  RCC_CR_MSIRANGE_9  /*!< MSI = 24 MHz   */
 236:Drivers/STM32WBxx_HAL_Driver/Inc/stm32wbxx_ll_rcc.h **** #define LL_RCC_MSIRANGE_10                 RCC_CR_MSIRANGE_10 /*!< MSI = 32 MHz   */
 237:Drivers/STM32WBxx_HAL_Driver/Inc/stm32wbxx_ll_rcc.h **** #define LL_RCC_MSIRANGE_11                 RCC_CR_MSIRANGE_11 /*!< MSI = 48 MHz   */
 238:Drivers/STM32WBxx_HAL_Driver/Inc/stm32wbxx_ll_rcc.h **** /**
 239:Drivers/STM32WBxx_HAL_Driver/Inc/stm32wbxx_ll_rcc.h ****   * @}
 240:Drivers/STM32WBxx_HAL_Driver/Inc/stm32wbxx_ll_rcc.h ****   */
 241:Drivers/STM32WBxx_HAL_Driver/Inc/stm32wbxx_ll_rcc.h **** 
 242:Drivers/STM32WBxx_HAL_Driver/Inc/stm32wbxx_ll_rcc.h **** 
 243:Drivers/STM32WBxx_HAL_Driver/Inc/stm32wbxx_ll_rcc.h **** /** @defgroup RCC_LL_EC_HSE_CURRENT_CONTROL  HSE current control max limits
 244:Drivers/STM32WBxx_HAL_Driver/Inc/stm32wbxx_ll_rcc.h ****   * @{
 245:Drivers/STM32WBxx_HAL_Driver/Inc/stm32wbxx_ll_rcc.h ****   */
 246:Drivers/STM32WBxx_HAL_Driver/Inc/stm32wbxx_ll_rcc.h **** #define LL_RCC_HSE_CURRENTMAX_0            0x000000000U                                            
 247:Drivers/STM32WBxx_HAL_Driver/Inc/stm32wbxx_ll_rcc.h **** #define LL_RCC_HSE_CURRENTMAX_1            RCC_HSECR_HSEGMC0                                       
 248:Drivers/STM32WBxx_HAL_Driver/Inc/stm32wbxx_ll_rcc.h **** #define LL_RCC_HSE_CURRENTMAX_2            RCC_HSECR_HSEGMC1                                       
 249:Drivers/STM32WBxx_HAL_Driver/Inc/stm32wbxx_ll_rcc.h **** #define LL_RCC_HSE_CURRENTMAX_3            (RCC_HSECR_HSEGMC1|RCC_HSECR_HSEGMC0)                   
 250:Drivers/STM32WBxx_HAL_Driver/Inc/stm32wbxx_ll_rcc.h **** #define LL_RCC_HSE_CURRENTMAX_4            RCC_HSECR_HSEGMC2                                       
 251:Drivers/STM32WBxx_HAL_Driver/Inc/stm32wbxx_ll_rcc.h **** #define LL_RCC_HSE_CURRENTMAX_5            (RCC_HSECR_HSEGMC2|RCC_HSECR_HSEGMC0)                   
 252:Drivers/STM32WBxx_HAL_Driver/Inc/stm32wbxx_ll_rcc.h **** #define LL_RCC_HSE_CURRENTMAX_6            (RCC_HSECR_HSEGMC2|RCC_HSECR_HSEGMC1)                   
 253:Drivers/STM32WBxx_HAL_Driver/Inc/stm32wbxx_ll_rcc.h **** #define LL_RCC_HSE_CURRENTMAX_7            (RCC_HSECR_HSEGMC2|RCC_HSECR_HSEGMC1|RCC_HSECR_HSEGMC0) 
 254:Drivers/STM32WBxx_HAL_Driver/Inc/stm32wbxx_ll_rcc.h **** /**
 255:Drivers/STM32WBxx_HAL_Driver/Inc/stm32wbxx_ll_rcc.h ****   * @}
 256:Drivers/STM32WBxx_HAL_Driver/Inc/stm32wbxx_ll_rcc.h ****   */
 257:Drivers/STM32WBxx_HAL_Driver/Inc/stm32wbxx_ll_rcc.h **** 
 258:Drivers/STM32WBxx_HAL_Driver/Inc/stm32wbxx_ll_rcc.h **** /** @defgroup RCC_LL_EC_HSE_SENSE_AMPLIFIER  HSE sense amplifier threshold
 259:Drivers/STM32WBxx_HAL_Driver/Inc/stm32wbxx_ll_rcc.h ****   * @{
 260:Drivers/STM32WBxx_HAL_Driver/Inc/stm32wbxx_ll_rcc.h ****   */
 261:Drivers/STM32WBxx_HAL_Driver/Inc/stm32wbxx_ll_rcc.h **** #define LL_RCC_HSEAMPTHRESHOLD_1_2         (0x000000000U)        /*!< HSE sense amplifier bias curr
 262:Drivers/STM32WBxx_HAL_Driver/Inc/stm32wbxx_ll_rcc.h **** #define LL_RCC_HSEAMPTHRESHOLD_3_4         RCC_HSECR_HSES        /*!< HSE sense amplifier bias curr
 263:Drivers/STM32WBxx_HAL_Driver/Inc/stm32wbxx_ll_rcc.h **** /**
 264:Drivers/STM32WBxx_HAL_Driver/Inc/stm32wbxx_ll_rcc.h ****   * @}
 265:Drivers/STM32WBxx_HAL_Driver/Inc/stm32wbxx_ll_rcc.h ****   */
 266:Drivers/STM32WBxx_HAL_Driver/Inc/stm32wbxx_ll_rcc.h **** 
 267:Drivers/STM32WBxx_HAL_Driver/Inc/stm32wbxx_ll_rcc.h **** /** @defgroup RCC_LL_EC_LSCO_CLKSOURCE  LSCO Selection
 268:Drivers/STM32WBxx_HAL_Driver/Inc/stm32wbxx_ll_rcc.h ****   * @{
 269:Drivers/STM32WBxx_HAL_Driver/Inc/stm32wbxx_ll_rcc.h ****   */
 270:Drivers/STM32WBxx_HAL_Driver/Inc/stm32wbxx_ll_rcc.h **** #define LL_RCC_LSCO_CLKSOURCE_LSI          0x00000000U           /*!< LSI selection for low speed c
 271:Drivers/STM32WBxx_HAL_Driver/Inc/stm32wbxx_ll_rcc.h **** #define LL_RCC_LSCO_CLKSOURCE_LSE          RCC_BDCR_LSCOSEL      /*!< LSE selection for low speed c
 272:Drivers/STM32WBxx_HAL_Driver/Inc/stm32wbxx_ll_rcc.h **** /**
 273:Drivers/STM32WBxx_HAL_Driver/Inc/stm32wbxx_ll_rcc.h ****   * @}
ARM GAS  C:\Users\843E~1\AppData\Local\Temp\cchdyFZo.s 			page 15


 274:Drivers/STM32WBxx_HAL_Driver/Inc/stm32wbxx_ll_rcc.h ****   */
 275:Drivers/STM32WBxx_HAL_Driver/Inc/stm32wbxx_ll_rcc.h **** 
 276:Drivers/STM32WBxx_HAL_Driver/Inc/stm32wbxx_ll_rcc.h **** /** @defgroup RCC_LL_EC_SYS_CLKSOURCE  System clock switch
 277:Drivers/STM32WBxx_HAL_Driver/Inc/stm32wbxx_ll_rcc.h ****   * @{
 278:Drivers/STM32WBxx_HAL_Driver/Inc/stm32wbxx_ll_rcc.h ****   */
 279:Drivers/STM32WBxx_HAL_Driver/Inc/stm32wbxx_ll_rcc.h **** #define LL_RCC_SYS_CLKSOURCE_MSI           0x00000000U                       /*!< MSI selection as 
 280:Drivers/STM32WBxx_HAL_Driver/Inc/stm32wbxx_ll_rcc.h **** #define LL_RCC_SYS_CLKSOURCE_HSI           RCC_CFGR_SW_0                     /*!< HSI selection as 
 281:Drivers/STM32WBxx_HAL_Driver/Inc/stm32wbxx_ll_rcc.h **** #define LL_RCC_SYS_CLKSOURCE_HSE           RCC_CFGR_SW_1                     /*!< HSE selection as 
 282:Drivers/STM32WBxx_HAL_Driver/Inc/stm32wbxx_ll_rcc.h **** #define LL_RCC_SYS_CLKSOURCE_PLL           (RCC_CFGR_SW_1 | RCC_CFGR_SW_0)   /*!< PLL selection as 
 283:Drivers/STM32WBxx_HAL_Driver/Inc/stm32wbxx_ll_rcc.h **** /**
 284:Drivers/STM32WBxx_HAL_Driver/Inc/stm32wbxx_ll_rcc.h ****   * @}
 285:Drivers/STM32WBxx_HAL_Driver/Inc/stm32wbxx_ll_rcc.h ****   */
 286:Drivers/STM32WBxx_HAL_Driver/Inc/stm32wbxx_ll_rcc.h **** 
 287:Drivers/STM32WBxx_HAL_Driver/Inc/stm32wbxx_ll_rcc.h **** /** @defgroup RCC_LL_EC_SYS_CLKSOURCE_STATUS  System clock switch status
 288:Drivers/STM32WBxx_HAL_Driver/Inc/stm32wbxx_ll_rcc.h ****   * @{
 289:Drivers/STM32WBxx_HAL_Driver/Inc/stm32wbxx_ll_rcc.h ****   */
 290:Drivers/STM32WBxx_HAL_Driver/Inc/stm32wbxx_ll_rcc.h **** #define LL_RCC_SYS_CLKSOURCE_STATUS_MSI    0x00000000U                       /*!< MSI used as syste
 291:Drivers/STM32WBxx_HAL_Driver/Inc/stm32wbxx_ll_rcc.h **** #define LL_RCC_SYS_CLKSOURCE_STATUS_HSI    RCC_CFGR_SWS_0                    /*!< HSI used as syste
 292:Drivers/STM32WBxx_HAL_Driver/Inc/stm32wbxx_ll_rcc.h **** #define LL_RCC_SYS_CLKSOURCE_STATUS_HSE    RCC_CFGR_SWS_1                    /*!< HSE used as syste
 293:Drivers/STM32WBxx_HAL_Driver/Inc/stm32wbxx_ll_rcc.h **** #define LL_RCC_SYS_CLKSOURCE_STATUS_PLL    (RCC_CFGR_SWS_1 | RCC_CFGR_SWS_0) /*!< PLL used as syste
 294:Drivers/STM32WBxx_HAL_Driver/Inc/stm32wbxx_ll_rcc.h **** /**
 295:Drivers/STM32WBxx_HAL_Driver/Inc/stm32wbxx_ll_rcc.h ****   * @}
 296:Drivers/STM32WBxx_HAL_Driver/Inc/stm32wbxx_ll_rcc.h ****   */
 297:Drivers/STM32WBxx_HAL_Driver/Inc/stm32wbxx_ll_rcc.h **** 
 298:Drivers/STM32WBxx_HAL_Driver/Inc/stm32wbxx_ll_rcc.h **** /** @defgroup RCC_LL_EC_RF_CLKSOURCE_STATUS  RF system clock switch status
 299:Drivers/STM32WBxx_HAL_Driver/Inc/stm32wbxx_ll_rcc.h ****   * @{
 300:Drivers/STM32WBxx_HAL_Driver/Inc/stm32wbxx_ll_rcc.h ****   */
 301:Drivers/STM32WBxx_HAL_Driver/Inc/stm32wbxx_ll_rcc.h **** #define LL_RCC_RF_CLKSOURCE_HSI            0x00000000U        /*!< HSI used as RF system clock     
 302:Drivers/STM32WBxx_HAL_Driver/Inc/stm32wbxx_ll_rcc.h **** #define LL_RCC_RF_CLKSOURCE_HSE_DIV2       RCC_EXTCFGR_RFCSS  /*!< HSE divided by 2 used as RF syst
 303:Drivers/STM32WBxx_HAL_Driver/Inc/stm32wbxx_ll_rcc.h **** /**
 304:Drivers/STM32WBxx_HAL_Driver/Inc/stm32wbxx_ll_rcc.h ****   * @}
 305:Drivers/STM32WBxx_HAL_Driver/Inc/stm32wbxx_ll_rcc.h ****   */
 306:Drivers/STM32WBxx_HAL_Driver/Inc/stm32wbxx_ll_rcc.h **** 
 307:Drivers/STM32WBxx_HAL_Driver/Inc/stm32wbxx_ll_rcc.h **** /** @defgroup RCC_LL_EC_SYSCLK_DIV  AHB prescaler
 308:Drivers/STM32WBxx_HAL_Driver/Inc/stm32wbxx_ll_rcc.h ****   * @{
 309:Drivers/STM32WBxx_HAL_Driver/Inc/stm32wbxx_ll_rcc.h ****   */
 310:Drivers/STM32WBxx_HAL_Driver/Inc/stm32wbxx_ll_rcc.h **** #define LL_RCC_SYSCLK_DIV_1                0x00000000U                                             
 311:Drivers/STM32WBxx_HAL_Driver/Inc/stm32wbxx_ll_rcc.h **** #define LL_RCC_SYSCLK_DIV_2                RCC_CFGR_HPRE_3                                         
 312:Drivers/STM32WBxx_HAL_Driver/Inc/stm32wbxx_ll_rcc.h **** #define LL_RCC_SYSCLK_DIV_3                RCC_CFGR_HPRE_0                                         
 313:Drivers/STM32WBxx_HAL_Driver/Inc/stm32wbxx_ll_rcc.h **** #define LL_RCC_SYSCLK_DIV_4                (RCC_CFGR_HPRE_3 | RCC_CFGR_HPRE_0)                     
 314:Drivers/STM32WBxx_HAL_Driver/Inc/stm32wbxx_ll_rcc.h **** #define LL_RCC_SYSCLK_DIV_5                RCC_CFGR_HPRE_1                                         
 315:Drivers/STM32WBxx_HAL_Driver/Inc/stm32wbxx_ll_rcc.h **** #define LL_RCC_SYSCLK_DIV_6                (RCC_CFGR_HPRE_2 | RCC_CFGR_HPRE_0)                     
 316:Drivers/STM32WBxx_HAL_Driver/Inc/stm32wbxx_ll_rcc.h **** #define LL_RCC_SYSCLK_DIV_8                (RCC_CFGR_HPRE_3 | RCC_CFGR_HPRE_1)                     
 317:Drivers/STM32WBxx_HAL_Driver/Inc/stm32wbxx_ll_rcc.h **** #define LL_RCC_SYSCLK_DIV_10               (RCC_CFGR_HPRE_2 | RCC_CFGR_HPRE_1)                     
 318:Drivers/STM32WBxx_HAL_Driver/Inc/stm32wbxx_ll_rcc.h **** #define LL_RCC_SYSCLK_DIV_16               (RCC_CFGR_HPRE_3 | RCC_CFGR_HPRE_1 | RCC_CFGR_HPRE_0)   
 319:Drivers/STM32WBxx_HAL_Driver/Inc/stm32wbxx_ll_rcc.h **** #define LL_RCC_SYSCLK_DIV_32               (RCC_CFGR_HPRE_2 | RCC_CFGR_HPRE_1 | RCC_CFGR_HPRE_0)   
 320:Drivers/STM32WBxx_HAL_Driver/Inc/stm32wbxx_ll_rcc.h **** #define LL_RCC_SYSCLK_DIV_64               (RCC_CFGR_HPRE_3 | RCC_CFGR_HPRE_2)                     
 321:Drivers/STM32WBxx_HAL_Driver/Inc/stm32wbxx_ll_rcc.h **** #define LL_RCC_SYSCLK_DIV_128              (RCC_CFGR_HPRE_3 | RCC_CFGR_HPRE_2 | RCC_CFGR_HPRE_0)   
 322:Drivers/STM32WBxx_HAL_Driver/Inc/stm32wbxx_ll_rcc.h **** #define LL_RCC_SYSCLK_DIV_256              (RCC_CFGR_HPRE_3 | RCC_CFGR_HPRE_2 | RCC_CFGR_HPRE_1)   
 323:Drivers/STM32WBxx_HAL_Driver/Inc/stm32wbxx_ll_rcc.h **** #define LL_RCC_SYSCLK_DIV_512              (RCC_CFGR_HPRE_3 | RCC_CFGR_HPRE_2 | RCC_CFGR_HPRE_1 | R
 324:Drivers/STM32WBxx_HAL_Driver/Inc/stm32wbxx_ll_rcc.h **** /**
 325:Drivers/STM32WBxx_HAL_Driver/Inc/stm32wbxx_ll_rcc.h ****   * @}
 326:Drivers/STM32WBxx_HAL_Driver/Inc/stm32wbxx_ll_rcc.h ****   */
 327:Drivers/STM32WBxx_HAL_Driver/Inc/stm32wbxx_ll_rcc.h **** 
 328:Drivers/STM32WBxx_HAL_Driver/Inc/stm32wbxx_ll_rcc.h **** /** @defgroup RCC_LL_EC_APB1_DIV  APB low-speed prescaler (APB1)
 329:Drivers/STM32WBxx_HAL_Driver/Inc/stm32wbxx_ll_rcc.h ****   * @{
 330:Drivers/STM32WBxx_HAL_Driver/Inc/stm32wbxx_ll_rcc.h ****   */
ARM GAS  C:\Users\843E~1\AppData\Local\Temp\cchdyFZo.s 			page 16


 331:Drivers/STM32WBxx_HAL_Driver/Inc/stm32wbxx_ll_rcc.h **** #define LL_RCC_APB1_DIV_1                  0x00000000U                                             
 332:Drivers/STM32WBxx_HAL_Driver/Inc/stm32wbxx_ll_rcc.h **** #define LL_RCC_APB1_DIV_2                  RCC_CFGR_PPRE1_2                                        
 333:Drivers/STM32WBxx_HAL_Driver/Inc/stm32wbxx_ll_rcc.h **** #define LL_RCC_APB1_DIV_4                  (RCC_CFGR_PPRE1_2 | RCC_CFGR_PPRE1_0)                   
 334:Drivers/STM32WBxx_HAL_Driver/Inc/stm32wbxx_ll_rcc.h **** #define LL_RCC_APB1_DIV_8                  (RCC_CFGR_PPRE1_2 | RCC_CFGR_PPRE1_1)                   
 335:Drivers/STM32WBxx_HAL_Driver/Inc/stm32wbxx_ll_rcc.h **** #define LL_RCC_APB1_DIV_16                 (RCC_CFGR_PPRE1_2 | RCC_CFGR_PPRE1_1 | RCC_CFGR_PPRE1_0)
 336:Drivers/STM32WBxx_HAL_Driver/Inc/stm32wbxx_ll_rcc.h **** /**
 337:Drivers/STM32WBxx_HAL_Driver/Inc/stm32wbxx_ll_rcc.h ****   * @}
 338:Drivers/STM32WBxx_HAL_Driver/Inc/stm32wbxx_ll_rcc.h ****   */
 339:Drivers/STM32WBxx_HAL_Driver/Inc/stm32wbxx_ll_rcc.h **** 
 340:Drivers/STM32WBxx_HAL_Driver/Inc/stm32wbxx_ll_rcc.h **** /** @defgroup RCC_LL_EC_APB2_DIV  APB high-speed prescaler (APB2)
 341:Drivers/STM32WBxx_HAL_Driver/Inc/stm32wbxx_ll_rcc.h ****   * @{
 342:Drivers/STM32WBxx_HAL_Driver/Inc/stm32wbxx_ll_rcc.h ****   */
 343:Drivers/STM32WBxx_HAL_Driver/Inc/stm32wbxx_ll_rcc.h **** #define LL_RCC_APB2_DIV_1                  0x00000000U                                             
 344:Drivers/STM32WBxx_HAL_Driver/Inc/stm32wbxx_ll_rcc.h **** #define LL_RCC_APB2_DIV_2                  RCC_CFGR_PPRE2_2                                        
 345:Drivers/STM32WBxx_HAL_Driver/Inc/stm32wbxx_ll_rcc.h **** #define LL_RCC_APB2_DIV_4                  (RCC_CFGR_PPRE2_2 | RCC_CFGR_PPRE2_0)                   
 346:Drivers/STM32WBxx_HAL_Driver/Inc/stm32wbxx_ll_rcc.h **** #define LL_RCC_APB2_DIV_8                  (RCC_CFGR_PPRE2_2 | RCC_CFGR_PPRE2_1)                   
 347:Drivers/STM32WBxx_HAL_Driver/Inc/stm32wbxx_ll_rcc.h **** #define LL_RCC_APB2_DIV_16                 (RCC_CFGR_PPRE2_2 | RCC_CFGR_PPRE2_1 | RCC_CFGR_PPRE2_0)
 348:Drivers/STM32WBxx_HAL_Driver/Inc/stm32wbxx_ll_rcc.h **** /**
 349:Drivers/STM32WBxx_HAL_Driver/Inc/stm32wbxx_ll_rcc.h ****   * @}
 350:Drivers/STM32WBxx_HAL_Driver/Inc/stm32wbxx_ll_rcc.h ****   */
 351:Drivers/STM32WBxx_HAL_Driver/Inc/stm32wbxx_ll_rcc.h **** 
 352:Drivers/STM32WBxx_HAL_Driver/Inc/stm32wbxx_ll_rcc.h **** /** @defgroup RCC_LL_EC_STOP_WAKEUPCLOCK  Wakeup from Stop and CSS backup clock selection
 353:Drivers/STM32WBxx_HAL_Driver/Inc/stm32wbxx_ll_rcc.h ****   * @{
 354:Drivers/STM32WBxx_HAL_Driver/Inc/stm32wbxx_ll_rcc.h ****   */
 355:Drivers/STM32WBxx_HAL_Driver/Inc/stm32wbxx_ll_rcc.h **** #define LL_RCC_STOP_WAKEUPCLOCK_MSI        0x00000000U             /*!< MSI selection after wake-up
 356:Drivers/STM32WBxx_HAL_Driver/Inc/stm32wbxx_ll_rcc.h **** #define LL_RCC_STOP_WAKEUPCLOCK_HSI        RCC_CFGR_STOPWUCK       /*!< HSI selection after wake-up
 357:Drivers/STM32WBxx_HAL_Driver/Inc/stm32wbxx_ll_rcc.h **** /**
 358:Drivers/STM32WBxx_HAL_Driver/Inc/stm32wbxx_ll_rcc.h ****   * @}
 359:Drivers/STM32WBxx_HAL_Driver/Inc/stm32wbxx_ll_rcc.h ****   */
 360:Drivers/STM32WBxx_HAL_Driver/Inc/stm32wbxx_ll_rcc.h **** 
 361:Drivers/STM32WBxx_HAL_Driver/Inc/stm32wbxx_ll_rcc.h **** /** @defgroup RCC_LL_EC_MCO1SOURCE  MCO1 SOURCE selection
 362:Drivers/STM32WBxx_HAL_Driver/Inc/stm32wbxx_ll_rcc.h ****   * @{
 363:Drivers/STM32WBxx_HAL_Driver/Inc/stm32wbxx_ll_rcc.h ****   */
 364:Drivers/STM32WBxx_HAL_Driver/Inc/stm32wbxx_ll_rcc.h **** #define LL_RCC_MCO1SOURCE_NOCLOCK          0x00000000U                                   /*!< MCO o
 365:Drivers/STM32WBxx_HAL_Driver/Inc/stm32wbxx_ll_rcc.h **** #define LL_RCC_MCO1SOURCE_SYSCLK           RCC_CFGR_MCOSEL_0                             /*!< SYSCL
 366:Drivers/STM32WBxx_HAL_Driver/Inc/stm32wbxx_ll_rcc.h **** #define LL_RCC_MCO1SOURCE_MSI              RCC_CFGR_MCOSEL_1                             /*!< MSI s
 367:Drivers/STM32WBxx_HAL_Driver/Inc/stm32wbxx_ll_rcc.h **** #define LL_RCC_MCO1SOURCE_HSI              (RCC_CFGR_MCOSEL_0| RCC_CFGR_MCOSEL_1)        /*!< HSI s
 368:Drivers/STM32WBxx_HAL_Driver/Inc/stm32wbxx_ll_rcc.h **** #define LL_RCC_MCO1SOURCE_HSE              RCC_CFGR_MCOSEL_2                             /*!< HSE a
 369:Drivers/STM32WBxx_HAL_Driver/Inc/stm32wbxx_ll_rcc.h **** #define LL_RCC_MCO1SOURCE_PLLCLK           (RCC_CFGR_MCOSEL_0|RCC_CFGR_MCOSEL_2)         /*!< Main 
 370:Drivers/STM32WBxx_HAL_Driver/Inc/stm32wbxx_ll_rcc.h **** #define LL_RCC_MCO1SOURCE_LSI1             (RCC_CFGR_MCOSEL_1|RCC_CFGR_MCOSEL_2)         /*!< LSI1 
 371:Drivers/STM32WBxx_HAL_Driver/Inc/stm32wbxx_ll_rcc.h **** #define LL_RCC_MCO1SOURCE_LSI2             (RCC_CFGR_MCOSEL_0|RCC_CFGR_MCOSEL_1|RCC_CFGR_MCOSEL_2) 
 372:Drivers/STM32WBxx_HAL_Driver/Inc/stm32wbxx_ll_rcc.h **** #define LL_RCC_MCO1SOURCE_LSE              RCC_CFGR_MCOSEL_3                             /*!< LSE s
 373:Drivers/STM32WBxx_HAL_Driver/Inc/stm32wbxx_ll_rcc.h **** #if defined(RCC_HSI48_SUPPORT)
 374:Drivers/STM32WBxx_HAL_Driver/Inc/stm32wbxx_ll_rcc.h **** #define LL_RCC_MCO1SOURCE_HSI48            (RCC_CFGR_MCOSEL_0|RCC_CFGR_MCOSEL_3)         /*!< HSI48
 375:Drivers/STM32WBxx_HAL_Driver/Inc/stm32wbxx_ll_rcc.h **** #endif /* RCC_HSI48_SUPPORT */
 376:Drivers/STM32WBxx_HAL_Driver/Inc/stm32wbxx_ll_rcc.h **** #define LL_RCC_MCO1SOURCE_HSE_BEFORE_STAB  (RCC_CFGR_MCOSEL_2|RCC_CFGR_MCOSEL_3)         /*!< HSE b
 377:Drivers/STM32WBxx_HAL_Driver/Inc/stm32wbxx_ll_rcc.h **** /**
 378:Drivers/STM32WBxx_HAL_Driver/Inc/stm32wbxx_ll_rcc.h ****   * @}
 379:Drivers/STM32WBxx_HAL_Driver/Inc/stm32wbxx_ll_rcc.h ****   */
 380:Drivers/STM32WBxx_HAL_Driver/Inc/stm32wbxx_ll_rcc.h **** 
 381:Drivers/STM32WBxx_HAL_Driver/Inc/stm32wbxx_ll_rcc.h **** /** @defgroup RCC_LL_EC_MCO1_DIV  MCO1 prescaler
 382:Drivers/STM32WBxx_HAL_Driver/Inc/stm32wbxx_ll_rcc.h ****   * @{
 383:Drivers/STM32WBxx_HAL_Driver/Inc/stm32wbxx_ll_rcc.h ****   */
 384:Drivers/STM32WBxx_HAL_Driver/Inc/stm32wbxx_ll_rcc.h **** #define LL_RCC_MCO1_DIV_1                  0x00000000U                               /*!< MCO not d
 385:Drivers/STM32WBxx_HAL_Driver/Inc/stm32wbxx_ll_rcc.h **** #define LL_RCC_MCO1_DIV_2                  RCC_CFGR_MCOPRE_0                         /*!< MCO divid
 386:Drivers/STM32WBxx_HAL_Driver/Inc/stm32wbxx_ll_rcc.h **** #define LL_RCC_MCO1_DIV_4                  RCC_CFGR_MCOPRE_1                         /*!< MCO divid
 387:Drivers/STM32WBxx_HAL_Driver/Inc/stm32wbxx_ll_rcc.h **** #define LL_RCC_MCO1_DIV_8                  (RCC_CFGR_MCOPRE_1 | RCC_CFGR_MCOPRE_0)   /*!< MCO divid
ARM GAS  C:\Users\843E~1\AppData\Local\Temp\cchdyFZo.s 			page 17


 388:Drivers/STM32WBxx_HAL_Driver/Inc/stm32wbxx_ll_rcc.h **** #define LL_RCC_MCO1_DIV_16                 RCC_CFGR_MCOPRE_2                         /*!< MCO divid
 389:Drivers/STM32WBxx_HAL_Driver/Inc/stm32wbxx_ll_rcc.h **** /**
 390:Drivers/STM32WBxx_HAL_Driver/Inc/stm32wbxx_ll_rcc.h ****   * @}
 391:Drivers/STM32WBxx_HAL_Driver/Inc/stm32wbxx_ll_rcc.h ****   */
 392:Drivers/STM32WBxx_HAL_Driver/Inc/stm32wbxx_ll_rcc.h **** 
 393:Drivers/STM32WBxx_HAL_Driver/Inc/stm32wbxx_ll_rcc.h **** #if defined(RCC_SMPS_SUPPORT)
 394:Drivers/STM32WBxx_HAL_Driver/Inc/stm32wbxx_ll_rcc.h **** /** @defgroup RCC_LL_EC_SMPS_CLKSOURCE  SMPS clock switch
 395:Drivers/STM32WBxx_HAL_Driver/Inc/stm32wbxx_ll_rcc.h ****   * @{
 396:Drivers/STM32WBxx_HAL_Driver/Inc/stm32wbxx_ll_rcc.h ****   */
 397:Drivers/STM32WBxx_HAL_Driver/Inc/stm32wbxx_ll_rcc.h **** #define LL_RCC_SMPS_CLKSOURCE_HSI           0x00000000U             /*!< HSI selection as SMPS cloc
 398:Drivers/STM32WBxx_HAL_Driver/Inc/stm32wbxx_ll_rcc.h **** #define LL_RCC_SMPS_CLKSOURCE_MSI           RCC_SMPSCR_SMPSSEL_0    /*!< MSI selection as SMPS cloc
 399:Drivers/STM32WBxx_HAL_Driver/Inc/stm32wbxx_ll_rcc.h **** #define LL_RCC_SMPS_CLKSOURCE_HSE           RCC_SMPSCR_SMPSSEL_1    /*!< HSE selection as SMPS cloc
 400:Drivers/STM32WBxx_HAL_Driver/Inc/stm32wbxx_ll_rcc.h **** /**
 401:Drivers/STM32WBxx_HAL_Driver/Inc/stm32wbxx_ll_rcc.h ****   * @}
 402:Drivers/STM32WBxx_HAL_Driver/Inc/stm32wbxx_ll_rcc.h ****   */
 403:Drivers/STM32WBxx_HAL_Driver/Inc/stm32wbxx_ll_rcc.h **** 
 404:Drivers/STM32WBxx_HAL_Driver/Inc/stm32wbxx_ll_rcc.h **** /** @defgroup RCC_LL_EC_SMPS_CLKSOURCE_STATUS  SMPS clock switch status
 405:Drivers/STM32WBxx_HAL_Driver/Inc/stm32wbxx_ll_rcc.h ****   * @{
 406:Drivers/STM32WBxx_HAL_Driver/Inc/stm32wbxx_ll_rcc.h ****   */
 407:Drivers/STM32WBxx_HAL_Driver/Inc/stm32wbxx_ll_rcc.h **** #define LL_RCC_SMPS_CLKSOURCE_STATUS_HSI       0x00000000U                                   /*!< H
 408:Drivers/STM32WBxx_HAL_Driver/Inc/stm32wbxx_ll_rcc.h **** #define LL_RCC_SMPS_CLKSOURCE_STATUS_MSI       RCC_SMPSCR_SMPSSWS_0                          /*!< M
 409:Drivers/STM32WBxx_HAL_Driver/Inc/stm32wbxx_ll_rcc.h **** #define LL_RCC_SMPS_CLKSOURCE_STATUS_HSE       RCC_SMPSCR_SMPSSWS_1                          /*!< H
 410:Drivers/STM32WBxx_HAL_Driver/Inc/stm32wbxx_ll_rcc.h **** #define LL_RCC_SMPS_CLKSOURCE_STATUS_NO_CLOCK  (RCC_SMPSCR_SMPSSWS_0|RCC_SMPSCR_SMPSSWS_1)   /*!< N
 411:Drivers/STM32WBxx_HAL_Driver/Inc/stm32wbxx_ll_rcc.h **** /**
 412:Drivers/STM32WBxx_HAL_Driver/Inc/stm32wbxx_ll_rcc.h ****   * @}
 413:Drivers/STM32WBxx_HAL_Driver/Inc/stm32wbxx_ll_rcc.h ****   */
 414:Drivers/STM32WBxx_HAL_Driver/Inc/stm32wbxx_ll_rcc.h **** 
 415:Drivers/STM32WBxx_HAL_Driver/Inc/stm32wbxx_ll_rcc.h **** /** @defgroup RCC_LL_EC_SMPS_DIV  SMPS prescaler
 416:Drivers/STM32WBxx_HAL_Driver/Inc/stm32wbxx_ll_rcc.h ****     * @{
 417:Drivers/STM32WBxx_HAL_Driver/Inc/stm32wbxx_ll_rcc.h ****     */
 418:Drivers/STM32WBxx_HAL_Driver/Inc/stm32wbxx_ll_rcc.h **** #define LL_RCC_SMPS_DIV_0                  (0x00000000U)                                     /*!< S
 419:Drivers/STM32WBxx_HAL_Driver/Inc/stm32wbxx_ll_rcc.h **** #define LL_RCC_SMPS_DIV_1                  RCC_SMPSCR_SMPSDIV_0                              /*!< S
 420:Drivers/STM32WBxx_HAL_Driver/Inc/stm32wbxx_ll_rcc.h **** #define LL_RCC_SMPS_DIV_2                  RCC_SMPSCR_SMPSDIV_1                              /*!< S
 421:Drivers/STM32WBxx_HAL_Driver/Inc/stm32wbxx_ll_rcc.h **** #define LL_RCC_SMPS_DIV_3                  (RCC_SMPSCR_SMPSDIV_0|RCC_SMPSCR_SMPSDIV_1)       /*!< S
 422:Drivers/STM32WBxx_HAL_Driver/Inc/stm32wbxx_ll_rcc.h **** /**
 423:Drivers/STM32WBxx_HAL_Driver/Inc/stm32wbxx_ll_rcc.h ****     * @}
 424:Drivers/STM32WBxx_HAL_Driver/Inc/stm32wbxx_ll_rcc.h ****     */
 425:Drivers/STM32WBxx_HAL_Driver/Inc/stm32wbxx_ll_rcc.h **** #endif /* RCC_SMPS_SUPPORT */
 426:Drivers/STM32WBxx_HAL_Driver/Inc/stm32wbxx_ll_rcc.h **** 
 427:Drivers/STM32WBxx_HAL_Driver/Inc/stm32wbxx_ll_rcc.h **** #if defined(USE_FULL_LL_DRIVER)
 428:Drivers/STM32WBxx_HAL_Driver/Inc/stm32wbxx_ll_rcc.h **** /** @defgroup RCC_LL_EC_PERIPH_FREQUENCY Peripheral clock frequency
 429:Drivers/STM32WBxx_HAL_Driver/Inc/stm32wbxx_ll_rcc.h ****   * @{
 430:Drivers/STM32WBxx_HAL_Driver/Inc/stm32wbxx_ll_rcc.h ****   */
 431:Drivers/STM32WBxx_HAL_Driver/Inc/stm32wbxx_ll_rcc.h **** #define LL_RCC_PERIPH_FREQUENCY_NO         0x00000000U                 /*!< No clock enabled for th
 432:Drivers/STM32WBxx_HAL_Driver/Inc/stm32wbxx_ll_rcc.h **** #define LL_RCC_PERIPH_FREQUENCY_NA         0xFFFFFFFFU                 /*!< Frequency cannot be pro
 433:Drivers/STM32WBxx_HAL_Driver/Inc/stm32wbxx_ll_rcc.h **** /**
 434:Drivers/STM32WBxx_HAL_Driver/Inc/stm32wbxx_ll_rcc.h ****   * @}
 435:Drivers/STM32WBxx_HAL_Driver/Inc/stm32wbxx_ll_rcc.h ****   */
 436:Drivers/STM32WBxx_HAL_Driver/Inc/stm32wbxx_ll_rcc.h **** #endif /* USE_FULL_LL_DRIVER */
 437:Drivers/STM32WBxx_HAL_Driver/Inc/stm32wbxx_ll_rcc.h **** 
 438:Drivers/STM32WBxx_HAL_Driver/Inc/stm32wbxx_ll_rcc.h **** /** @defgroup RCC_LL_EC_USART1_CLKSOURCE USART1 CLKSOURCE
 439:Drivers/STM32WBxx_HAL_Driver/Inc/stm32wbxx_ll_rcc.h ****   * @{
 440:Drivers/STM32WBxx_HAL_Driver/Inc/stm32wbxx_ll_rcc.h ****   */
 441:Drivers/STM32WBxx_HAL_Driver/Inc/stm32wbxx_ll_rcc.h **** #define LL_RCC_USART1_CLKSOURCE_PCLK2      0x00000000U                /*!< PCLK2 selected as USART1
 442:Drivers/STM32WBxx_HAL_Driver/Inc/stm32wbxx_ll_rcc.h **** #define LL_RCC_USART1_CLKSOURCE_SYSCLK     RCC_CCIPR_USART1SEL_0      /*!< SYSCLK selected as USART
 443:Drivers/STM32WBxx_HAL_Driver/Inc/stm32wbxx_ll_rcc.h **** #define LL_RCC_USART1_CLKSOURCE_HSI        RCC_CCIPR_USART1SEL_1      /*!< HSI selected as USART1 c
 444:Drivers/STM32WBxx_HAL_Driver/Inc/stm32wbxx_ll_rcc.h **** #define LL_RCC_USART1_CLKSOURCE_LSE        RCC_CCIPR_USART1SEL        /*!< LSE selected as USART1 c
ARM GAS  C:\Users\843E~1\AppData\Local\Temp\cchdyFZo.s 			page 18


 445:Drivers/STM32WBxx_HAL_Driver/Inc/stm32wbxx_ll_rcc.h **** /**
 446:Drivers/STM32WBxx_HAL_Driver/Inc/stm32wbxx_ll_rcc.h ****   * @}
 447:Drivers/STM32WBxx_HAL_Driver/Inc/stm32wbxx_ll_rcc.h ****   */
 448:Drivers/STM32WBxx_HAL_Driver/Inc/stm32wbxx_ll_rcc.h **** 
 449:Drivers/STM32WBxx_HAL_Driver/Inc/stm32wbxx_ll_rcc.h **** #if defined(LPUART1)
 450:Drivers/STM32WBxx_HAL_Driver/Inc/stm32wbxx_ll_rcc.h **** /** @defgroup RCC_LL_EC_LPUART1_CLKSOURCE LPUART1 CLKSOURCE
 451:Drivers/STM32WBxx_HAL_Driver/Inc/stm32wbxx_ll_rcc.h ****   * @{
 452:Drivers/STM32WBxx_HAL_Driver/Inc/stm32wbxx_ll_rcc.h ****   */
 453:Drivers/STM32WBxx_HAL_Driver/Inc/stm32wbxx_ll_rcc.h **** #define LL_RCC_LPUART1_CLKSOURCE_PCLK1     0x00000000U               /*!< PCLK1 selected as LPUART1
 454:Drivers/STM32WBxx_HAL_Driver/Inc/stm32wbxx_ll_rcc.h **** #define LL_RCC_LPUART1_CLKSOURCE_SYSCLK    RCC_CCIPR_LPUART1SEL_0    /*!< SYCLK selected as LPUART1
 455:Drivers/STM32WBxx_HAL_Driver/Inc/stm32wbxx_ll_rcc.h **** #define LL_RCC_LPUART1_CLKSOURCE_HSI       RCC_CCIPR_LPUART1SEL_1    /*!< HSI selected as LPUART1 c
 456:Drivers/STM32WBxx_HAL_Driver/Inc/stm32wbxx_ll_rcc.h **** #define LL_RCC_LPUART1_CLKSOURCE_LSE       RCC_CCIPR_LPUART1SEL      /*!< LSE selected as LPUART1 c
 457:Drivers/STM32WBxx_HAL_Driver/Inc/stm32wbxx_ll_rcc.h **** /**
 458:Drivers/STM32WBxx_HAL_Driver/Inc/stm32wbxx_ll_rcc.h ****   * @}
 459:Drivers/STM32WBxx_HAL_Driver/Inc/stm32wbxx_ll_rcc.h ****   */
 460:Drivers/STM32WBxx_HAL_Driver/Inc/stm32wbxx_ll_rcc.h **** #endif /* LPUART1 */
 461:Drivers/STM32WBxx_HAL_Driver/Inc/stm32wbxx_ll_rcc.h **** 
 462:Drivers/STM32WBxx_HAL_Driver/Inc/stm32wbxx_ll_rcc.h **** /** @defgroup RCC_LL_EC_I2Cx_CLKSOURCE I2Cx CLKSOURCE
 463:Drivers/STM32WBxx_HAL_Driver/Inc/stm32wbxx_ll_rcc.h ****   * @{
 464:Drivers/STM32WBxx_HAL_Driver/Inc/stm32wbxx_ll_rcc.h ****   */
 465:Drivers/STM32WBxx_HAL_Driver/Inc/stm32wbxx_ll_rcc.h **** #define LL_RCC_I2C1_CLKSOURCE_PCLK1        (uint32_t)((RCC_CCIPR_I2C1SEL << 4) | (0x00000000U >> 4)
 466:Drivers/STM32WBxx_HAL_Driver/Inc/stm32wbxx_ll_rcc.h **** #define LL_RCC_I2C1_CLKSOURCE_SYSCLK       (uint32_t)((RCC_CCIPR_I2C1SEL << 4) | (RCC_CCIPR_I2C1SEL
 467:Drivers/STM32WBxx_HAL_Driver/Inc/stm32wbxx_ll_rcc.h **** #define LL_RCC_I2C1_CLKSOURCE_HSI          (uint32_t)((RCC_CCIPR_I2C1SEL << 4) | (RCC_CCIPR_I2C1SEL
 468:Drivers/STM32WBxx_HAL_Driver/Inc/stm32wbxx_ll_rcc.h **** #if defined(I2C3)
 469:Drivers/STM32WBxx_HAL_Driver/Inc/stm32wbxx_ll_rcc.h **** #define LL_RCC_I2C3_CLKSOURCE_PCLK1        (uint32_t)((RCC_CCIPR_I2C3SEL << 4) | (0x00000000U >> 4)
 470:Drivers/STM32WBxx_HAL_Driver/Inc/stm32wbxx_ll_rcc.h **** #define LL_RCC_I2C3_CLKSOURCE_SYSCLK       (uint32_t)((RCC_CCIPR_I2C3SEL << 4) | (RCC_CCIPR_I2C3SEL
 471:Drivers/STM32WBxx_HAL_Driver/Inc/stm32wbxx_ll_rcc.h **** #define LL_RCC_I2C3_CLKSOURCE_HSI          (uint32_t)((RCC_CCIPR_I2C3SEL << 4) | (RCC_CCIPR_I2C3SEL
 472:Drivers/STM32WBxx_HAL_Driver/Inc/stm32wbxx_ll_rcc.h **** #endif /* I2C3 */
 473:Drivers/STM32WBxx_HAL_Driver/Inc/stm32wbxx_ll_rcc.h **** /**
 474:Drivers/STM32WBxx_HAL_Driver/Inc/stm32wbxx_ll_rcc.h ****   * @}
 475:Drivers/STM32WBxx_HAL_Driver/Inc/stm32wbxx_ll_rcc.h ****   */
 476:Drivers/STM32WBxx_HAL_Driver/Inc/stm32wbxx_ll_rcc.h **** 
 477:Drivers/STM32WBxx_HAL_Driver/Inc/stm32wbxx_ll_rcc.h **** /** @defgroup RCC_LL_EC_LPTIMx_CLKSOURCE LPTIMx CLKSOURCE
 478:Drivers/STM32WBxx_HAL_Driver/Inc/stm32wbxx_ll_rcc.h ****   * @{
 479:Drivers/STM32WBxx_HAL_Driver/Inc/stm32wbxx_ll_rcc.h ****   */
 480:Drivers/STM32WBxx_HAL_Driver/Inc/stm32wbxx_ll_rcc.h **** #define LL_RCC_LPTIM1_CLKSOURCE_PCLK1      (uint32_t)(RCC_CCIPR_LPTIM1SEL | (0x00000000U >> 16))   
 481:Drivers/STM32WBxx_HAL_Driver/Inc/stm32wbxx_ll_rcc.h **** #define LL_RCC_LPTIM1_CLKSOURCE_LSI        (uint32_t)(RCC_CCIPR_LPTIM1SEL | (RCC_CCIPR_LPTIM1SEL_0 
 482:Drivers/STM32WBxx_HAL_Driver/Inc/stm32wbxx_ll_rcc.h **** #define LL_RCC_LPTIM1_CLKSOURCE_HSI        (uint32_t)(RCC_CCIPR_LPTIM1SEL | (RCC_CCIPR_LPTIM1SEL_1 
 483:Drivers/STM32WBxx_HAL_Driver/Inc/stm32wbxx_ll_rcc.h **** #define LL_RCC_LPTIM1_CLKSOURCE_LSE        (uint32_t)(RCC_CCIPR_LPTIM1SEL | (RCC_CCIPR_LPTIM1SEL >>
 484:Drivers/STM32WBxx_HAL_Driver/Inc/stm32wbxx_ll_rcc.h **** #define LL_RCC_LPTIM2_CLKSOURCE_PCLK1      (uint32_t)(RCC_CCIPR_LPTIM2SEL | (0x00000000U >> 16))   
 485:Drivers/STM32WBxx_HAL_Driver/Inc/stm32wbxx_ll_rcc.h **** #define LL_RCC_LPTIM2_CLKSOURCE_LSI        (uint32_t)(RCC_CCIPR_LPTIM2SEL | (RCC_CCIPR_LPTIM2SEL_0 
 486:Drivers/STM32WBxx_HAL_Driver/Inc/stm32wbxx_ll_rcc.h **** #define LL_RCC_LPTIM2_CLKSOURCE_HSI        (uint32_t)(RCC_CCIPR_LPTIM2SEL | (RCC_CCIPR_LPTIM2SEL_1 
 487:Drivers/STM32WBxx_HAL_Driver/Inc/stm32wbxx_ll_rcc.h **** #define LL_RCC_LPTIM2_CLKSOURCE_LSE        (uint32_t)(RCC_CCIPR_LPTIM2SEL | (RCC_CCIPR_LPTIM2SEL >>
 488:Drivers/STM32WBxx_HAL_Driver/Inc/stm32wbxx_ll_rcc.h **** /**
 489:Drivers/STM32WBxx_HAL_Driver/Inc/stm32wbxx_ll_rcc.h ****   * @}
 490:Drivers/STM32WBxx_HAL_Driver/Inc/stm32wbxx_ll_rcc.h ****   */
 491:Drivers/STM32WBxx_HAL_Driver/Inc/stm32wbxx_ll_rcc.h **** 
 492:Drivers/STM32WBxx_HAL_Driver/Inc/stm32wbxx_ll_rcc.h **** #if defined(SAI1)
 493:Drivers/STM32WBxx_HAL_Driver/Inc/stm32wbxx_ll_rcc.h **** /** @defgroup RCC_LL_EC_SAI1_CLKSOURCE SAI1 CLKSOURCE
 494:Drivers/STM32WBxx_HAL_Driver/Inc/stm32wbxx_ll_rcc.h ****   * @{
 495:Drivers/STM32WBxx_HAL_Driver/Inc/stm32wbxx_ll_rcc.h ****   */
 496:Drivers/STM32WBxx_HAL_Driver/Inc/stm32wbxx_ll_rcc.h **** #define LL_RCC_SAI1_CLKSOURCE_PLLSAI1      0x00000000U            /*!< PLLSAI1 selected as SAI1 clo
 497:Drivers/STM32WBxx_HAL_Driver/Inc/stm32wbxx_ll_rcc.h **** #define LL_RCC_SAI1_CLKSOURCE_PLL          RCC_CCIPR_SAI1SEL_0    /*!< PLL selected as SAI1 clock  
 498:Drivers/STM32WBxx_HAL_Driver/Inc/stm32wbxx_ll_rcc.h **** #define LL_RCC_SAI1_CLKSOURCE_HSI          RCC_CCIPR_SAI1SEL_1    /*!< HSI selected as SAI1 clock  
 499:Drivers/STM32WBxx_HAL_Driver/Inc/stm32wbxx_ll_rcc.h **** #define LL_RCC_SAI1_CLKSOURCE_PIN          RCC_CCIPR_SAI1SEL      /*!< External input selected as S
 500:Drivers/STM32WBxx_HAL_Driver/Inc/stm32wbxx_ll_rcc.h **** /**
 501:Drivers/STM32WBxx_HAL_Driver/Inc/stm32wbxx_ll_rcc.h ****   * @}
ARM GAS  C:\Users\843E~1\AppData\Local\Temp\cchdyFZo.s 			page 19


 502:Drivers/STM32WBxx_HAL_Driver/Inc/stm32wbxx_ll_rcc.h ****   */
 503:Drivers/STM32WBxx_HAL_Driver/Inc/stm32wbxx_ll_rcc.h **** #endif /* SAI1 */
 504:Drivers/STM32WBxx_HAL_Driver/Inc/stm32wbxx_ll_rcc.h **** 
 505:Drivers/STM32WBxx_HAL_Driver/Inc/stm32wbxx_ll_rcc.h **** /** @defgroup RCC_LL_EC_CLK48_CLKSOURCE CLK48 CLKSOURCE
 506:Drivers/STM32WBxx_HAL_Driver/Inc/stm32wbxx_ll_rcc.h ****   * @{
 507:Drivers/STM32WBxx_HAL_Driver/Inc/stm32wbxx_ll_rcc.h ****   */
 508:Drivers/STM32WBxx_HAL_Driver/Inc/stm32wbxx_ll_rcc.h **** #if defined(RCC_HSI48_SUPPORT)
 509:Drivers/STM32WBxx_HAL_Driver/Inc/stm32wbxx_ll_rcc.h **** #define LL_RCC_CLK48_CLKSOURCE_HSI48       0x00000000U           /*!< HSI48 selected as CLK48 clock
 510:Drivers/STM32WBxx_HAL_Driver/Inc/stm32wbxx_ll_rcc.h **** #endif /* RCC_HSI48_SUPPORT */
 511:Drivers/STM32WBxx_HAL_Driver/Inc/stm32wbxx_ll_rcc.h **** #if defined(SAI1)
 512:Drivers/STM32WBxx_HAL_Driver/Inc/stm32wbxx_ll_rcc.h **** #define LL_RCC_CLK48_CLKSOURCE_PLLSAI1     RCC_CCIPR_CLK48SEL_0  /*!< PLLSAI1 selected as CLK48 clo
 513:Drivers/STM32WBxx_HAL_Driver/Inc/stm32wbxx_ll_rcc.h **** #endif /* SAI1 */
 514:Drivers/STM32WBxx_HAL_Driver/Inc/stm32wbxx_ll_rcc.h **** #define LL_RCC_CLK48_CLKSOURCE_PLL         RCC_CCIPR_CLK48SEL_1  /*!< PLL selected as CLK48 clock  
 515:Drivers/STM32WBxx_HAL_Driver/Inc/stm32wbxx_ll_rcc.h **** #define LL_RCC_CLK48_CLKSOURCE_MSI         RCC_CCIPR_CLK48SEL    /*!< MSI selected as CLK48 clock  
 516:Drivers/STM32WBxx_HAL_Driver/Inc/stm32wbxx_ll_rcc.h **** /**
 517:Drivers/STM32WBxx_HAL_Driver/Inc/stm32wbxx_ll_rcc.h ****   * @}
 518:Drivers/STM32WBxx_HAL_Driver/Inc/stm32wbxx_ll_rcc.h ****   */
 519:Drivers/STM32WBxx_HAL_Driver/Inc/stm32wbxx_ll_rcc.h **** 
 520:Drivers/STM32WBxx_HAL_Driver/Inc/stm32wbxx_ll_rcc.h **** /** @defgroup RCC_LL_EC_USB_CLKSOURCE USB CLKSOURCE
 521:Drivers/STM32WBxx_HAL_Driver/Inc/stm32wbxx_ll_rcc.h ****   * @{
 522:Drivers/STM32WBxx_HAL_Driver/Inc/stm32wbxx_ll_rcc.h ****   */
 523:Drivers/STM32WBxx_HAL_Driver/Inc/stm32wbxx_ll_rcc.h **** #if defined(RCC_HSI48_SUPPORT)
 524:Drivers/STM32WBxx_HAL_Driver/Inc/stm32wbxx_ll_rcc.h **** #define LL_RCC_USB_CLKSOURCE_HSI48         LL_RCC_CLK48_CLKSOURCE_HSI48    /*!< HSI48 selected as U
 525:Drivers/STM32WBxx_HAL_Driver/Inc/stm32wbxx_ll_rcc.h **** #endif /* RCC_HSI48_SUPPORT */
 526:Drivers/STM32WBxx_HAL_Driver/Inc/stm32wbxx_ll_rcc.h **** #if defined(SAI1)
 527:Drivers/STM32WBxx_HAL_Driver/Inc/stm32wbxx_ll_rcc.h **** #define LL_RCC_USB_CLKSOURCE_PLLSAI1       LL_RCC_CLK48_CLKSOURCE_PLLSAI1  /*!< PLLSAI1 selected as
 528:Drivers/STM32WBxx_HAL_Driver/Inc/stm32wbxx_ll_rcc.h **** #endif /* SAI1 */
 529:Drivers/STM32WBxx_HAL_Driver/Inc/stm32wbxx_ll_rcc.h **** #define LL_RCC_USB_CLKSOURCE_PLL           LL_RCC_CLK48_CLKSOURCE_PLL      /*!< PLL selected as USB
 530:Drivers/STM32WBxx_HAL_Driver/Inc/stm32wbxx_ll_rcc.h **** #define LL_RCC_USB_CLKSOURCE_MSI           LL_RCC_CLK48_CLKSOURCE_MSI      /*!< MSI selected as USB
 531:Drivers/STM32WBxx_HAL_Driver/Inc/stm32wbxx_ll_rcc.h **** /**
 532:Drivers/STM32WBxx_HAL_Driver/Inc/stm32wbxx_ll_rcc.h ****   * @}
 533:Drivers/STM32WBxx_HAL_Driver/Inc/stm32wbxx_ll_rcc.h ****   */
 534:Drivers/STM32WBxx_HAL_Driver/Inc/stm32wbxx_ll_rcc.h **** 
 535:Drivers/STM32WBxx_HAL_Driver/Inc/stm32wbxx_ll_rcc.h **** /** @defgroup RCC_LL_EC_ADC_CLKSRC ADC CLKSRC
 536:Drivers/STM32WBxx_HAL_Driver/Inc/stm32wbxx_ll_rcc.h ****   * @{
 537:Drivers/STM32WBxx_HAL_Driver/Inc/stm32wbxx_ll_rcc.h ****   */
 538:Drivers/STM32WBxx_HAL_Driver/Inc/stm32wbxx_ll_rcc.h **** #define LL_RCC_ADC_CLKSOURCE_NONE             0x00000000U        /*!< no Clock used as ADC clock*/
 539:Drivers/STM32WBxx_HAL_Driver/Inc/stm32wbxx_ll_rcc.h **** #if defined(STM32WB55xx) || defined (STM32WB5Mxx) || defined (STM32WB35xx)
 540:Drivers/STM32WBxx_HAL_Driver/Inc/stm32wbxx_ll_rcc.h **** #define LL_RCC_ADC_CLKSOURCE_PLLSAI1          RCC_CCIPR_ADCSEL_0 /*!< PLLSAI1 selected as ADC clock
 541:Drivers/STM32WBxx_HAL_Driver/Inc/stm32wbxx_ll_rcc.h **** #elif defined (STM32WB15xx) || defined(STM32WB1Mxx)
 542:Drivers/STM32WBxx_HAL_Driver/Inc/stm32wbxx_ll_rcc.h **** #define LL_RCC_ADC_CLKSOURCE_HSI              RCC_CCIPR_ADCSEL_0 /*!< HSI selected as ADC clock    
 543:Drivers/STM32WBxx_HAL_Driver/Inc/stm32wbxx_ll_rcc.h **** #endif /* STM32WB55xx || STM32WB5Mxx || STM32WB35xx */
 544:Drivers/STM32WBxx_HAL_Driver/Inc/stm32wbxx_ll_rcc.h **** #define LL_RCC_ADC_CLKSOURCE_PLL              RCC_CCIPR_ADCSEL_1 /*!< PLL selected as ADC clock    
 545:Drivers/STM32WBxx_HAL_Driver/Inc/stm32wbxx_ll_rcc.h **** #define LL_RCC_ADC_CLKSOURCE_SYSCLK           RCC_CCIPR_ADCSEL   /*!< SYSCLK selected as ADC clock 
 546:Drivers/STM32WBxx_HAL_Driver/Inc/stm32wbxx_ll_rcc.h **** /**
 547:Drivers/STM32WBxx_HAL_Driver/Inc/stm32wbxx_ll_rcc.h ****   * @}
 548:Drivers/STM32WBxx_HAL_Driver/Inc/stm32wbxx_ll_rcc.h ****   */
 549:Drivers/STM32WBxx_HAL_Driver/Inc/stm32wbxx_ll_rcc.h **** 
 550:Drivers/STM32WBxx_HAL_Driver/Inc/stm32wbxx_ll_rcc.h **** /** @defgroup RCC_LL_EC_RNG_CLKSRC RNG CLKSRC
 551:Drivers/STM32WBxx_HAL_Driver/Inc/stm32wbxx_ll_rcc.h ****   * @{
 552:Drivers/STM32WBxx_HAL_Driver/Inc/stm32wbxx_ll_rcc.h ****   */
 553:Drivers/STM32WBxx_HAL_Driver/Inc/stm32wbxx_ll_rcc.h **** #define LL_RCC_RNG_CLKSOURCE_CLK48            0x00000000U        /*!< CLK48 divided by 3 selected a
 554:Drivers/STM32WBxx_HAL_Driver/Inc/stm32wbxx_ll_rcc.h **** #define LL_RCC_RNG_CLKSOURCE_LSI              RCC_CCIPR_RNGSEL_0 /*!< LSI selected as ADC clock    
 555:Drivers/STM32WBxx_HAL_Driver/Inc/stm32wbxx_ll_rcc.h **** #define LL_RCC_RNG_CLKSOURCE_LSE              RCC_CCIPR_RNGSEL_1 /*!< LSE selected as ADC clock    
 556:Drivers/STM32WBxx_HAL_Driver/Inc/stm32wbxx_ll_rcc.h **** /**
 557:Drivers/STM32WBxx_HAL_Driver/Inc/stm32wbxx_ll_rcc.h ****   * @}
 558:Drivers/STM32WBxx_HAL_Driver/Inc/stm32wbxx_ll_rcc.h ****   */
ARM GAS  C:\Users\843E~1\AppData\Local\Temp\cchdyFZo.s 			page 20


 559:Drivers/STM32WBxx_HAL_Driver/Inc/stm32wbxx_ll_rcc.h **** 
 560:Drivers/STM32WBxx_HAL_Driver/Inc/stm32wbxx_ll_rcc.h **** 
 561:Drivers/STM32WBxx_HAL_Driver/Inc/stm32wbxx_ll_rcc.h **** /** @defgroup RCC_LL_EC_USART1 USART1
 562:Drivers/STM32WBxx_HAL_Driver/Inc/stm32wbxx_ll_rcc.h ****   * @{
 563:Drivers/STM32WBxx_HAL_Driver/Inc/stm32wbxx_ll_rcc.h ****   */
 564:Drivers/STM32WBxx_HAL_Driver/Inc/stm32wbxx_ll_rcc.h **** #define LL_RCC_USART1_CLKSOURCE            RCC_CCIPR_USART1SEL   /*!< USART1 clock source selection
 565:Drivers/STM32WBxx_HAL_Driver/Inc/stm32wbxx_ll_rcc.h **** /**
 566:Drivers/STM32WBxx_HAL_Driver/Inc/stm32wbxx_ll_rcc.h ****   * @}
 567:Drivers/STM32WBxx_HAL_Driver/Inc/stm32wbxx_ll_rcc.h ****   */
 568:Drivers/STM32WBxx_HAL_Driver/Inc/stm32wbxx_ll_rcc.h **** 
 569:Drivers/STM32WBxx_HAL_Driver/Inc/stm32wbxx_ll_rcc.h **** #if defined(LPUART1)
 570:Drivers/STM32WBxx_HAL_Driver/Inc/stm32wbxx_ll_rcc.h **** /** @defgroup RCC_LL_EC_LPUART1 LPUART1
 571:Drivers/STM32WBxx_HAL_Driver/Inc/stm32wbxx_ll_rcc.h ****   * @{
 572:Drivers/STM32WBxx_HAL_Driver/Inc/stm32wbxx_ll_rcc.h ****   */
 573:Drivers/STM32WBxx_HAL_Driver/Inc/stm32wbxx_ll_rcc.h **** #define LL_RCC_LPUART1_CLKSOURCE           RCC_CCIPR_LPUART1SEL  /*!< LPUART1 clock source selectio
 574:Drivers/STM32WBxx_HAL_Driver/Inc/stm32wbxx_ll_rcc.h **** /**
 575:Drivers/STM32WBxx_HAL_Driver/Inc/stm32wbxx_ll_rcc.h ****   * @}
 576:Drivers/STM32WBxx_HAL_Driver/Inc/stm32wbxx_ll_rcc.h ****   */
 577:Drivers/STM32WBxx_HAL_Driver/Inc/stm32wbxx_ll_rcc.h **** #endif /* LPUART1 */
 578:Drivers/STM32WBxx_HAL_Driver/Inc/stm32wbxx_ll_rcc.h **** 
 579:Drivers/STM32WBxx_HAL_Driver/Inc/stm32wbxx_ll_rcc.h **** /** @defgroup RCC_LL_EC_I2C1 I2C1
 580:Drivers/STM32WBxx_HAL_Driver/Inc/stm32wbxx_ll_rcc.h ****   * @{
 581:Drivers/STM32WBxx_HAL_Driver/Inc/stm32wbxx_ll_rcc.h ****   */
 582:Drivers/STM32WBxx_HAL_Driver/Inc/stm32wbxx_ll_rcc.h **** #define LL_RCC_I2C1_CLKSOURCE              RCC_CCIPR_I2C1SEL    /*!< I2C1 clock source selection bi
 583:Drivers/STM32WBxx_HAL_Driver/Inc/stm32wbxx_ll_rcc.h **** #define LL_RCC_I2C3_CLKSOURCE              RCC_CCIPR_I2C3SEL    /*!< I2C3 clock source selection bi
 584:Drivers/STM32WBxx_HAL_Driver/Inc/stm32wbxx_ll_rcc.h **** /**
 585:Drivers/STM32WBxx_HAL_Driver/Inc/stm32wbxx_ll_rcc.h ****   * @}
 586:Drivers/STM32WBxx_HAL_Driver/Inc/stm32wbxx_ll_rcc.h ****   */
 587:Drivers/STM32WBxx_HAL_Driver/Inc/stm32wbxx_ll_rcc.h **** 
 588:Drivers/STM32WBxx_HAL_Driver/Inc/stm32wbxx_ll_rcc.h **** /** @defgroup RCC_LL_EC_LPTIM1 LPTIM1
 589:Drivers/STM32WBxx_HAL_Driver/Inc/stm32wbxx_ll_rcc.h ****   * @{
 590:Drivers/STM32WBxx_HAL_Driver/Inc/stm32wbxx_ll_rcc.h ****   */
 591:Drivers/STM32WBxx_HAL_Driver/Inc/stm32wbxx_ll_rcc.h **** #define LL_RCC_LPTIM1_CLKSOURCE            RCC_CCIPR_LPTIM1SEL  /*!< LPTIM1 clock source selection 
 592:Drivers/STM32WBxx_HAL_Driver/Inc/stm32wbxx_ll_rcc.h **** #define LL_RCC_LPTIM2_CLKSOURCE            RCC_CCIPR_LPTIM2SEL  /*!< LPTIM2 clock source selection 
 593:Drivers/STM32WBxx_HAL_Driver/Inc/stm32wbxx_ll_rcc.h **** /**
 594:Drivers/STM32WBxx_HAL_Driver/Inc/stm32wbxx_ll_rcc.h ****   * @}
 595:Drivers/STM32WBxx_HAL_Driver/Inc/stm32wbxx_ll_rcc.h ****   */
 596:Drivers/STM32WBxx_HAL_Driver/Inc/stm32wbxx_ll_rcc.h **** 
 597:Drivers/STM32WBxx_HAL_Driver/Inc/stm32wbxx_ll_rcc.h **** #if defined(SAI1)
 598:Drivers/STM32WBxx_HAL_Driver/Inc/stm32wbxx_ll_rcc.h **** /** @defgroup RCC_LL_EC_SAI1 SAI1
 599:Drivers/STM32WBxx_HAL_Driver/Inc/stm32wbxx_ll_rcc.h ****   * @{
 600:Drivers/STM32WBxx_HAL_Driver/Inc/stm32wbxx_ll_rcc.h ****   */
 601:Drivers/STM32WBxx_HAL_Driver/Inc/stm32wbxx_ll_rcc.h **** #define LL_RCC_SAI1_CLKSOURCE              RCC_CCIPR_SAI1SEL   /*!< SAI1 clock source selection bit
 602:Drivers/STM32WBxx_HAL_Driver/Inc/stm32wbxx_ll_rcc.h **** /**
 603:Drivers/STM32WBxx_HAL_Driver/Inc/stm32wbxx_ll_rcc.h ****   * @}
 604:Drivers/STM32WBxx_HAL_Driver/Inc/stm32wbxx_ll_rcc.h ****   */
 605:Drivers/STM32WBxx_HAL_Driver/Inc/stm32wbxx_ll_rcc.h **** #endif /* SAI1 */
 606:Drivers/STM32WBxx_HAL_Driver/Inc/stm32wbxx_ll_rcc.h **** 
 607:Drivers/STM32WBxx_HAL_Driver/Inc/stm32wbxx_ll_rcc.h **** /** @defgroup RCC_LL_EC_CLK48 CLK48
 608:Drivers/STM32WBxx_HAL_Driver/Inc/stm32wbxx_ll_rcc.h ****   * @{
 609:Drivers/STM32WBxx_HAL_Driver/Inc/stm32wbxx_ll_rcc.h ****   */
 610:Drivers/STM32WBxx_HAL_Driver/Inc/stm32wbxx_ll_rcc.h **** #define LL_RCC_CLK48_CLKSOURCE             RCC_CCIPR_CLK48SEL  /*!< CLK48 clock source selection bi
 611:Drivers/STM32WBxx_HAL_Driver/Inc/stm32wbxx_ll_rcc.h **** /**
 612:Drivers/STM32WBxx_HAL_Driver/Inc/stm32wbxx_ll_rcc.h ****   * @}
 613:Drivers/STM32WBxx_HAL_Driver/Inc/stm32wbxx_ll_rcc.h ****   */
 614:Drivers/STM32WBxx_HAL_Driver/Inc/stm32wbxx_ll_rcc.h **** 
 615:Drivers/STM32WBxx_HAL_Driver/Inc/stm32wbxx_ll_rcc.h **** /** @defgroup RCC_LL_EC_USB USB
ARM GAS  C:\Users\843E~1\AppData\Local\Temp\cchdyFZo.s 			page 21


 616:Drivers/STM32WBxx_HAL_Driver/Inc/stm32wbxx_ll_rcc.h ****   * @{
 617:Drivers/STM32WBxx_HAL_Driver/Inc/stm32wbxx_ll_rcc.h ****   */
 618:Drivers/STM32WBxx_HAL_Driver/Inc/stm32wbxx_ll_rcc.h **** #define LL_RCC_USB_CLKSOURCE               LL_RCC_CLK48_CLKSOURCE  /*!< USB clock source selection 
 619:Drivers/STM32WBxx_HAL_Driver/Inc/stm32wbxx_ll_rcc.h **** /**
 620:Drivers/STM32WBxx_HAL_Driver/Inc/stm32wbxx_ll_rcc.h ****   * @}
 621:Drivers/STM32WBxx_HAL_Driver/Inc/stm32wbxx_ll_rcc.h ****   */
 622:Drivers/STM32WBxx_HAL_Driver/Inc/stm32wbxx_ll_rcc.h **** 
 623:Drivers/STM32WBxx_HAL_Driver/Inc/stm32wbxx_ll_rcc.h **** /** @defgroup RCC_LL_EC_RNG RNG
 624:Drivers/STM32WBxx_HAL_Driver/Inc/stm32wbxx_ll_rcc.h ****   * @{
 625:Drivers/STM32WBxx_HAL_Driver/Inc/stm32wbxx_ll_rcc.h ****   */
 626:Drivers/STM32WBxx_HAL_Driver/Inc/stm32wbxx_ll_rcc.h **** #define LL_RCC_RNG_CLKSOURCE               RCC_CCIPR_RNGSEL  /*!< RNG clock source selection bits *
 627:Drivers/STM32WBxx_HAL_Driver/Inc/stm32wbxx_ll_rcc.h **** /**
 628:Drivers/STM32WBxx_HAL_Driver/Inc/stm32wbxx_ll_rcc.h ****   * @}
 629:Drivers/STM32WBxx_HAL_Driver/Inc/stm32wbxx_ll_rcc.h ****   */
 630:Drivers/STM32WBxx_HAL_Driver/Inc/stm32wbxx_ll_rcc.h **** 
 631:Drivers/STM32WBxx_HAL_Driver/Inc/stm32wbxx_ll_rcc.h **** /** @defgroup RCC_LL_EC_ADC ADC
 632:Drivers/STM32WBxx_HAL_Driver/Inc/stm32wbxx_ll_rcc.h ****   * @{
 633:Drivers/STM32WBxx_HAL_Driver/Inc/stm32wbxx_ll_rcc.h ****   */
 634:Drivers/STM32WBxx_HAL_Driver/Inc/stm32wbxx_ll_rcc.h **** #define LL_RCC_ADC_CLKSOURCE               RCC_CCIPR_ADCSEL   /*!< ADC clock source selection bits 
 635:Drivers/STM32WBxx_HAL_Driver/Inc/stm32wbxx_ll_rcc.h **** /**
 636:Drivers/STM32WBxx_HAL_Driver/Inc/stm32wbxx_ll_rcc.h ****   * @}
 637:Drivers/STM32WBxx_HAL_Driver/Inc/stm32wbxx_ll_rcc.h ****   */
 638:Drivers/STM32WBxx_HAL_Driver/Inc/stm32wbxx_ll_rcc.h **** 
 639:Drivers/STM32WBxx_HAL_Driver/Inc/stm32wbxx_ll_rcc.h **** 
 640:Drivers/STM32WBxx_HAL_Driver/Inc/stm32wbxx_ll_rcc.h **** /** @defgroup RCC_LL_EC_RTC_CLKSOURCE  RTC clock source selection
 641:Drivers/STM32WBxx_HAL_Driver/Inc/stm32wbxx_ll_rcc.h ****   * @{
 642:Drivers/STM32WBxx_HAL_Driver/Inc/stm32wbxx_ll_rcc.h ****   */
 643:Drivers/STM32WBxx_HAL_Driver/Inc/stm32wbxx_ll_rcc.h **** #define LL_RCC_RTC_CLKSOURCE_NONE          0x00000000U                   /*!< No clock used as RTC 
 644:Drivers/STM32WBxx_HAL_Driver/Inc/stm32wbxx_ll_rcc.h **** #define LL_RCC_RTC_CLKSOURCE_LSE           RCC_BDCR_RTCSEL_0             /*!< LSE oscillator clock 
 645:Drivers/STM32WBxx_HAL_Driver/Inc/stm32wbxx_ll_rcc.h **** #define LL_RCC_RTC_CLKSOURCE_LSI           RCC_BDCR_RTCSEL_1             /*!< LSI oscillator clock 
 646:Drivers/STM32WBxx_HAL_Driver/Inc/stm32wbxx_ll_rcc.h **** #define LL_RCC_RTC_CLKSOURCE_HSE_DIV32     RCC_BDCR_RTCSEL               /*!< HSE oscillator clock 
 647:Drivers/STM32WBxx_HAL_Driver/Inc/stm32wbxx_ll_rcc.h **** 
 648:Drivers/STM32WBxx_HAL_Driver/Inc/stm32wbxx_ll_rcc.h **** /**
 649:Drivers/STM32WBxx_HAL_Driver/Inc/stm32wbxx_ll_rcc.h ****   * @}
 650:Drivers/STM32WBxx_HAL_Driver/Inc/stm32wbxx_ll_rcc.h ****   */
 651:Drivers/STM32WBxx_HAL_Driver/Inc/stm32wbxx_ll_rcc.h **** 
 652:Drivers/STM32WBxx_HAL_Driver/Inc/stm32wbxx_ll_rcc.h **** /** @defgroup RCC_LL_EC_RFWKP_CLKSOURCE  RF Wakeup clock source selection
 653:Drivers/STM32WBxx_HAL_Driver/Inc/stm32wbxx_ll_rcc.h ****   * @{
 654:Drivers/STM32WBxx_HAL_Driver/Inc/stm32wbxx_ll_rcc.h ****   */
 655:Drivers/STM32WBxx_HAL_Driver/Inc/stm32wbxx_ll_rcc.h **** #define LL_RCC_RFWKP_CLKSOURCE_NONE          0x00000000U                 /*!< No clock used as RF W
 656:Drivers/STM32WBxx_HAL_Driver/Inc/stm32wbxx_ll_rcc.h **** #define LL_RCC_RFWKP_CLKSOURCE_LSE           RCC_CSR_RFWKPSEL_0          /*!< LSE oscillator clock 
 657:Drivers/STM32WBxx_HAL_Driver/Inc/stm32wbxx_ll_rcc.h **** #if defined(STM32WB15xx) || defined(STM32WB10xx)
 658:Drivers/STM32WBxx_HAL_Driver/Inc/stm32wbxx_ll_rcc.h **** #define LL_RCC_RFWKP_CLKSOURCE_LSI           RCC_CSR_RFWKPSEL_1          /*!< LSI oscillator clock 
 659:Drivers/STM32WBxx_HAL_Driver/Inc/stm32wbxx_ll_rcc.h **** #endif /* STM32WB15xx || STM32WB10xx */
 660:Drivers/STM32WBxx_HAL_Driver/Inc/stm32wbxx_ll_rcc.h **** #define LL_RCC_RFWKP_CLKSOURCE_HSE_DIV1024   RCC_CSR_RFWKPSEL            /*!< HSE oscillator clock 
 661:Drivers/STM32WBxx_HAL_Driver/Inc/stm32wbxx_ll_rcc.h **** 
 662:Drivers/STM32WBxx_HAL_Driver/Inc/stm32wbxx_ll_rcc.h **** /**
 663:Drivers/STM32WBxx_HAL_Driver/Inc/stm32wbxx_ll_rcc.h ****   * @}
 664:Drivers/STM32WBxx_HAL_Driver/Inc/stm32wbxx_ll_rcc.h ****   */
 665:Drivers/STM32WBxx_HAL_Driver/Inc/stm32wbxx_ll_rcc.h **** 
 666:Drivers/STM32WBxx_HAL_Driver/Inc/stm32wbxx_ll_rcc.h **** 
 667:Drivers/STM32WBxx_HAL_Driver/Inc/stm32wbxx_ll_rcc.h **** /** @defgroup RCC_LL_EC_PLLSOURCE  PLL and PLLSAI1 entry clock source
 668:Drivers/STM32WBxx_HAL_Driver/Inc/stm32wbxx_ll_rcc.h ****   * @{
 669:Drivers/STM32WBxx_HAL_Driver/Inc/stm32wbxx_ll_rcc.h ****   */
 670:Drivers/STM32WBxx_HAL_Driver/Inc/stm32wbxx_ll_rcc.h **** #define LL_RCC_PLLSOURCE_NONE              0x00000000U                                    /*!< No c
 671:Drivers/STM32WBxx_HAL_Driver/Inc/stm32wbxx_ll_rcc.h **** #define LL_RCC_PLLSOURCE_MSI               RCC_PLLCFGR_PLLSRC_0                           /*!< MSI 
 672:Drivers/STM32WBxx_HAL_Driver/Inc/stm32wbxx_ll_rcc.h **** #define LL_RCC_PLLSOURCE_HSI               RCC_PLLCFGR_PLLSRC_1                           /*!< HSI 
ARM GAS  C:\Users\843E~1\AppData\Local\Temp\cchdyFZo.s 			page 22


 673:Drivers/STM32WBxx_HAL_Driver/Inc/stm32wbxx_ll_rcc.h **** #define LL_RCC_PLLSOURCE_HSE               (RCC_PLLCFGR_PLLSRC_1 | RCC_PLLCFGR_PLLSRC_0)  /*!< HSE 
 674:Drivers/STM32WBxx_HAL_Driver/Inc/stm32wbxx_ll_rcc.h **** /**
 675:Drivers/STM32WBxx_HAL_Driver/Inc/stm32wbxx_ll_rcc.h ****   * @}
 676:Drivers/STM32WBxx_HAL_Driver/Inc/stm32wbxx_ll_rcc.h ****   */
 677:Drivers/STM32WBxx_HAL_Driver/Inc/stm32wbxx_ll_rcc.h **** 
 678:Drivers/STM32WBxx_HAL_Driver/Inc/stm32wbxx_ll_rcc.h **** /** @defgroup RCC_LL_EC_PLLM_DIV  PLL and PLLSAI1 division factor
 679:Drivers/STM32WBxx_HAL_Driver/Inc/stm32wbxx_ll_rcc.h ****   * @{
 680:Drivers/STM32WBxx_HAL_Driver/Inc/stm32wbxx_ll_rcc.h ****   */
 681:Drivers/STM32WBxx_HAL_Driver/Inc/stm32wbxx_ll_rcc.h **** #define LL_RCC_PLLM_DIV_1                  0x00000000U                                 /*!< PLL and
 682:Drivers/STM32WBxx_HAL_Driver/Inc/stm32wbxx_ll_rcc.h **** #define LL_RCC_PLLM_DIV_2                  (RCC_PLLCFGR_PLLM_0)                        /*!< PLL and
 683:Drivers/STM32WBxx_HAL_Driver/Inc/stm32wbxx_ll_rcc.h **** #define LL_RCC_PLLM_DIV_3                  (RCC_PLLCFGR_PLLM_1)                        /*!< PLL and
 684:Drivers/STM32WBxx_HAL_Driver/Inc/stm32wbxx_ll_rcc.h **** #define LL_RCC_PLLM_DIV_4                  ((RCC_PLLCFGR_PLLM_1 | RCC_PLLCFGR_PLLM_0)) /*!< PLL and
 685:Drivers/STM32WBxx_HAL_Driver/Inc/stm32wbxx_ll_rcc.h **** #define LL_RCC_PLLM_DIV_5                  (RCC_PLLCFGR_PLLM_2)                        /*!< PLL and
 686:Drivers/STM32WBxx_HAL_Driver/Inc/stm32wbxx_ll_rcc.h **** #define LL_RCC_PLLM_DIV_6                  ((RCC_PLLCFGR_PLLM_2 | RCC_PLLCFGR_PLLM_0)) /*!< PLL and
 687:Drivers/STM32WBxx_HAL_Driver/Inc/stm32wbxx_ll_rcc.h **** #define LL_RCC_PLLM_DIV_7                  ((RCC_PLLCFGR_PLLM_2 | RCC_PLLCFGR_PLLM_1)) /*!< PLL and
 688:Drivers/STM32WBxx_HAL_Driver/Inc/stm32wbxx_ll_rcc.h **** #define LL_RCC_PLLM_DIV_8                  (RCC_PLLCFGR_PLLM)                          /*!< PLL and
 689:Drivers/STM32WBxx_HAL_Driver/Inc/stm32wbxx_ll_rcc.h **** /**
 690:Drivers/STM32WBxx_HAL_Driver/Inc/stm32wbxx_ll_rcc.h ****   * @}
 691:Drivers/STM32WBxx_HAL_Driver/Inc/stm32wbxx_ll_rcc.h ****   */
 692:Drivers/STM32WBxx_HAL_Driver/Inc/stm32wbxx_ll_rcc.h **** 
 693:Drivers/STM32WBxx_HAL_Driver/Inc/stm32wbxx_ll_rcc.h **** /** @defgroup RCC_LL_EC_PLLR_DIV  PLL division factor (PLLR)
 694:Drivers/STM32WBxx_HAL_Driver/Inc/stm32wbxx_ll_rcc.h ****   * @{
 695:Drivers/STM32WBxx_HAL_Driver/Inc/stm32wbxx_ll_rcc.h ****   */
 696:Drivers/STM32WBxx_HAL_Driver/Inc/stm32wbxx_ll_rcc.h **** #define LL_RCC_PLLR_DIV_2                  (RCC_PLLCFGR_PLLR_0)                     /*!< Main PLL d
 697:Drivers/STM32WBxx_HAL_Driver/Inc/stm32wbxx_ll_rcc.h **** #define LL_RCC_PLLR_DIV_3                  (RCC_PLLCFGR_PLLR_1)                     /*!< Main PLL d
 698:Drivers/STM32WBxx_HAL_Driver/Inc/stm32wbxx_ll_rcc.h **** #define LL_RCC_PLLR_DIV_4                  (RCC_PLLCFGR_PLLR_1|RCC_PLLCFGR_PLLR_0)  /*!< Main PLL d
 699:Drivers/STM32WBxx_HAL_Driver/Inc/stm32wbxx_ll_rcc.h **** #define LL_RCC_PLLR_DIV_5                  (RCC_PLLCFGR_PLLR_2)                     /*!< Main PLL d
 700:Drivers/STM32WBxx_HAL_Driver/Inc/stm32wbxx_ll_rcc.h **** #define LL_RCC_PLLR_DIV_6                  (RCC_PLLCFGR_PLLR_2|RCC_PLLCFGR_PLLR_0)  /*!< Main PLL d
 701:Drivers/STM32WBxx_HAL_Driver/Inc/stm32wbxx_ll_rcc.h **** #define LL_RCC_PLLR_DIV_7                  (RCC_PLLCFGR_PLLR_2|RCC_PLLCFGR_PLLR_1)  /*!< Main PLL d
 702:Drivers/STM32WBxx_HAL_Driver/Inc/stm32wbxx_ll_rcc.h **** #define LL_RCC_PLLR_DIV_8                  (RCC_PLLCFGR_PLLR)                       /*!< Main PLL d
 703:Drivers/STM32WBxx_HAL_Driver/Inc/stm32wbxx_ll_rcc.h **** /**
 704:Drivers/STM32WBxx_HAL_Driver/Inc/stm32wbxx_ll_rcc.h ****   * @}
 705:Drivers/STM32WBxx_HAL_Driver/Inc/stm32wbxx_ll_rcc.h ****   */
 706:Drivers/STM32WBxx_HAL_Driver/Inc/stm32wbxx_ll_rcc.h **** 
 707:Drivers/STM32WBxx_HAL_Driver/Inc/stm32wbxx_ll_rcc.h **** /** @defgroup RCC_LL_EC_PLLP_DIV  PLL division factor (PLLP)
 708:Drivers/STM32WBxx_HAL_Driver/Inc/stm32wbxx_ll_rcc.h ****   * @{
 709:Drivers/STM32WBxx_HAL_Driver/Inc/stm32wbxx_ll_rcc.h ****   */
 710:Drivers/STM32WBxx_HAL_Driver/Inc/stm32wbxx_ll_rcc.h **** #define LL_RCC_PLLP_DIV_2                  (RCC_PLLCFGR_PLLP_0)                                    
 711:Drivers/STM32WBxx_HAL_Driver/Inc/stm32wbxx_ll_rcc.h **** #define LL_RCC_PLLP_DIV_3                  (RCC_PLLCFGR_PLLP_1)                                    
 712:Drivers/STM32WBxx_HAL_Driver/Inc/stm32wbxx_ll_rcc.h **** #define LL_RCC_PLLP_DIV_4                  (RCC_PLLCFGR_PLLP_0|RCC_PLLCFGR_PLLP_1)                 
 713:Drivers/STM32WBxx_HAL_Driver/Inc/stm32wbxx_ll_rcc.h **** #define LL_RCC_PLLP_DIV_5                  (RCC_PLLCFGR_PLLP_2)                                    
 714:Drivers/STM32WBxx_HAL_Driver/Inc/stm32wbxx_ll_rcc.h **** #define LL_RCC_PLLP_DIV_6                  (RCC_PLLCFGR_PLLP_0|RCC_PLLCFGR_PLLP_2)                 
 715:Drivers/STM32WBxx_HAL_Driver/Inc/stm32wbxx_ll_rcc.h **** #define LL_RCC_PLLP_DIV_7                  (RCC_PLLCFGR_PLLP_1|RCC_PLLCFGR_PLLP_2)                 
 716:Drivers/STM32WBxx_HAL_Driver/Inc/stm32wbxx_ll_rcc.h **** #define LL_RCC_PLLP_DIV_8                  (RCC_PLLCFGR_PLLP_0|RCC_PLLCFGR_PLLP_1|RCC_PLLCFGR_PLLP_
 717:Drivers/STM32WBxx_HAL_Driver/Inc/stm32wbxx_ll_rcc.h **** #define LL_RCC_PLLP_DIV_9                  (RCC_PLLCFGR_PLLP_3)                                    
 718:Drivers/STM32WBxx_HAL_Driver/Inc/stm32wbxx_ll_rcc.h **** #define LL_RCC_PLLP_DIV_10                 (RCC_PLLCFGR_PLLP_0|RCC_PLLCFGR_PLLP_3)                 
 719:Drivers/STM32WBxx_HAL_Driver/Inc/stm32wbxx_ll_rcc.h **** #define LL_RCC_PLLP_DIV_11                 (RCC_PLLCFGR_PLLP_1|RCC_PLLCFGR_PLLP_3)                 
 720:Drivers/STM32WBxx_HAL_Driver/Inc/stm32wbxx_ll_rcc.h **** #define LL_RCC_PLLP_DIV_12                 (RCC_PLLCFGR_PLLP_0|RCC_PLLCFGR_PLLP_1|RCC_PLLCFGR_PLLP_
 721:Drivers/STM32WBxx_HAL_Driver/Inc/stm32wbxx_ll_rcc.h **** #define LL_RCC_PLLP_DIV_13                 (RCC_PLLCFGR_PLLP_2|RCC_PLLCFGR_PLLP_3)                 
 722:Drivers/STM32WBxx_HAL_Driver/Inc/stm32wbxx_ll_rcc.h **** #define LL_RCC_PLLP_DIV_14                 (RCC_PLLCFGR_PLLP_0|RCC_PLLCFGR_PLLP_2|RCC_PLLCFGR_PLLP_
 723:Drivers/STM32WBxx_HAL_Driver/Inc/stm32wbxx_ll_rcc.h **** #define LL_RCC_PLLP_DIV_15                 (RCC_PLLCFGR_PLLP_1|RCC_PLLCFGR_PLLP_2|RCC_PLLCFGR_PLLP_
 724:Drivers/STM32WBxx_HAL_Driver/Inc/stm32wbxx_ll_rcc.h **** #define LL_RCC_PLLP_DIV_16                 (RCC_PLLCFGR_PLLP_0|RCC_PLLCFGR_PLLP_1|RCC_PLLCFGR_PLLP_
 725:Drivers/STM32WBxx_HAL_Driver/Inc/stm32wbxx_ll_rcc.h **** #define LL_RCC_PLLP_DIV_17                 (RCC_PLLCFGR_PLLP_4)                                    
 726:Drivers/STM32WBxx_HAL_Driver/Inc/stm32wbxx_ll_rcc.h **** #define LL_RCC_PLLP_DIV_18                 (RCC_PLLCFGR_PLLP_0|RCC_PLLCFGR_PLLP_4)                 
 727:Drivers/STM32WBxx_HAL_Driver/Inc/stm32wbxx_ll_rcc.h **** #define LL_RCC_PLLP_DIV_19                 (RCC_PLLCFGR_PLLP_1|RCC_PLLCFGR_PLLP_4)                 
 728:Drivers/STM32WBxx_HAL_Driver/Inc/stm32wbxx_ll_rcc.h **** #define LL_RCC_PLLP_DIV_20                 (RCC_PLLCFGR_PLLP_0|RCC_PLLCFGR_PLLP_1|RCC_PLLCFGR_PLLP_
 729:Drivers/STM32WBxx_HAL_Driver/Inc/stm32wbxx_ll_rcc.h **** #define LL_RCC_PLLP_DIV_21                 (RCC_PLLCFGR_PLLP_2|RCC_PLLCFGR_PLLP_4)                 
ARM GAS  C:\Users\843E~1\AppData\Local\Temp\cchdyFZo.s 			page 23


 730:Drivers/STM32WBxx_HAL_Driver/Inc/stm32wbxx_ll_rcc.h **** #define LL_RCC_PLLP_DIV_22                 (RCC_PLLCFGR_PLLP_0|RCC_PLLCFGR_PLLP_2|RCC_PLLCFGR_PLLP_
 731:Drivers/STM32WBxx_HAL_Driver/Inc/stm32wbxx_ll_rcc.h **** #define LL_RCC_PLLP_DIV_23                 (RCC_PLLCFGR_PLLP_1|RCC_PLLCFGR_PLLP_2|RCC_PLLCFGR_PLLP_
 732:Drivers/STM32WBxx_HAL_Driver/Inc/stm32wbxx_ll_rcc.h **** #define LL_RCC_PLLP_DIV_24                 (RCC_PLLCFGR_PLLP_0|RCC_PLLCFGR_PLLP_1|RCC_PLLCFGR_PLLP_
 733:Drivers/STM32WBxx_HAL_Driver/Inc/stm32wbxx_ll_rcc.h **** #define LL_RCC_PLLP_DIV_25                 (RCC_PLLCFGR_PLLP_3|RCC_PLLCFGR_PLLP_4)                 
 734:Drivers/STM32WBxx_HAL_Driver/Inc/stm32wbxx_ll_rcc.h **** #define LL_RCC_PLLP_DIV_26                 (RCC_PLLCFGR_PLLP_0|RCC_PLLCFGR_PLLP_3|RCC_PLLCFGR_PLLP_
 735:Drivers/STM32WBxx_HAL_Driver/Inc/stm32wbxx_ll_rcc.h **** #define LL_RCC_PLLP_DIV_27                 (RCC_PLLCFGR_PLLP_1|RCC_PLLCFGR_PLLP_3|RCC_PLLCFGR_PLLP_
 736:Drivers/STM32WBxx_HAL_Driver/Inc/stm32wbxx_ll_rcc.h **** #define LL_RCC_PLLP_DIV_28                 (RCC_PLLCFGR_PLLP_0|RCC_PLLCFGR_PLLP_1|RCC_PLLCFGR_PLLP_
 737:Drivers/STM32WBxx_HAL_Driver/Inc/stm32wbxx_ll_rcc.h **** #define LL_RCC_PLLP_DIV_29                 (RCC_PLLCFGR_PLLP_2|RCC_PLLCFGR_PLLP_3|RCC_PLLCFGR_PLLP_
 738:Drivers/STM32WBxx_HAL_Driver/Inc/stm32wbxx_ll_rcc.h **** #define LL_RCC_PLLP_DIV_30                 (RCC_PLLCFGR_PLLP_0|RCC_PLLCFGR_PLLP_2|RCC_PLLCFGR_PLLP_
 739:Drivers/STM32WBxx_HAL_Driver/Inc/stm32wbxx_ll_rcc.h **** #define LL_RCC_PLLP_DIV_31                 (RCC_PLLCFGR_PLLP_1|RCC_PLLCFGR_PLLP_2|RCC_PLLCFGR_PLLP_
 740:Drivers/STM32WBxx_HAL_Driver/Inc/stm32wbxx_ll_rcc.h **** #define LL_RCC_PLLP_DIV_32                 (RCC_PLLCFGR_PLLP_0|RCC_PLLCFGR_PLLP_1|RCC_PLLCFGR_PLLP_
 741:Drivers/STM32WBxx_HAL_Driver/Inc/stm32wbxx_ll_rcc.h **** /**
 742:Drivers/STM32WBxx_HAL_Driver/Inc/stm32wbxx_ll_rcc.h ****   * @}
 743:Drivers/STM32WBxx_HAL_Driver/Inc/stm32wbxx_ll_rcc.h ****   */
 744:Drivers/STM32WBxx_HAL_Driver/Inc/stm32wbxx_ll_rcc.h **** 
 745:Drivers/STM32WBxx_HAL_Driver/Inc/stm32wbxx_ll_rcc.h **** /** @defgroup RCC_LL_EC_PLLQ_DIV  PLL division factor (PLLQ)
 746:Drivers/STM32WBxx_HAL_Driver/Inc/stm32wbxx_ll_rcc.h ****   * @{
 747:Drivers/STM32WBxx_HAL_Driver/Inc/stm32wbxx_ll_rcc.h ****   */
 748:Drivers/STM32WBxx_HAL_Driver/Inc/stm32wbxx_ll_rcc.h **** #define LL_RCC_PLLQ_DIV_2                  (RCC_PLLCFGR_PLLQ_0)                    /*!< Main PLL di
 749:Drivers/STM32WBxx_HAL_Driver/Inc/stm32wbxx_ll_rcc.h **** #define LL_RCC_PLLQ_DIV_3                  (RCC_PLLCFGR_PLLQ_1)                    /*!< Main PLL di
 750:Drivers/STM32WBxx_HAL_Driver/Inc/stm32wbxx_ll_rcc.h **** #define LL_RCC_PLLQ_DIV_4                  (RCC_PLLCFGR_PLLQ_1|RCC_PLLCFGR_PLLQ_0) /*!< Main PLL di
 751:Drivers/STM32WBxx_HAL_Driver/Inc/stm32wbxx_ll_rcc.h **** #define LL_RCC_PLLQ_DIV_5                  (RCC_PLLCFGR_PLLQ_2)                    /*!< Main PLL di
 752:Drivers/STM32WBxx_HAL_Driver/Inc/stm32wbxx_ll_rcc.h **** #define LL_RCC_PLLQ_DIV_6                  (RCC_PLLCFGR_PLLQ_2|RCC_PLLCFGR_PLLQ_0) /*!< Main PLL di
 753:Drivers/STM32WBxx_HAL_Driver/Inc/stm32wbxx_ll_rcc.h **** #define LL_RCC_PLLQ_DIV_7                  (RCC_PLLCFGR_PLLQ_2|RCC_PLLCFGR_PLLQ_1) /*!< Main PLL di
 754:Drivers/STM32WBxx_HAL_Driver/Inc/stm32wbxx_ll_rcc.h **** #define LL_RCC_PLLQ_DIV_8                  (RCC_PLLCFGR_PLLQ)                      /*!< Main PLL di
 755:Drivers/STM32WBxx_HAL_Driver/Inc/stm32wbxx_ll_rcc.h **** /**
 756:Drivers/STM32WBxx_HAL_Driver/Inc/stm32wbxx_ll_rcc.h ****   * @}
 757:Drivers/STM32WBxx_HAL_Driver/Inc/stm32wbxx_ll_rcc.h ****   */
 758:Drivers/STM32WBxx_HAL_Driver/Inc/stm32wbxx_ll_rcc.h **** 
 759:Drivers/STM32WBxx_HAL_Driver/Inc/stm32wbxx_ll_rcc.h **** 
 760:Drivers/STM32WBxx_HAL_Driver/Inc/stm32wbxx_ll_rcc.h **** #if defined(SAI1)
 761:Drivers/STM32WBxx_HAL_Driver/Inc/stm32wbxx_ll_rcc.h **** /** @defgroup RCC_LL_EC_PLLSAI1Q  PLLSAI1 division factor (PLLQ)
 762:Drivers/STM32WBxx_HAL_Driver/Inc/stm32wbxx_ll_rcc.h ****   * @{
 763:Drivers/STM32WBxx_HAL_Driver/Inc/stm32wbxx_ll_rcc.h ****   */
 764:Drivers/STM32WBxx_HAL_Driver/Inc/stm32wbxx_ll_rcc.h **** #define LL_RCC_PLLSAI1Q_DIV_2              (RCC_PLLSAI1CFGR_PLLQ_0)                                
 765:Drivers/STM32WBxx_HAL_Driver/Inc/stm32wbxx_ll_rcc.h **** #define LL_RCC_PLLSAI1Q_DIV_3              (RCC_PLLSAI1CFGR_PLLQ_1)                                
 766:Drivers/STM32WBxx_HAL_Driver/Inc/stm32wbxx_ll_rcc.h **** #define LL_RCC_PLLSAI1Q_DIV_4              (RCC_PLLSAI1CFGR_PLLQ_1 | RCC_PLLSAI1CFGR_PLLQ_0)       
 767:Drivers/STM32WBxx_HAL_Driver/Inc/stm32wbxx_ll_rcc.h **** #define LL_RCC_PLLSAI1Q_DIV_5              (RCC_PLLSAI1CFGR_PLLQ_2)                                
 768:Drivers/STM32WBxx_HAL_Driver/Inc/stm32wbxx_ll_rcc.h **** #define LL_RCC_PLLSAI1Q_DIV_6              (RCC_PLLSAI1CFGR_PLLQ_2 | RCC_PLLSAI1CFGR_PLLQ_0)       
 769:Drivers/STM32WBxx_HAL_Driver/Inc/stm32wbxx_ll_rcc.h **** #define LL_RCC_PLLSAI1Q_DIV_7              (RCC_PLLSAI1CFGR_PLLQ_2 | RCC_PLLSAI1CFGR_PLLQ_1)       
 770:Drivers/STM32WBxx_HAL_Driver/Inc/stm32wbxx_ll_rcc.h **** #define LL_RCC_PLLSAI1Q_DIV_8              (RCC_PLLSAI1CFGR_PLLQ_2 | RCC_PLLSAI1CFGR_PLLQ_1 | RCC_P
 771:Drivers/STM32WBxx_HAL_Driver/Inc/stm32wbxx_ll_rcc.h **** /**
 772:Drivers/STM32WBxx_HAL_Driver/Inc/stm32wbxx_ll_rcc.h ****   * @}
 773:Drivers/STM32WBxx_HAL_Driver/Inc/stm32wbxx_ll_rcc.h ****   */
 774:Drivers/STM32WBxx_HAL_Driver/Inc/stm32wbxx_ll_rcc.h **** 
 775:Drivers/STM32WBxx_HAL_Driver/Inc/stm32wbxx_ll_rcc.h **** /** @defgroup RCC_LL_EC_PLLSAI1P  PLLSAI1 division factor (PLLP)
 776:Drivers/STM32WBxx_HAL_Driver/Inc/stm32wbxx_ll_rcc.h ****   * @{
 777:Drivers/STM32WBxx_HAL_Driver/Inc/stm32wbxx_ll_rcc.h ****   */
 778:Drivers/STM32WBxx_HAL_Driver/Inc/stm32wbxx_ll_rcc.h **** #define LL_RCC_PLLSAI1P_DIV_2                  (RCC_PLLSAI1CFGR_PLLP_0)                            
 779:Drivers/STM32WBxx_HAL_Driver/Inc/stm32wbxx_ll_rcc.h **** #define LL_RCC_PLLSAI1P_DIV_3                  (RCC_PLLSAI1CFGR_PLLP_1)                            
 780:Drivers/STM32WBxx_HAL_Driver/Inc/stm32wbxx_ll_rcc.h **** #define LL_RCC_PLLSAI1P_DIV_4                  (RCC_PLLSAI1CFGR_PLLP_0|RCC_PLLSAI1CFGR_PLLP_1)     
 781:Drivers/STM32WBxx_HAL_Driver/Inc/stm32wbxx_ll_rcc.h **** #define LL_RCC_PLLSAI1P_DIV_5                  (RCC_PLLSAI1CFGR_PLLP_2)                            
 782:Drivers/STM32WBxx_HAL_Driver/Inc/stm32wbxx_ll_rcc.h **** #define LL_RCC_PLLSAI1P_DIV_6                  (RCC_PLLSAI1CFGR_PLLP_0|RCC_PLLSAI1CFGR_PLLP_2)     
 783:Drivers/STM32WBxx_HAL_Driver/Inc/stm32wbxx_ll_rcc.h **** #define LL_RCC_PLLSAI1P_DIV_7                  (RCC_PLLSAI1CFGR_PLLP_1|RCC_PLLSAI1CFGR_PLLP_2)     
 784:Drivers/STM32WBxx_HAL_Driver/Inc/stm32wbxx_ll_rcc.h **** #define LL_RCC_PLLSAI1P_DIV_8                  (RCC_PLLSAI1CFGR_PLLP_0|RCC_PLLSAI1CFGR_PLLP_1|RCC_P
 785:Drivers/STM32WBxx_HAL_Driver/Inc/stm32wbxx_ll_rcc.h **** #define LL_RCC_PLLSAI1P_DIV_9                  (RCC_PLLSAI1CFGR_PLLP_3)                            
 786:Drivers/STM32WBxx_HAL_Driver/Inc/stm32wbxx_ll_rcc.h **** #define LL_RCC_PLLSAI1P_DIV_10                 (RCC_PLLSAI1CFGR_PLLP_0|RCC_PLLSAI1CFGR_PLLP_3)     
ARM GAS  C:\Users\843E~1\AppData\Local\Temp\cchdyFZo.s 			page 24


 787:Drivers/STM32WBxx_HAL_Driver/Inc/stm32wbxx_ll_rcc.h **** #define LL_RCC_PLLSAI1P_DIV_11                 (RCC_PLLSAI1CFGR_PLLP_1|RCC_PLLSAI1CFGR_PLLP_3)     
 788:Drivers/STM32WBxx_HAL_Driver/Inc/stm32wbxx_ll_rcc.h **** #define LL_RCC_PLLSAI1P_DIV_12                 (RCC_PLLSAI1CFGR_PLLP_0|RCC_PLLSAI1CFGR_PLLP_1|RCC_P
 789:Drivers/STM32WBxx_HAL_Driver/Inc/stm32wbxx_ll_rcc.h **** #define LL_RCC_PLLSAI1P_DIV_13                 (RCC_PLLSAI1CFGR_PLLP_2|RCC_PLLSAI1CFGR_PLLP_3)     
 790:Drivers/STM32WBxx_HAL_Driver/Inc/stm32wbxx_ll_rcc.h **** #define LL_RCC_PLLSAI1P_DIV_14                 (RCC_PLLSAI1CFGR_PLLP_0|RCC_PLLSAI1CFGR_PLLP_2|RCC_P
 791:Drivers/STM32WBxx_HAL_Driver/Inc/stm32wbxx_ll_rcc.h **** #define LL_RCC_PLLSAI1P_DIV_15                 (RCC_PLLSAI1CFGR_PLLP_1|RCC_PLLSAI1CFGR_PLLP_2|RCC_P
 792:Drivers/STM32WBxx_HAL_Driver/Inc/stm32wbxx_ll_rcc.h **** #define LL_RCC_PLLSAI1P_DIV_16                 (RCC_PLLSAI1CFGR_PLLP_0|RCC_PLLSAI1CFGR_PLLP_1|RCC_P
 793:Drivers/STM32WBxx_HAL_Driver/Inc/stm32wbxx_ll_rcc.h **** #define LL_RCC_PLLSAI1P_DIV_17                 (RCC_PLLSAI1CFGR_PLLP_4)                            
 794:Drivers/STM32WBxx_HAL_Driver/Inc/stm32wbxx_ll_rcc.h **** #define LL_RCC_PLLSAI1P_DIV_18                 (RCC_PLLSAI1CFGR_PLLP_0|RCC_PLLSAI1CFGR_PLLP_4)     
 795:Drivers/STM32WBxx_HAL_Driver/Inc/stm32wbxx_ll_rcc.h **** #define LL_RCC_PLLSAI1P_DIV_19                 (RCC_PLLSAI1CFGR_PLLP_1|RCC_PLLSAI1CFGR_PLLP_4)     
 796:Drivers/STM32WBxx_HAL_Driver/Inc/stm32wbxx_ll_rcc.h **** #define LL_RCC_PLLSAI1P_DIV_20                 (RCC_PLLSAI1CFGR_PLLP_0|RCC_PLLSAI1CFGR_PLLP_1|RCC_P
 797:Drivers/STM32WBxx_HAL_Driver/Inc/stm32wbxx_ll_rcc.h **** #define LL_RCC_PLLSAI1P_DIV_21                 (RCC_PLLSAI1CFGR_PLLP_2|RCC_PLLSAI1CFGR_PLLP_4)     
 798:Drivers/STM32WBxx_HAL_Driver/Inc/stm32wbxx_ll_rcc.h **** #define LL_RCC_PLLSAI1P_DIV_22                 (RCC_PLLSAI1CFGR_PLLP_0|RCC_PLLSAI1CFGR_PLLP_2|RCC_P
 799:Drivers/STM32WBxx_HAL_Driver/Inc/stm32wbxx_ll_rcc.h **** #define LL_RCC_PLLSAI1P_DIV_23                 (RCC_PLLSAI1CFGR_PLLP_1|RCC_PLLSAI1CFGR_PLLP_2|RCC_P
 800:Drivers/STM32WBxx_HAL_Driver/Inc/stm32wbxx_ll_rcc.h **** #define LL_RCC_PLLSAI1P_DIV_24                 (RCC_PLLSAI1CFGR_PLLP_0|RCC_PLLSAI1CFGR_PLLP_1|RCC_P
 801:Drivers/STM32WBxx_HAL_Driver/Inc/stm32wbxx_ll_rcc.h **** #define LL_RCC_PLLSAI1P_DIV_25                 (RCC_PLLSAI1CFGR_PLLP_3|RCC_PLLSAI1CFGR_PLLP_4)     
 802:Drivers/STM32WBxx_HAL_Driver/Inc/stm32wbxx_ll_rcc.h **** #define LL_RCC_PLLSAI1P_DIV_26                 (RCC_PLLSAI1CFGR_PLLP_0|RCC_PLLSAI1CFGR_PLLP_3|RCC_P
 803:Drivers/STM32WBxx_HAL_Driver/Inc/stm32wbxx_ll_rcc.h **** #define LL_RCC_PLLSAI1P_DIV_27                 (RCC_PLLSAI1CFGR_PLLP_1|RCC_PLLSAI1CFGR_PLLP_3|RCC_P
 804:Drivers/STM32WBxx_HAL_Driver/Inc/stm32wbxx_ll_rcc.h **** #define LL_RCC_PLLSAI1P_DIV_28                 (RCC_PLLSAI1CFGR_PLLP_0|RCC_PLLSAI1CFGR_PLLP_1|RCC_P
 805:Drivers/STM32WBxx_HAL_Driver/Inc/stm32wbxx_ll_rcc.h **** #define LL_RCC_PLLSAI1P_DIV_29                 (RCC_PLLSAI1CFGR_PLLP_2|RCC_PLLSAI1CFGR_PLLP_3|RCC_P
 806:Drivers/STM32WBxx_HAL_Driver/Inc/stm32wbxx_ll_rcc.h **** #define LL_RCC_PLLSAI1P_DIV_30                 (RCC_PLLSAI1CFGR_PLLP_0|RCC_PLLSAI1CFGR_PLLP_2|RCC_P
 807:Drivers/STM32WBxx_HAL_Driver/Inc/stm32wbxx_ll_rcc.h **** #define LL_RCC_PLLSAI1P_DIV_31                 (RCC_PLLSAI1CFGR_PLLP_1|RCC_PLLSAI1CFGR_PLLP_2|RCC_P
 808:Drivers/STM32WBxx_HAL_Driver/Inc/stm32wbxx_ll_rcc.h **** #define LL_RCC_PLLSAI1P_DIV_32                 (RCC_PLLSAI1CFGR_PLLP_0|RCC_PLLSAI1CFGR_PLLP_1|RCC_P
 809:Drivers/STM32WBxx_HAL_Driver/Inc/stm32wbxx_ll_rcc.h **** /**
 810:Drivers/STM32WBxx_HAL_Driver/Inc/stm32wbxx_ll_rcc.h ****   * @}
 811:Drivers/STM32WBxx_HAL_Driver/Inc/stm32wbxx_ll_rcc.h ****   */
 812:Drivers/STM32WBxx_HAL_Driver/Inc/stm32wbxx_ll_rcc.h **** 
 813:Drivers/STM32WBxx_HAL_Driver/Inc/stm32wbxx_ll_rcc.h **** /** @defgroup RCC_LL_EC_PLLSAI1R  PLLSAI1 division factor (PLLR)
 814:Drivers/STM32WBxx_HAL_Driver/Inc/stm32wbxx_ll_rcc.h ****   * @{
 815:Drivers/STM32WBxx_HAL_Driver/Inc/stm32wbxx_ll_rcc.h ****   */
 816:Drivers/STM32WBxx_HAL_Driver/Inc/stm32wbxx_ll_rcc.h **** #define LL_RCC_PLLSAI1R_DIV_2              (RCC_PLLSAI1CFGR_PLLR_0)                                
 817:Drivers/STM32WBxx_HAL_Driver/Inc/stm32wbxx_ll_rcc.h **** #define LL_RCC_PLLSAI1R_DIV_3              (RCC_PLLSAI1CFGR_PLLR_1)                                
 818:Drivers/STM32WBxx_HAL_Driver/Inc/stm32wbxx_ll_rcc.h **** #define LL_RCC_PLLSAI1R_DIV_4              (RCC_PLLSAI1CFGR_PLLR_1 | RCC_PLLSAI1CFGR_PLLR_0)       
 819:Drivers/STM32WBxx_HAL_Driver/Inc/stm32wbxx_ll_rcc.h **** #define LL_RCC_PLLSAI1R_DIV_5              (RCC_PLLSAI1CFGR_PLLR_2)                                
 820:Drivers/STM32WBxx_HAL_Driver/Inc/stm32wbxx_ll_rcc.h **** #define LL_RCC_PLLSAI1R_DIV_6              (RCC_PLLSAI1CFGR_PLLR_2 | RCC_PLLSAI1CFGR_PLLR_0)       
 821:Drivers/STM32WBxx_HAL_Driver/Inc/stm32wbxx_ll_rcc.h **** #define LL_RCC_PLLSAI1R_DIV_7              (RCC_PLLSAI1CFGR_PLLR_2 | RCC_PLLSAI1CFGR_PLLR_1)       
 822:Drivers/STM32WBxx_HAL_Driver/Inc/stm32wbxx_ll_rcc.h **** #define LL_RCC_PLLSAI1R_DIV_8              (RCC_PLLSAI1CFGR_PLLR_2 | RCC_PLLSAI1CFGR_PLLR_1 | RCC_P
 823:Drivers/STM32WBxx_HAL_Driver/Inc/stm32wbxx_ll_rcc.h **** /**
 824:Drivers/STM32WBxx_HAL_Driver/Inc/stm32wbxx_ll_rcc.h ****   * @}
 825:Drivers/STM32WBxx_HAL_Driver/Inc/stm32wbxx_ll_rcc.h ****   */
 826:Drivers/STM32WBxx_HAL_Driver/Inc/stm32wbxx_ll_rcc.h **** #endif /* SAI1 */
 827:Drivers/STM32WBxx_HAL_Driver/Inc/stm32wbxx_ll_rcc.h **** 
 828:Drivers/STM32WBxx_HAL_Driver/Inc/stm32wbxx_ll_rcc.h **** /**
 829:Drivers/STM32WBxx_HAL_Driver/Inc/stm32wbxx_ll_rcc.h ****   * @}
 830:Drivers/STM32WBxx_HAL_Driver/Inc/stm32wbxx_ll_rcc.h ****   */
 831:Drivers/STM32WBxx_HAL_Driver/Inc/stm32wbxx_ll_rcc.h **** 
 832:Drivers/STM32WBxx_HAL_Driver/Inc/stm32wbxx_ll_rcc.h **** /* Exported macro ------------------------------------------------------------*/
 833:Drivers/STM32WBxx_HAL_Driver/Inc/stm32wbxx_ll_rcc.h **** /** @defgroup RCC_LL_Exported_Macros RCC Exported Macros
 834:Drivers/STM32WBxx_HAL_Driver/Inc/stm32wbxx_ll_rcc.h ****   * @{
 835:Drivers/STM32WBxx_HAL_Driver/Inc/stm32wbxx_ll_rcc.h ****   */
 836:Drivers/STM32WBxx_HAL_Driver/Inc/stm32wbxx_ll_rcc.h **** 
 837:Drivers/STM32WBxx_HAL_Driver/Inc/stm32wbxx_ll_rcc.h **** /** @defgroup RCC_LL_EM_WRITE_READ Common Write and read registers Macros
 838:Drivers/STM32WBxx_HAL_Driver/Inc/stm32wbxx_ll_rcc.h ****   * @{
 839:Drivers/STM32WBxx_HAL_Driver/Inc/stm32wbxx_ll_rcc.h ****   */
 840:Drivers/STM32WBxx_HAL_Driver/Inc/stm32wbxx_ll_rcc.h **** 
 841:Drivers/STM32WBxx_HAL_Driver/Inc/stm32wbxx_ll_rcc.h **** /**
 842:Drivers/STM32WBxx_HAL_Driver/Inc/stm32wbxx_ll_rcc.h ****   * @brief  Write a value in RCC register
 843:Drivers/STM32WBxx_HAL_Driver/Inc/stm32wbxx_ll_rcc.h ****   * @param  __REG__ Register to be written
ARM GAS  C:\Users\843E~1\AppData\Local\Temp\cchdyFZo.s 			page 25


 844:Drivers/STM32WBxx_HAL_Driver/Inc/stm32wbxx_ll_rcc.h ****   * @param  __VALUE__ Value to be written in the register
 845:Drivers/STM32WBxx_HAL_Driver/Inc/stm32wbxx_ll_rcc.h ****   * @retval None
 846:Drivers/STM32WBxx_HAL_Driver/Inc/stm32wbxx_ll_rcc.h ****   */
 847:Drivers/STM32WBxx_HAL_Driver/Inc/stm32wbxx_ll_rcc.h **** #define LL_RCC_WriteReg(__REG__, __VALUE__) WRITE_REG(RCC->__REG__, (__VALUE__))
 848:Drivers/STM32WBxx_HAL_Driver/Inc/stm32wbxx_ll_rcc.h **** 
 849:Drivers/STM32WBxx_HAL_Driver/Inc/stm32wbxx_ll_rcc.h **** /**
 850:Drivers/STM32WBxx_HAL_Driver/Inc/stm32wbxx_ll_rcc.h ****   * @brief  Read a value in RCC register
 851:Drivers/STM32WBxx_HAL_Driver/Inc/stm32wbxx_ll_rcc.h ****   * @param  __REG__ Register to be read
 852:Drivers/STM32WBxx_HAL_Driver/Inc/stm32wbxx_ll_rcc.h ****   * @retval Register value
 853:Drivers/STM32WBxx_HAL_Driver/Inc/stm32wbxx_ll_rcc.h ****   */
 854:Drivers/STM32WBxx_HAL_Driver/Inc/stm32wbxx_ll_rcc.h **** #define LL_RCC_ReadReg(__REG__) READ_REG(RCC->__REG__)
 855:Drivers/STM32WBxx_HAL_Driver/Inc/stm32wbxx_ll_rcc.h **** /**
 856:Drivers/STM32WBxx_HAL_Driver/Inc/stm32wbxx_ll_rcc.h ****   * @}
 857:Drivers/STM32WBxx_HAL_Driver/Inc/stm32wbxx_ll_rcc.h ****   */
 858:Drivers/STM32WBxx_HAL_Driver/Inc/stm32wbxx_ll_rcc.h **** 
 859:Drivers/STM32WBxx_HAL_Driver/Inc/stm32wbxx_ll_rcc.h **** /** @defgroup RCC_LL_EM_CALC_FREQ Calculate frequencies
 860:Drivers/STM32WBxx_HAL_Driver/Inc/stm32wbxx_ll_rcc.h ****   * @{
 861:Drivers/STM32WBxx_HAL_Driver/Inc/stm32wbxx_ll_rcc.h ****   */
 862:Drivers/STM32WBxx_HAL_Driver/Inc/stm32wbxx_ll_rcc.h **** 
 863:Drivers/STM32WBxx_HAL_Driver/Inc/stm32wbxx_ll_rcc.h **** /**
 864:Drivers/STM32WBxx_HAL_Driver/Inc/stm32wbxx_ll_rcc.h ****   * @brief  Helper macro to calculate the PLLRCLK frequency on system domain
 865:Drivers/STM32WBxx_HAL_Driver/Inc/stm32wbxx_ll_rcc.h ****   * @note ex: @ref __LL_RCC_CALC_PLLCLK_FREQ (HSE_VALUE,@ref LL_RCC_PLL_GetDivider (),
 866:Drivers/STM32WBxx_HAL_Driver/Inc/stm32wbxx_ll_rcc.h ****   *             @ref LL_RCC_PLL_GetN (), @ref LL_RCC_PLL_GetR ());
 867:Drivers/STM32WBxx_HAL_Driver/Inc/stm32wbxx_ll_rcc.h ****   * @param  __INPUTFREQ__ PLL Input frequency (based on MSI/HSE/HSI)
 868:Drivers/STM32WBxx_HAL_Driver/Inc/stm32wbxx_ll_rcc.h ****   * @param  __PLLM__ This parameter can be one of the following values:
 869:Drivers/STM32WBxx_HAL_Driver/Inc/stm32wbxx_ll_rcc.h ****   *         @arg @ref LL_RCC_PLLM_DIV_1
 870:Drivers/STM32WBxx_HAL_Driver/Inc/stm32wbxx_ll_rcc.h ****   *         @arg @ref LL_RCC_PLLM_DIV_2
 871:Drivers/STM32WBxx_HAL_Driver/Inc/stm32wbxx_ll_rcc.h ****   *         @arg @ref LL_RCC_PLLM_DIV_3
 872:Drivers/STM32WBxx_HAL_Driver/Inc/stm32wbxx_ll_rcc.h ****   *         @arg @ref LL_RCC_PLLM_DIV_4
 873:Drivers/STM32WBxx_HAL_Driver/Inc/stm32wbxx_ll_rcc.h ****   *         @arg @ref LL_RCC_PLLM_DIV_5
 874:Drivers/STM32WBxx_HAL_Driver/Inc/stm32wbxx_ll_rcc.h ****   *         @arg @ref LL_RCC_PLLM_DIV_6
 875:Drivers/STM32WBxx_HAL_Driver/Inc/stm32wbxx_ll_rcc.h ****   *         @arg @ref LL_RCC_PLLM_DIV_7
 876:Drivers/STM32WBxx_HAL_Driver/Inc/stm32wbxx_ll_rcc.h ****   *         @arg @ref LL_RCC_PLLM_DIV_8
 877:Drivers/STM32WBxx_HAL_Driver/Inc/stm32wbxx_ll_rcc.h ****   * @param  __PLLN__ Between Min_Data = 6 and Max_Data = 127
 878:Drivers/STM32WBxx_HAL_Driver/Inc/stm32wbxx_ll_rcc.h ****   * @param  __PLLR__ This parameter can be one of the following values:
 879:Drivers/STM32WBxx_HAL_Driver/Inc/stm32wbxx_ll_rcc.h ****   *         @arg @ref LL_RCC_PLLR_DIV_2
 880:Drivers/STM32WBxx_HAL_Driver/Inc/stm32wbxx_ll_rcc.h ****   *         @arg @ref LL_RCC_PLLR_DIV_3
 881:Drivers/STM32WBxx_HAL_Driver/Inc/stm32wbxx_ll_rcc.h ****   *         @arg @ref LL_RCC_PLLR_DIV_4
 882:Drivers/STM32WBxx_HAL_Driver/Inc/stm32wbxx_ll_rcc.h ****   *         @arg @ref LL_RCC_PLLR_DIV_5
 883:Drivers/STM32WBxx_HAL_Driver/Inc/stm32wbxx_ll_rcc.h ****   *         @arg @ref LL_RCC_PLLR_DIV_6
 884:Drivers/STM32WBxx_HAL_Driver/Inc/stm32wbxx_ll_rcc.h ****   *         @arg @ref LL_RCC_PLLR_DIV_7
 885:Drivers/STM32WBxx_HAL_Driver/Inc/stm32wbxx_ll_rcc.h ****   *         @arg @ref LL_RCC_PLLR_DIV_8
 886:Drivers/STM32WBxx_HAL_Driver/Inc/stm32wbxx_ll_rcc.h ****   * @retval PLL clock frequency (in Hz)
 887:Drivers/STM32WBxx_HAL_Driver/Inc/stm32wbxx_ll_rcc.h ****   */
 888:Drivers/STM32WBxx_HAL_Driver/Inc/stm32wbxx_ll_rcc.h **** #define __LL_RCC_CALC_PLLCLK_FREQ(__INPUTFREQ__, __PLLM__, __PLLN__, __PLLR__) ((__INPUTFREQ__) * (
 889:Drivers/STM32WBxx_HAL_Driver/Inc/stm32wbxx_ll_rcc.h ****                                                                                 (((__PLLR__) >> RCC
 890:Drivers/STM32WBxx_HAL_Driver/Inc/stm32wbxx_ll_rcc.h **** 
 891:Drivers/STM32WBxx_HAL_Driver/Inc/stm32wbxx_ll_rcc.h **** #if defined(SAI1)
 892:Drivers/STM32WBxx_HAL_Driver/Inc/stm32wbxx_ll_rcc.h **** /**
 893:Drivers/STM32WBxx_HAL_Driver/Inc/stm32wbxx_ll_rcc.h ****   * @brief  Helper macro to calculate the PLLPCLK frequency used on SAI domain
 894:Drivers/STM32WBxx_HAL_Driver/Inc/stm32wbxx_ll_rcc.h ****   * @note ex: @ref __LL_RCC_CALC_PLLCLK_SAI_FREQ (HSE_VALUE,@ref LL_RCC_PLL_GetDivider (),
 895:Drivers/STM32WBxx_HAL_Driver/Inc/stm32wbxx_ll_rcc.h ****   *             @ref LL_RCC_PLL_GetN (), @ref LL_RCC_PLL_GetP ());
 896:Drivers/STM32WBxx_HAL_Driver/Inc/stm32wbxx_ll_rcc.h ****   * @param  __INPUTFREQ__ PLL Input frequency (based on MSI/HSE/HSI)
 897:Drivers/STM32WBxx_HAL_Driver/Inc/stm32wbxx_ll_rcc.h ****   * @param  __PLLM__ This parameter can be one of the following values:
 898:Drivers/STM32WBxx_HAL_Driver/Inc/stm32wbxx_ll_rcc.h ****   *         @arg @ref LL_RCC_PLLM_DIV_1
 899:Drivers/STM32WBxx_HAL_Driver/Inc/stm32wbxx_ll_rcc.h ****   *         @arg @ref LL_RCC_PLLM_DIV_2
 900:Drivers/STM32WBxx_HAL_Driver/Inc/stm32wbxx_ll_rcc.h ****   *         @arg @ref LL_RCC_PLLM_DIV_3
ARM GAS  C:\Users\843E~1\AppData\Local\Temp\cchdyFZo.s 			page 26


 901:Drivers/STM32WBxx_HAL_Driver/Inc/stm32wbxx_ll_rcc.h ****   *         @arg @ref LL_RCC_PLLM_DIV_4
 902:Drivers/STM32WBxx_HAL_Driver/Inc/stm32wbxx_ll_rcc.h ****   *         @arg @ref LL_RCC_PLLM_DIV_5
 903:Drivers/STM32WBxx_HAL_Driver/Inc/stm32wbxx_ll_rcc.h ****   *         @arg @ref LL_RCC_PLLM_DIV_6
 904:Drivers/STM32WBxx_HAL_Driver/Inc/stm32wbxx_ll_rcc.h ****   *         @arg @ref LL_RCC_PLLM_DIV_7
 905:Drivers/STM32WBxx_HAL_Driver/Inc/stm32wbxx_ll_rcc.h ****   *         @arg @ref LL_RCC_PLLM_DIV_8
 906:Drivers/STM32WBxx_HAL_Driver/Inc/stm32wbxx_ll_rcc.h ****   * @param  __PLLN__ Between Min_Data = 6 and Max_Data = 127
 907:Drivers/STM32WBxx_HAL_Driver/Inc/stm32wbxx_ll_rcc.h ****   * @param  __PLLP__ This parameter can be one of the following values:
 908:Drivers/STM32WBxx_HAL_Driver/Inc/stm32wbxx_ll_rcc.h ****   *         @arg @ref LL_RCC_PLLP_DIV_2
 909:Drivers/STM32WBxx_HAL_Driver/Inc/stm32wbxx_ll_rcc.h ****   *         @arg @ref LL_RCC_PLLP_DIV_3
 910:Drivers/STM32WBxx_HAL_Driver/Inc/stm32wbxx_ll_rcc.h ****   *         @arg @ref LL_RCC_PLLP_DIV_4
 911:Drivers/STM32WBxx_HAL_Driver/Inc/stm32wbxx_ll_rcc.h ****   *         @arg @ref LL_RCC_PLLP_DIV_5
 912:Drivers/STM32WBxx_HAL_Driver/Inc/stm32wbxx_ll_rcc.h ****   *         @arg @ref LL_RCC_PLLP_DIV_6
 913:Drivers/STM32WBxx_HAL_Driver/Inc/stm32wbxx_ll_rcc.h ****   *         @arg @ref LL_RCC_PLLP_DIV_7
 914:Drivers/STM32WBxx_HAL_Driver/Inc/stm32wbxx_ll_rcc.h ****   *         @arg @ref LL_RCC_PLLP_DIV_8
 915:Drivers/STM32WBxx_HAL_Driver/Inc/stm32wbxx_ll_rcc.h ****   *         @arg @ref LL_RCC_PLLP_DIV_9
 916:Drivers/STM32WBxx_HAL_Driver/Inc/stm32wbxx_ll_rcc.h ****   *         @arg @ref LL_RCC_PLLP_DIV_10
 917:Drivers/STM32WBxx_HAL_Driver/Inc/stm32wbxx_ll_rcc.h ****   *         @arg @ref LL_RCC_PLLP_DIV_11
 918:Drivers/STM32WBxx_HAL_Driver/Inc/stm32wbxx_ll_rcc.h ****   *         @arg @ref LL_RCC_PLLP_DIV_12
 919:Drivers/STM32WBxx_HAL_Driver/Inc/stm32wbxx_ll_rcc.h ****   *         @arg @ref LL_RCC_PLLP_DIV_13
 920:Drivers/STM32WBxx_HAL_Driver/Inc/stm32wbxx_ll_rcc.h ****   *         @arg @ref LL_RCC_PLLP_DIV_14
 921:Drivers/STM32WBxx_HAL_Driver/Inc/stm32wbxx_ll_rcc.h ****   *         @arg @ref LL_RCC_PLLP_DIV_15
 922:Drivers/STM32WBxx_HAL_Driver/Inc/stm32wbxx_ll_rcc.h ****   *         @arg @ref LL_RCC_PLLP_DIV_16
 923:Drivers/STM32WBxx_HAL_Driver/Inc/stm32wbxx_ll_rcc.h ****   *         @arg @ref LL_RCC_PLLP_DIV_17
 924:Drivers/STM32WBxx_HAL_Driver/Inc/stm32wbxx_ll_rcc.h ****   *         @arg @ref LL_RCC_PLLP_DIV_18
 925:Drivers/STM32WBxx_HAL_Driver/Inc/stm32wbxx_ll_rcc.h ****   *         @arg @ref LL_RCC_PLLP_DIV_19
 926:Drivers/STM32WBxx_HAL_Driver/Inc/stm32wbxx_ll_rcc.h ****   *         @arg @ref LL_RCC_PLLP_DIV_20
 927:Drivers/STM32WBxx_HAL_Driver/Inc/stm32wbxx_ll_rcc.h ****   *         @arg @ref LL_RCC_PLLP_DIV_21
 928:Drivers/STM32WBxx_HAL_Driver/Inc/stm32wbxx_ll_rcc.h ****   *         @arg @ref LL_RCC_PLLP_DIV_22
 929:Drivers/STM32WBxx_HAL_Driver/Inc/stm32wbxx_ll_rcc.h ****   *         @arg @ref LL_RCC_PLLP_DIV_23
 930:Drivers/STM32WBxx_HAL_Driver/Inc/stm32wbxx_ll_rcc.h ****   *         @arg @ref LL_RCC_PLLP_DIV_24
 931:Drivers/STM32WBxx_HAL_Driver/Inc/stm32wbxx_ll_rcc.h ****   *         @arg @ref LL_RCC_PLLP_DIV_25
 932:Drivers/STM32WBxx_HAL_Driver/Inc/stm32wbxx_ll_rcc.h ****   *         @arg @ref LL_RCC_PLLP_DIV_26
 933:Drivers/STM32WBxx_HAL_Driver/Inc/stm32wbxx_ll_rcc.h ****   *         @arg @ref LL_RCC_PLLP_DIV_27
 934:Drivers/STM32WBxx_HAL_Driver/Inc/stm32wbxx_ll_rcc.h ****   *         @arg @ref LL_RCC_PLLP_DIV_28
 935:Drivers/STM32WBxx_HAL_Driver/Inc/stm32wbxx_ll_rcc.h ****   *         @arg @ref LL_RCC_PLLP_DIV_29
 936:Drivers/STM32WBxx_HAL_Driver/Inc/stm32wbxx_ll_rcc.h ****   *         @arg @ref LL_RCC_PLLP_DIV_30
 937:Drivers/STM32WBxx_HAL_Driver/Inc/stm32wbxx_ll_rcc.h ****   *         @arg @ref LL_RCC_PLLP_DIV_31
 938:Drivers/STM32WBxx_HAL_Driver/Inc/stm32wbxx_ll_rcc.h ****   * @retval PLL clock frequency (in Hz)
 939:Drivers/STM32WBxx_HAL_Driver/Inc/stm32wbxx_ll_rcc.h ****   */
 940:Drivers/STM32WBxx_HAL_Driver/Inc/stm32wbxx_ll_rcc.h **** #define __LL_RCC_CALC_PLLCLK_SAI_FREQ(__INPUTFREQ__, __PLLM__, __PLLN__, __PLLP__) ((__INPUTFREQ__)
 941:Drivers/STM32WBxx_HAL_Driver/Inc/stm32wbxx_ll_rcc.h ****     (((__PLLP__) >> RCC_PLLCFGR_PLLP_Pos) + 1U))
 942:Drivers/STM32WBxx_HAL_Driver/Inc/stm32wbxx_ll_rcc.h **** #endif /* SAI1 */
 943:Drivers/STM32WBxx_HAL_Driver/Inc/stm32wbxx_ll_rcc.h **** 
 944:Drivers/STM32WBxx_HAL_Driver/Inc/stm32wbxx_ll_rcc.h **** /**
 945:Drivers/STM32WBxx_HAL_Driver/Inc/stm32wbxx_ll_rcc.h ****   * @brief  Helper macro to calculate the PLLPCLK frequency used on ADC domain
 946:Drivers/STM32WBxx_HAL_Driver/Inc/stm32wbxx_ll_rcc.h ****   * @note ex: @ref __LL_RCC_CALC_PLLCLK_ADC_FREQ (HSE_VALUE,@ref LL_RCC_PLL_GetDivider (),
 947:Drivers/STM32WBxx_HAL_Driver/Inc/stm32wbxx_ll_rcc.h ****   *             @ref LL_RCC_PLL_GetN (), @ref LL_RCC_PLL_GetP ());
 948:Drivers/STM32WBxx_HAL_Driver/Inc/stm32wbxx_ll_rcc.h ****   * @param  __INPUTFREQ__ PLL Input frequency (based on MSI/HSE/HSI)
 949:Drivers/STM32WBxx_HAL_Driver/Inc/stm32wbxx_ll_rcc.h ****   * @param  __PLLM__ This parameter can be one of the following values:
 950:Drivers/STM32WBxx_HAL_Driver/Inc/stm32wbxx_ll_rcc.h ****   *         @arg @ref LL_RCC_PLLM_DIV_1
 951:Drivers/STM32WBxx_HAL_Driver/Inc/stm32wbxx_ll_rcc.h ****   *         @arg @ref LL_RCC_PLLM_DIV_2
 952:Drivers/STM32WBxx_HAL_Driver/Inc/stm32wbxx_ll_rcc.h ****   *         @arg @ref LL_RCC_PLLM_DIV_3
 953:Drivers/STM32WBxx_HAL_Driver/Inc/stm32wbxx_ll_rcc.h ****   *         @arg @ref LL_RCC_PLLM_DIV_4
 954:Drivers/STM32WBxx_HAL_Driver/Inc/stm32wbxx_ll_rcc.h ****   *         @arg @ref LL_RCC_PLLM_DIV_5
 955:Drivers/STM32WBxx_HAL_Driver/Inc/stm32wbxx_ll_rcc.h ****   *         @arg @ref LL_RCC_PLLM_DIV_6
 956:Drivers/STM32WBxx_HAL_Driver/Inc/stm32wbxx_ll_rcc.h ****   *         @arg @ref LL_RCC_PLLM_DIV_7
 957:Drivers/STM32WBxx_HAL_Driver/Inc/stm32wbxx_ll_rcc.h ****   *         @arg @ref LL_RCC_PLLM_DIV_8
ARM GAS  C:\Users\843E~1\AppData\Local\Temp\cchdyFZo.s 			page 27


 958:Drivers/STM32WBxx_HAL_Driver/Inc/stm32wbxx_ll_rcc.h ****   * @param  __PLLN__ Between Min_Data = 6 and Max_Data = 127
 959:Drivers/STM32WBxx_HAL_Driver/Inc/stm32wbxx_ll_rcc.h ****   * @param  __PLLP__ This parameter can be one of the following values:
 960:Drivers/STM32WBxx_HAL_Driver/Inc/stm32wbxx_ll_rcc.h ****   *         @arg @ref LL_RCC_PLLP_DIV_2
 961:Drivers/STM32WBxx_HAL_Driver/Inc/stm32wbxx_ll_rcc.h ****   *         @arg @ref LL_RCC_PLLP_DIV_3
 962:Drivers/STM32WBxx_HAL_Driver/Inc/stm32wbxx_ll_rcc.h ****   *         @arg @ref LL_RCC_PLLP_DIV_4
 963:Drivers/STM32WBxx_HAL_Driver/Inc/stm32wbxx_ll_rcc.h ****   *         @arg @ref LL_RCC_PLLP_DIV_5
 964:Drivers/STM32WBxx_HAL_Driver/Inc/stm32wbxx_ll_rcc.h ****   *         @arg @ref LL_RCC_PLLP_DIV_6
 965:Drivers/STM32WBxx_HAL_Driver/Inc/stm32wbxx_ll_rcc.h ****   *         @arg @ref LL_RCC_PLLP_DIV_7
 966:Drivers/STM32WBxx_HAL_Driver/Inc/stm32wbxx_ll_rcc.h ****   *         @arg @ref LL_RCC_PLLP_DIV_8
 967:Drivers/STM32WBxx_HAL_Driver/Inc/stm32wbxx_ll_rcc.h ****   *         @arg @ref LL_RCC_PLLP_DIV_9
 968:Drivers/STM32WBxx_HAL_Driver/Inc/stm32wbxx_ll_rcc.h ****   *         @arg @ref LL_RCC_PLLP_DIV_10
 969:Drivers/STM32WBxx_HAL_Driver/Inc/stm32wbxx_ll_rcc.h ****   *         @arg @ref LL_RCC_PLLP_DIV_11
 970:Drivers/STM32WBxx_HAL_Driver/Inc/stm32wbxx_ll_rcc.h ****   *         @arg @ref LL_RCC_PLLP_DIV_12
 971:Drivers/STM32WBxx_HAL_Driver/Inc/stm32wbxx_ll_rcc.h ****   *         @arg @ref LL_RCC_PLLP_DIV_13
 972:Drivers/STM32WBxx_HAL_Driver/Inc/stm32wbxx_ll_rcc.h ****   *         @arg @ref LL_RCC_PLLP_DIV_14
 973:Drivers/STM32WBxx_HAL_Driver/Inc/stm32wbxx_ll_rcc.h ****   *         @arg @ref LL_RCC_PLLP_DIV_15
 974:Drivers/STM32WBxx_HAL_Driver/Inc/stm32wbxx_ll_rcc.h ****   *         @arg @ref LL_RCC_PLLP_DIV_16
 975:Drivers/STM32WBxx_HAL_Driver/Inc/stm32wbxx_ll_rcc.h ****   *         @arg @ref LL_RCC_PLLP_DIV_17
 976:Drivers/STM32WBxx_HAL_Driver/Inc/stm32wbxx_ll_rcc.h ****   *         @arg @ref LL_RCC_PLLP_DIV_18
 977:Drivers/STM32WBxx_HAL_Driver/Inc/stm32wbxx_ll_rcc.h ****   *         @arg @ref LL_RCC_PLLP_DIV_19
 978:Drivers/STM32WBxx_HAL_Driver/Inc/stm32wbxx_ll_rcc.h ****   *         @arg @ref LL_RCC_PLLP_DIV_20
 979:Drivers/STM32WBxx_HAL_Driver/Inc/stm32wbxx_ll_rcc.h ****   *         @arg @ref LL_RCC_PLLP_DIV_21
 980:Drivers/STM32WBxx_HAL_Driver/Inc/stm32wbxx_ll_rcc.h ****   *         @arg @ref LL_RCC_PLLP_DIV_22
 981:Drivers/STM32WBxx_HAL_Driver/Inc/stm32wbxx_ll_rcc.h ****   *         @arg @ref LL_RCC_PLLP_DIV_23
 982:Drivers/STM32WBxx_HAL_Driver/Inc/stm32wbxx_ll_rcc.h ****   *         @arg @ref LL_RCC_PLLP_DIV_24
 983:Drivers/STM32WBxx_HAL_Driver/Inc/stm32wbxx_ll_rcc.h ****   *         @arg @ref LL_RCC_PLLP_DIV_25
 984:Drivers/STM32WBxx_HAL_Driver/Inc/stm32wbxx_ll_rcc.h ****   *         @arg @ref LL_RCC_PLLP_DIV_26
 985:Drivers/STM32WBxx_HAL_Driver/Inc/stm32wbxx_ll_rcc.h ****   *         @arg @ref LL_RCC_PLLP_DIV_27
 986:Drivers/STM32WBxx_HAL_Driver/Inc/stm32wbxx_ll_rcc.h ****   *         @arg @ref LL_RCC_PLLP_DIV_28
 987:Drivers/STM32WBxx_HAL_Driver/Inc/stm32wbxx_ll_rcc.h ****   *         @arg @ref LL_RCC_PLLP_DIV_29
 988:Drivers/STM32WBxx_HAL_Driver/Inc/stm32wbxx_ll_rcc.h ****   *         @arg @ref LL_RCC_PLLP_DIV_30
 989:Drivers/STM32WBxx_HAL_Driver/Inc/stm32wbxx_ll_rcc.h ****   *         @arg @ref LL_RCC_PLLP_DIV_31
 990:Drivers/STM32WBxx_HAL_Driver/Inc/stm32wbxx_ll_rcc.h ****   *         @arg @ref LL_RCC_PLLP_DIV_32
 991:Drivers/STM32WBxx_HAL_Driver/Inc/stm32wbxx_ll_rcc.h ****   * @retval PLL clock frequency (in Hz)
 992:Drivers/STM32WBxx_HAL_Driver/Inc/stm32wbxx_ll_rcc.h ****   */
 993:Drivers/STM32WBxx_HAL_Driver/Inc/stm32wbxx_ll_rcc.h **** #define __LL_RCC_CALC_PLLCLK_ADC_FREQ(__INPUTFREQ__, __PLLM__, __PLLN__, __PLLP__) ((__INPUTFREQ__)
 994:Drivers/STM32WBxx_HAL_Driver/Inc/stm32wbxx_ll_rcc.h ****     (((__PLLP__) >> RCC_PLLCFGR_PLLP_Pos) + 1U))
 995:Drivers/STM32WBxx_HAL_Driver/Inc/stm32wbxx_ll_rcc.h **** 
 996:Drivers/STM32WBxx_HAL_Driver/Inc/stm32wbxx_ll_rcc.h **** 
 997:Drivers/STM32WBxx_HAL_Driver/Inc/stm32wbxx_ll_rcc.h **** /**
 998:Drivers/STM32WBxx_HAL_Driver/Inc/stm32wbxx_ll_rcc.h ****   * @brief  Helper macro to calculate the PLLQCLK frequency used on 48M domain
 999:Drivers/STM32WBxx_HAL_Driver/Inc/stm32wbxx_ll_rcc.h ****   * @note ex: @ref __LL_RCC_CALC_PLLCLK_48M_FREQ (HSE_VALUE,@ref LL_RCC_PLL_GetDivider (),
1000:Drivers/STM32WBxx_HAL_Driver/Inc/stm32wbxx_ll_rcc.h ****   *             @ref LL_RCC_PLL_GetN (), @ref LL_RCC_PLL_GetQ ());
1001:Drivers/STM32WBxx_HAL_Driver/Inc/stm32wbxx_ll_rcc.h ****   * @param  __INPUTFREQ__ PLL Input frequency (based on MSI/HSE/HSI)
1002:Drivers/STM32WBxx_HAL_Driver/Inc/stm32wbxx_ll_rcc.h ****   * @param  __PLLM__ This parameter can be one of the following values:
1003:Drivers/STM32WBxx_HAL_Driver/Inc/stm32wbxx_ll_rcc.h ****   *         @arg @ref LL_RCC_PLLM_DIV_1
1004:Drivers/STM32WBxx_HAL_Driver/Inc/stm32wbxx_ll_rcc.h ****   *         @arg @ref LL_RCC_PLLM_DIV_2
1005:Drivers/STM32WBxx_HAL_Driver/Inc/stm32wbxx_ll_rcc.h ****   *         @arg @ref LL_RCC_PLLM_DIV_3
1006:Drivers/STM32WBxx_HAL_Driver/Inc/stm32wbxx_ll_rcc.h ****   *         @arg @ref LL_RCC_PLLM_DIV_4
1007:Drivers/STM32WBxx_HAL_Driver/Inc/stm32wbxx_ll_rcc.h ****   *         @arg @ref LL_RCC_PLLM_DIV_5
1008:Drivers/STM32WBxx_HAL_Driver/Inc/stm32wbxx_ll_rcc.h ****   *         @arg @ref LL_RCC_PLLM_DIV_6
1009:Drivers/STM32WBxx_HAL_Driver/Inc/stm32wbxx_ll_rcc.h ****   *         @arg @ref LL_RCC_PLLM_DIV_7
1010:Drivers/STM32WBxx_HAL_Driver/Inc/stm32wbxx_ll_rcc.h ****   *         @arg @ref LL_RCC_PLLM_DIV_8
1011:Drivers/STM32WBxx_HAL_Driver/Inc/stm32wbxx_ll_rcc.h ****   * @param  __PLLN__ Between Min_Data = 6 and Max_Data = 127
1012:Drivers/STM32WBxx_HAL_Driver/Inc/stm32wbxx_ll_rcc.h ****   * @param  __PLLQ__ This parameter can be one of the following values:
1013:Drivers/STM32WBxx_HAL_Driver/Inc/stm32wbxx_ll_rcc.h ****   *         @arg @ref LL_RCC_PLLQ_DIV_2
1014:Drivers/STM32WBxx_HAL_Driver/Inc/stm32wbxx_ll_rcc.h ****   *         @arg @ref LL_RCC_PLLQ_DIV_3
ARM GAS  C:\Users\843E~1\AppData\Local\Temp\cchdyFZo.s 			page 28


1015:Drivers/STM32WBxx_HAL_Driver/Inc/stm32wbxx_ll_rcc.h ****   *         @arg @ref LL_RCC_PLLQ_DIV_4
1016:Drivers/STM32WBxx_HAL_Driver/Inc/stm32wbxx_ll_rcc.h ****   *         @arg @ref LL_RCC_PLLQ_DIV_5
1017:Drivers/STM32WBxx_HAL_Driver/Inc/stm32wbxx_ll_rcc.h ****   *         @arg @ref LL_RCC_PLLQ_DIV_6
1018:Drivers/STM32WBxx_HAL_Driver/Inc/stm32wbxx_ll_rcc.h ****   *         @arg @ref LL_RCC_PLLQ_DIV_7
1019:Drivers/STM32WBxx_HAL_Driver/Inc/stm32wbxx_ll_rcc.h ****   *         @arg @ref LL_RCC_PLLQ_DIV_8
1020:Drivers/STM32WBxx_HAL_Driver/Inc/stm32wbxx_ll_rcc.h ****   * @retval PLL clock frequency (in Hz)
1021:Drivers/STM32WBxx_HAL_Driver/Inc/stm32wbxx_ll_rcc.h ****   */
1022:Drivers/STM32WBxx_HAL_Driver/Inc/stm32wbxx_ll_rcc.h **** #define __LL_RCC_CALC_PLLCLK_48M_FREQ(__INPUTFREQ__, __PLLM__, __PLLN__, __PLLQ__) ((__INPUTFREQ__)
1023:Drivers/STM32WBxx_HAL_Driver/Inc/stm32wbxx_ll_rcc.h ****     (((__PLLQ__) >> RCC_PLLCFGR_PLLQ_Pos) + 1U))
1024:Drivers/STM32WBxx_HAL_Driver/Inc/stm32wbxx_ll_rcc.h **** 
1025:Drivers/STM32WBxx_HAL_Driver/Inc/stm32wbxx_ll_rcc.h **** #if defined(SAI1)
1026:Drivers/STM32WBxx_HAL_Driver/Inc/stm32wbxx_ll_rcc.h **** /**
1027:Drivers/STM32WBxx_HAL_Driver/Inc/stm32wbxx_ll_rcc.h ****   * @brief  Helper macro to calculate the PLLSAI1PCLK frequency used for SAI domain
1028:Drivers/STM32WBxx_HAL_Driver/Inc/stm32wbxx_ll_rcc.h ****   * @note ex: @ref __LL_RCC_CALC_PLLSAI1_SAI_FREQ (HSE_VALUE,@ref LL_RCC_PLL_GetDivider (),
1029:Drivers/STM32WBxx_HAL_Driver/Inc/stm32wbxx_ll_rcc.h ****   *             @ref LL_RCC_PLLSAI1_GetN (), @ref LL_RCC_PLLSAI1_GetP ());
1030:Drivers/STM32WBxx_HAL_Driver/Inc/stm32wbxx_ll_rcc.h ****   * @param  __INPUTFREQ__ PLL Input frequency (based on MSI/HSE/HSI)
1031:Drivers/STM32WBxx_HAL_Driver/Inc/stm32wbxx_ll_rcc.h ****   * @param  __PLLM__ This parameter can be one of the following values:
1032:Drivers/STM32WBxx_HAL_Driver/Inc/stm32wbxx_ll_rcc.h ****   *         @arg @ref LL_RCC_PLLM_DIV_1
1033:Drivers/STM32WBxx_HAL_Driver/Inc/stm32wbxx_ll_rcc.h ****   *         @arg @ref LL_RCC_PLLM_DIV_2
1034:Drivers/STM32WBxx_HAL_Driver/Inc/stm32wbxx_ll_rcc.h ****   *         @arg @ref LL_RCC_PLLM_DIV_3
1035:Drivers/STM32WBxx_HAL_Driver/Inc/stm32wbxx_ll_rcc.h ****   *         @arg @ref LL_RCC_PLLM_DIV_4
1036:Drivers/STM32WBxx_HAL_Driver/Inc/stm32wbxx_ll_rcc.h ****   *         @arg @ref LL_RCC_PLLM_DIV_5
1037:Drivers/STM32WBxx_HAL_Driver/Inc/stm32wbxx_ll_rcc.h ****   *         @arg @ref LL_RCC_PLLM_DIV_6
1038:Drivers/STM32WBxx_HAL_Driver/Inc/stm32wbxx_ll_rcc.h ****   *         @arg @ref LL_RCC_PLLM_DIV_7
1039:Drivers/STM32WBxx_HAL_Driver/Inc/stm32wbxx_ll_rcc.h ****   *         @arg @ref LL_RCC_PLLM_DIV_8
1040:Drivers/STM32WBxx_HAL_Driver/Inc/stm32wbxx_ll_rcc.h ****   * @param  __PLLSAI1N__ Between 6 and 127
1041:Drivers/STM32WBxx_HAL_Driver/Inc/stm32wbxx_ll_rcc.h ****   * @param  __PLLSAI1P__ This parameter can be one of the following values:
1042:Drivers/STM32WBxx_HAL_Driver/Inc/stm32wbxx_ll_rcc.h ****   *         @arg @ref LL_RCC_PLLSAI1P_DIV_2
1043:Drivers/STM32WBxx_HAL_Driver/Inc/stm32wbxx_ll_rcc.h ****   *         @arg @ref LL_RCC_PLLSAI1P_DIV_3
1044:Drivers/STM32WBxx_HAL_Driver/Inc/stm32wbxx_ll_rcc.h ****   *         @arg @ref LL_RCC_PLLSAI1P_DIV_4
1045:Drivers/STM32WBxx_HAL_Driver/Inc/stm32wbxx_ll_rcc.h ****   *         @arg @ref LL_RCC_PLLSAI1P_DIV_5
1046:Drivers/STM32WBxx_HAL_Driver/Inc/stm32wbxx_ll_rcc.h ****   *         @arg @ref LL_RCC_PLLSAI1P_DIV_6
1047:Drivers/STM32WBxx_HAL_Driver/Inc/stm32wbxx_ll_rcc.h ****   *         @arg @ref LL_RCC_PLLSAI1P_DIV_7
1048:Drivers/STM32WBxx_HAL_Driver/Inc/stm32wbxx_ll_rcc.h ****   *         @arg @ref LL_RCC_PLLSAI1P_DIV_8
1049:Drivers/STM32WBxx_HAL_Driver/Inc/stm32wbxx_ll_rcc.h ****   *         @arg @ref LL_RCC_PLLSAI1P_DIV_9
1050:Drivers/STM32WBxx_HAL_Driver/Inc/stm32wbxx_ll_rcc.h ****   *         @arg @ref LL_RCC_PLLSAI1P_DIV_10
1051:Drivers/STM32WBxx_HAL_Driver/Inc/stm32wbxx_ll_rcc.h ****   *         @arg @ref LL_RCC_PLLSAI1P_DIV_11
1052:Drivers/STM32WBxx_HAL_Driver/Inc/stm32wbxx_ll_rcc.h ****   *         @arg @ref LL_RCC_PLLSAI1P_DIV_12
1053:Drivers/STM32WBxx_HAL_Driver/Inc/stm32wbxx_ll_rcc.h ****   *         @arg @ref LL_RCC_PLLSAI1P_DIV_13
1054:Drivers/STM32WBxx_HAL_Driver/Inc/stm32wbxx_ll_rcc.h ****   *         @arg @ref LL_RCC_PLLSAI1P_DIV_14
1055:Drivers/STM32WBxx_HAL_Driver/Inc/stm32wbxx_ll_rcc.h ****   *         @arg @ref LL_RCC_PLLSAI1P_DIV_15
1056:Drivers/STM32WBxx_HAL_Driver/Inc/stm32wbxx_ll_rcc.h ****   *         @arg @ref LL_RCC_PLLSAI1P_DIV_16
1057:Drivers/STM32WBxx_HAL_Driver/Inc/stm32wbxx_ll_rcc.h ****   *         @arg @ref LL_RCC_PLLSAI1P_DIV_17
1058:Drivers/STM32WBxx_HAL_Driver/Inc/stm32wbxx_ll_rcc.h ****   *         @arg @ref LL_RCC_PLLSAI1P_DIV_18
1059:Drivers/STM32WBxx_HAL_Driver/Inc/stm32wbxx_ll_rcc.h ****   *         @arg @ref LL_RCC_PLLSAI1P_DIV_19
1060:Drivers/STM32WBxx_HAL_Driver/Inc/stm32wbxx_ll_rcc.h ****   *         @arg @ref LL_RCC_PLLSAI1P_DIV_20
1061:Drivers/STM32WBxx_HAL_Driver/Inc/stm32wbxx_ll_rcc.h ****   *         @arg @ref LL_RCC_PLLSAI1P_DIV_21
1062:Drivers/STM32WBxx_HAL_Driver/Inc/stm32wbxx_ll_rcc.h ****   *         @arg @ref LL_RCC_PLLSAI1P_DIV_22
1063:Drivers/STM32WBxx_HAL_Driver/Inc/stm32wbxx_ll_rcc.h ****   *         @arg @ref LL_RCC_PLLSAI1P_DIV_23
1064:Drivers/STM32WBxx_HAL_Driver/Inc/stm32wbxx_ll_rcc.h ****   *         @arg @ref LL_RCC_PLLSAI1P_DIV_24
1065:Drivers/STM32WBxx_HAL_Driver/Inc/stm32wbxx_ll_rcc.h ****   *         @arg @ref LL_RCC_PLLSAI1P_DIV_25
1066:Drivers/STM32WBxx_HAL_Driver/Inc/stm32wbxx_ll_rcc.h ****   *         @arg @ref LL_RCC_PLLSAI1P_DIV_26
1067:Drivers/STM32WBxx_HAL_Driver/Inc/stm32wbxx_ll_rcc.h ****   *         @arg @ref LL_RCC_PLLSAI1P_DIV_27
1068:Drivers/STM32WBxx_HAL_Driver/Inc/stm32wbxx_ll_rcc.h ****   *         @arg @ref LL_RCC_PLLSAI1P_DIV_28
1069:Drivers/STM32WBxx_HAL_Driver/Inc/stm32wbxx_ll_rcc.h ****   *         @arg @ref LL_RCC_PLLSAI1P_DIV_29
1070:Drivers/STM32WBxx_HAL_Driver/Inc/stm32wbxx_ll_rcc.h ****   *         @arg @ref LL_RCC_PLLSAI1P_DIV_30
1071:Drivers/STM32WBxx_HAL_Driver/Inc/stm32wbxx_ll_rcc.h ****   *         @arg @ref LL_RCC_PLLSAI1P_DIV_31
ARM GAS  C:\Users\843E~1\AppData\Local\Temp\cchdyFZo.s 			page 29


1072:Drivers/STM32WBxx_HAL_Driver/Inc/stm32wbxx_ll_rcc.h ****   *         @arg @ref LL_RCC_PLLSAI1P_DIV_32
1073:Drivers/STM32WBxx_HAL_Driver/Inc/stm32wbxx_ll_rcc.h ****   * @retval PLLSAI1 clock frequency (in Hz)
1074:Drivers/STM32WBxx_HAL_Driver/Inc/stm32wbxx_ll_rcc.h ****   */
1075:Drivers/STM32WBxx_HAL_Driver/Inc/stm32wbxx_ll_rcc.h **** #define __LL_RCC_CALC_PLLSAI1_SAI_FREQ(__INPUTFREQ__, __PLLM__, __PLLSAI1N__, __PLLSAI1P__) \
1076:Drivers/STM32WBxx_HAL_Driver/Inc/stm32wbxx_ll_rcc.h ****   ((__INPUTFREQ__) * (__PLLSAI1N__)  / ((((__PLLM__)>> RCC_PLLCFGR_PLLM_Pos) + 1U)) / \
1077:Drivers/STM32WBxx_HAL_Driver/Inc/stm32wbxx_ll_rcc.h ****    (((__PLLSAI1P__) >> RCC_PLLSAI1CFGR_PLLP_Pos) + 1U))
1078:Drivers/STM32WBxx_HAL_Driver/Inc/stm32wbxx_ll_rcc.h **** 
1079:Drivers/STM32WBxx_HAL_Driver/Inc/stm32wbxx_ll_rcc.h **** /**
1080:Drivers/STM32WBxx_HAL_Driver/Inc/stm32wbxx_ll_rcc.h ****   * @brief  Helper macro to calculate the PLLSAI1QCLK frequency used on 48M domain
1081:Drivers/STM32WBxx_HAL_Driver/Inc/stm32wbxx_ll_rcc.h ****   * @note ex: @ref __LL_RCC_CALC_PLLSAI1_48M_FREQ (HSE_VALUE,@ref LL_RCC_PLL_GetDivider (),
1082:Drivers/STM32WBxx_HAL_Driver/Inc/stm32wbxx_ll_rcc.h ****   *             @ref LL_RCC_PLLSAI1_GetN (), @ref LL_RCC_PLLSAI1_GetQ ());
1083:Drivers/STM32WBxx_HAL_Driver/Inc/stm32wbxx_ll_rcc.h ****   * @param  __INPUTFREQ__ PLL Input frequency (based on MSI/HSE/HSI)
1084:Drivers/STM32WBxx_HAL_Driver/Inc/stm32wbxx_ll_rcc.h ****   * @param  __PLLM__ This parameter can be one of the following values:
1085:Drivers/STM32WBxx_HAL_Driver/Inc/stm32wbxx_ll_rcc.h ****   *         @arg @ref LL_RCC_PLLM_DIV_1
1086:Drivers/STM32WBxx_HAL_Driver/Inc/stm32wbxx_ll_rcc.h ****   *         @arg @ref LL_RCC_PLLM_DIV_2
1087:Drivers/STM32WBxx_HAL_Driver/Inc/stm32wbxx_ll_rcc.h ****   *         @arg @ref LL_RCC_PLLM_DIV_3
1088:Drivers/STM32WBxx_HAL_Driver/Inc/stm32wbxx_ll_rcc.h ****   *         @arg @ref LL_RCC_PLLM_DIV_4
1089:Drivers/STM32WBxx_HAL_Driver/Inc/stm32wbxx_ll_rcc.h ****   *         @arg @ref LL_RCC_PLLM_DIV_5
1090:Drivers/STM32WBxx_HAL_Driver/Inc/stm32wbxx_ll_rcc.h ****   *         @arg @ref LL_RCC_PLLM_DIV_6
1091:Drivers/STM32WBxx_HAL_Driver/Inc/stm32wbxx_ll_rcc.h ****   *         @arg @ref LL_RCC_PLLM_DIV_7
1092:Drivers/STM32WBxx_HAL_Driver/Inc/stm32wbxx_ll_rcc.h ****   *         @arg @ref LL_RCC_PLLM_DIV_8
1093:Drivers/STM32WBxx_HAL_Driver/Inc/stm32wbxx_ll_rcc.h ****   * @param  __PLLSAI1N__ Between 6 and 127
1094:Drivers/STM32WBxx_HAL_Driver/Inc/stm32wbxx_ll_rcc.h ****   * @param  __PLLSAI1Q__ This parameter can be one of the following values:
1095:Drivers/STM32WBxx_HAL_Driver/Inc/stm32wbxx_ll_rcc.h ****   *         @arg @ref LL_RCC_PLLSAI1Q_DIV_2
1096:Drivers/STM32WBxx_HAL_Driver/Inc/stm32wbxx_ll_rcc.h ****   *         @arg @ref LL_RCC_PLLSAI1Q_DIV_3
1097:Drivers/STM32WBxx_HAL_Driver/Inc/stm32wbxx_ll_rcc.h ****   *         @arg @ref LL_RCC_PLLSAI1Q_DIV_4
1098:Drivers/STM32WBxx_HAL_Driver/Inc/stm32wbxx_ll_rcc.h ****   *         @arg @ref LL_RCC_PLLSAI1Q_DIV_5
1099:Drivers/STM32WBxx_HAL_Driver/Inc/stm32wbxx_ll_rcc.h ****   *         @arg @ref LL_RCC_PLLSAI1Q_DIV_6
1100:Drivers/STM32WBxx_HAL_Driver/Inc/stm32wbxx_ll_rcc.h ****   *         @arg @ref LL_RCC_PLLSAI1Q_DIV_7
1101:Drivers/STM32WBxx_HAL_Driver/Inc/stm32wbxx_ll_rcc.h ****   *         @arg @ref LL_RCC_PLLSAI1Q_DIV_8
1102:Drivers/STM32WBxx_HAL_Driver/Inc/stm32wbxx_ll_rcc.h ****   * @retval PLLSAI1 clock frequency (in Hz)
1103:Drivers/STM32WBxx_HAL_Driver/Inc/stm32wbxx_ll_rcc.h ****   */
1104:Drivers/STM32WBxx_HAL_Driver/Inc/stm32wbxx_ll_rcc.h **** #define __LL_RCC_CALC_PLLSAI1_48M_FREQ(__INPUTFREQ__, __PLLM__, __PLLSAI1N__, __PLLSAI1Q__) \
1105:Drivers/STM32WBxx_HAL_Driver/Inc/stm32wbxx_ll_rcc.h ****   ((__INPUTFREQ__) * (__PLLSAI1N__) / ((((__PLLM__)>> RCC_PLLCFGR_PLLM_Pos) + 1U)) / \
1106:Drivers/STM32WBxx_HAL_Driver/Inc/stm32wbxx_ll_rcc.h ****    (((__PLLSAI1Q__) >> RCC_PLLSAI1CFGR_PLLQ_Pos) + 1U))
1107:Drivers/STM32WBxx_HAL_Driver/Inc/stm32wbxx_ll_rcc.h **** 
1108:Drivers/STM32WBxx_HAL_Driver/Inc/stm32wbxx_ll_rcc.h **** /**
1109:Drivers/STM32WBxx_HAL_Driver/Inc/stm32wbxx_ll_rcc.h ****   * @brief  Helper macro to calculate the PLLSAI1RCLK frequency used on ADC domain
1110:Drivers/STM32WBxx_HAL_Driver/Inc/stm32wbxx_ll_rcc.h ****   * @note ex: @ref __LL_RCC_CALC_PLLSAI1_ADC_FREQ (HSE_VALUE,@ref LL_RCC_PLL_GetDivider (),
1111:Drivers/STM32WBxx_HAL_Driver/Inc/stm32wbxx_ll_rcc.h ****   *             @ref LL_RCC_PLLSAI1_GetN (), @ref LL_RCC_PLLSAI1_GetR ());
1112:Drivers/STM32WBxx_HAL_Driver/Inc/stm32wbxx_ll_rcc.h ****   * @param  __INPUTFREQ__ PLL Input frequency (based on MSI/HSE/HSI)
1113:Drivers/STM32WBxx_HAL_Driver/Inc/stm32wbxx_ll_rcc.h ****   * @param  __PLLM__ This parameter can be one of the following values:
1114:Drivers/STM32WBxx_HAL_Driver/Inc/stm32wbxx_ll_rcc.h ****   *         @arg @ref LL_RCC_PLLM_DIV_1
1115:Drivers/STM32WBxx_HAL_Driver/Inc/stm32wbxx_ll_rcc.h ****   *         @arg @ref LL_RCC_PLLM_DIV_2
1116:Drivers/STM32WBxx_HAL_Driver/Inc/stm32wbxx_ll_rcc.h ****   *         @arg @ref LL_RCC_PLLM_DIV_3
1117:Drivers/STM32WBxx_HAL_Driver/Inc/stm32wbxx_ll_rcc.h ****   *         @arg @ref LL_RCC_PLLM_DIV_4
1118:Drivers/STM32WBxx_HAL_Driver/Inc/stm32wbxx_ll_rcc.h ****   *         @arg @ref LL_RCC_PLLM_DIV_5
1119:Drivers/STM32WBxx_HAL_Driver/Inc/stm32wbxx_ll_rcc.h ****   *         @arg @ref LL_RCC_PLLM_DIV_6
1120:Drivers/STM32WBxx_HAL_Driver/Inc/stm32wbxx_ll_rcc.h ****   *         @arg @ref LL_RCC_PLLM_DIV_7
1121:Drivers/STM32WBxx_HAL_Driver/Inc/stm32wbxx_ll_rcc.h ****   *         @arg @ref LL_RCC_PLLM_DIV_8
1122:Drivers/STM32WBxx_HAL_Driver/Inc/stm32wbxx_ll_rcc.h ****   * @param  __PLLSAI1N__ Between 6 and 127
1123:Drivers/STM32WBxx_HAL_Driver/Inc/stm32wbxx_ll_rcc.h ****   * @param  __PLLSAI1R__ This parameter can be one of the following values:
1124:Drivers/STM32WBxx_HAL_Driver/Inc/stm32wbxx_ll_rcc.h ****   *         @arg @ref LL_RCC_PLLSAI1R_DIV_2
1125:Drivers/STM32WBxx_HAL_Driver/Inc/stm32wbxx_ll_rcc.h ****   *         @arg @ref LL_RCC_PLLSAI1R_DIV_3
1126:Drivers/STM32WBxx_HAL_Driver/Inc/stm32wbxx_ll_rcc.h ****   *         @arg @ref LL_RCC_PLLSAI1R_DIV_4
1127:Drivers/STM32WBxx_HAL_Driver/Inc/stm32wbxx_ll_rcc.h ****   *         @arg @ref LL_RCC_PLLSAI1R_DIV_5
1128:Drivers/STM32WBxx_HAL_Driver/Inc/stm32wbxx_ll_rcc.h ****   *         @arg @ref LL_RCC_PLLSAI1R_DIV_6
ARM GAS  C:\Users\843E~1\AppData\Local\Temp\cchdyFZo.s 			page 30


1129:Drivers/STM32WBxx_HAL_Driver/Inc/stm32wbxx_ll_rcc.h ****   *         @arg @ref LL_RCC_PLLSAI1R_DIV_7
1130:Drivers/STM32WBxx_HAL_Driver/Inc/stm32wbxx_ll_rcc.h ****   *         @arg @ref LL_RCC_PLLSAI1R_DIV_8
1131:Drivers/STM32WBxx_HAL_Driver/Inc/stm32wbxx_ll_rcc.h ****   * @retval PLLSAI1 clock frequency (in Hz)
1132:Drivers/STM32WBxx_HAL_Driver/Inc/stm32wbxx_ll_rcc.h ****   */
1133:Drivers/STM32WBxx_HAL_Driver/Inc/stm32wbxx_ll_rcc.h **** #define __LL_RCC_CALC_PLLSAI1_ADC_FREQ(__INPUTFREQ__, __PLLM__, __PLLSAI1N__, __PLLSAI1R__) \
1134:Drivers/STM32WBxx_HAL_Driver/Inc/stm32wbxx_ll_rcc.h ****   ((__INPUTFREQ__) * (__PLLSAI1N__) / ((((__PLLM__)>> RCC_PLLCFGR_PLLM_Pos) + 1U)) / \
1135:Drivers/STM32WBxx_HAL_Driver/Inc/stm32wbxx_ll_rcc.h ****    (((__PLLSAI1R__) >> RCC_PLLSAI1CFGR_PLLR_Pos) + 1U))
1136:Drivers/STM32WBxx_HAL_Driver/Inc/stm32wbxx_ll_rcc.h **** #endif /* SAI1 */
1137:Drivers/STM32WBxx_HAL_Driver/Inc/stm32wbxx_ll_rcc.h **** 
1138:Drivers/STM32WBxx_HAL_Driver/Inc/stm32wbxx_ll_rcc.h **** /**
1139:Drivers/STM32WBxx_HAL_Driver/Inc/stm32wbxx_ll_rcc.h ****   * @brief  Helper macro to calculate the HCLK1 frequency
1140:Drivers/STM32WBxx_HAL_Driver/Inc/stm32wbxx_ll_rcc.h ****   * @param  __SYSCLKFREQ__ SYSCLK frequency (based on MSI/HSE/HSI/PLLCLK)
1141:Drivers/STM32WBxx_HAL_Driver/Inc/stm32wbxx_ll_rcc.h ****   * @param  __CPU1PRESCALER__ This parameter can be one of the following values:
1142:Drivers/STM32WBxx_HAL_Driver/Inc/stm32wbxx_ll_rcc.h ****   *         @arg @ref LL_RCC_SYSCLK_DIV_1
1143:Drivers/STM32WBxx_HAL_Driver/Inc/stm32wbxx_ll_rcc.h ****   *         @arg @ref LL_RCC_SYSCLK_DIV_2
1144:Drivers/STM32WBxx_HAL_Driver/Inc/stm32wbxx_ll_rcc.h ****   *         @arg @ref LL_RCC_SYSCLK_DIV_3
1145:Drivers/STM32WBxx_HAL_Driver/Inc/stm32wbxx_ll_rcc.h ****   *         @arg @ref LL_RCC_SYSCLK_DIV_4
1146:Drivers/STM32WBxx_HAL_Driver/Inc/stm32wbxx_ll_rcc.h ****   *         @arg @ref LL_RCC_SYSCLK_DIV_5
1147:Drivers/STM32WBxx_HAL_Driver/Inc/stm32wbxx_ll_rcc.h ****   *         @arg @ref LL_RCC_SYSCLK_DIV_6
1148:Drivers/STM32WBxx_HAL_Driver/Inc/stm32wbxx_ll_rcc.h ****   *         @arg @ref LL_RCC_SYSCLK_DIV_8
1149:Drivers/STM32WBxx_HAL_Driver/Inc/stm32wbxx_ll_rcc.h ****   *         @arg @ref LL_RCC_SYSCLK_DIV_10
1150:Drivers/STM32WBxx_HAL_Driver/Inc/stm32wbxx_ll_rcc.h ****   *         @arg @ref LL_RCC_SYSCLK_DIV_16
1151:Drivers/STM32WBxx_HAL_Driver/Inc/stm32wbxx_ll_rcc.h ****   *         @arg @ref LL_RCC_SYSCLK_DIV_32
1152:Drivers/STM32WBxx_HAL_Driver/Inc/stm32wbxx_ll_rcc.h ****   *         @arg @ref LL_RCC_SYSCLK_DIV_64
1153:Drivers/STM32WBxx_HAL_Driver/Inc/stm32wbxx_ll_rcc.h ****   *         @arg @ref LL_RCC_SYSCLK_DIV_128
1154:Drivers/STM32WBxx_HAL_Driver/Inc/stm32wbxx_ll_rcc.h ****   *         @arg @ref LL_RCC_SYSCLK_DIV_256
1155:Drivers/STM32WBxx_HAL_Driver/Inc/stm32wbxx_ll_rcc.h ****   *         @arg @ref LL_RCC_SYSCLK_DIV_512
1156:Drivers/STM32WBxx_HAL_Driver/Inc/stm32wbxx_ll_rcc.h ****   * @retval HCLK1 clock frequency (in Hz)
1157:Drivers/STM32WBxx_HAL_Driver/Inc/stm32wbxx_ll_rcc.h ****   */
1158:Drivers/STM32WBxx_HAL_Driver/Inc/stm32wbxx_ll_rcc.h **** #define __LL_RCC_CALC_HCLK1_FREQ(__SYSCLKFREQ__,__CPU1PRESCALER__) ((__SYSCLKFREQ__) / AHBPrescTabl
1159:Drivers/STM32WBxx_HAL_Driver/Inc/stm32wbxx_ll_rcc.h ****                                                                     & RCC_CFGR_HPRE) >>  RCC_CFGR_H
1160:Drivers/STM32WBxx_HAL_Driver/Inc/stm32wbxx_ll_rcc.h **** 
1161:Drivers/STM32WBxx_HAL_Driver/Inc/stm32wbxx_ll_rcc.h **** /**
1162:Drivers/STM32WBxx_HAL_Driver/Inc/stm32wbxx_ll_rcc.h ****   * @brief  Helper macro to calculate the HCLK2 frequency
1163:Drivers/STM32WBxx_HAL_Driver/Inc/stm32wbxx_ll_rcc.h ****   * @param  __SYSCLKFREQ__ SYSCLK frequency (based on MSI/HSE/HSI/PLLCLK)
1164:Drivers/STM32WBxx_HAL_Driver/Inc/stm32wbxx_ll_rcc.h ****   * @param  __CPU2PRESCALER__ This parameter can be one of the following values:
1165:Drivers/STM32WBxx_HAL_Driver/Inc/stm32wbxx_ll_rcc.h ****   *         @arg @ref LL_RCC_SYSCLK_DIV_1
1166:Drivers/STM32WBxx_HAL_Driver/Inc/stm32wbxx_ll_rcc.h ****   *         @arg @ref LL_RCC_SYSCLK_DIV_2
1167:Drivers/STM32WBxx_HAL_Driver/Inc/stm32wbxx_ll_rcc.h ****   *         @arg @ref LL_RCC_SYSCLK_DIV_3
1168:Drivers/STM32WBxx_HAL_Driver/Inc/stm32wbxx_ll_rcc.h ****   *         @arg @ref LL_RCC_SYSCLK_DIV_4
1169:Drivers/STM32WBxx_HAL_Driver/Inc/stm32wbxx_ll_rcc.h ****   *         @arg @ref LL_RCC_SYSCLK_DIV_5
1170:Drivers/STM32WBxx_HAL_Driver/Inc/stm32wbxx_ll_rcc.h ****   *         @arg @ref LL_RCC_SYSCLK_DIV_6
1171:Drivers/STM32WBxx_HAL_Driver/Inc/stm32wbxx_ll_rcc.h ****   *         @arg @ref LL_RCC_SYSCLK_DIV_8
1172:Drivers/STM32WBxx_HAL_Driver/Inc/stm32wbxx_ll_rcc.h ****   *         @arg @ref LL_RCC_SYSCLK_DIV_10
1173:Drivers/STM32WBxx_HAL_Driver/Inc/stm32wbxx_ll_rcc.h ****   *         @arg @ref LL_RCC_SYSCLK_DIV_16
1174:Drivers/STM32WBxx_HAL_Driver/Inc/stm32wbxx_ll_rcc.h ****   *         @arg @ref LL_RCC_SYSCLK_DIV_32
1175:Drivers/STM32WBxx_HAL_Driver/Inc/stm32wbxx_ll_rcc.h ****   *         @arg @ref LL_RCC_SYSCLK_DIV_64
1176:Drivers/STM32WBxx_HAL_Driver/Inc/stm32wbxx_ll_rcc.h ****   *         @arg @ref LL_RCC_SYSCLK_DIV_128
1177:Drivers/STM32WBxx_HAL_Driver/Inc/stm32wbxx_ll_rcc.h ****   *         @arg @ref LL_RCC_SYSCLK_DIV_256
1178:Drivers/STM32WBxx_HAL_Driver/Inc/stm32wbxx_ll_rcc.h ****   *         @arg @ref LL_RCC_SYSCLK_DIV_512
1179:Drivers/STM32WBxx_HAL_Driver/Inc/stm32wbxx_ll_rcc.h ****   * @retval HCLK2 clock frequency (in Hz)
1180:Drivers/STM32WBxx_HAL_Driver/Inc/stm32wbxx_ll_rcc.h ****   */
1181:Drivers/STM32WBxx_HAL_Driver/Inc/stm32wbxx_ll_rcc.h **** #define __LL_RCC_CALC_HCLK2_FREQ(__SYSCLKFREQ__, __CPU2PRESCALER__) ((__SYSCLKFREQ__) / AHBPrescTab
1182:Drivers/STM32WBxx_HAL_Driver/Inc/stm32wbxx_ll_rcc.h ****                                                                      & RCC_EXTCFGR_C2HPRE) >>  RCC_
1183:Drivers/STM32WBxx_HAL_Driver/Inc/stm32wbxx_ll_rcc.h **** 
1184:Drivers/STM32WBxx_HAL_Driver/Inc/stm32wbxx_ll_rcc.h **** /**
1185:Drivers/STM32WBxx_HAL_Driver/Inc/stm32wbxx_ll_rcc.h ****   * @brief  Helper macro to calculate the HCLK4 frequency
ARM GAS  C:\Users\843E~1\AppData\Local\Temp\cchdyFZo.s 			page 31


1186:Drivers/STM32WBxx_HAL_Driver/Inc/stm32wbxx_ll_rcc.h ****   * @param  __SYSCLKFREQ__ SYSCLK frequency (based on MSI/HSE/HSI/PLLCLK)
1187:Drivers/STM32WBxx_HAL_Driver/Inc/stm32wbxx_ll_rcc.h ****   * @param  __AHB4PRESCALER__ This parameter can be one of the following values:
1188:Drivers/STM32WBxx_HAL_Driver/Inc/stm32wbxx_ll_rcc.h ****   *         @arg @ref LL_RCC_SYSCLK_DIV_1
1189:Drivers/STM32WBxx_HAL_Driver/Inc/stm32wbxx_ll_rcc.h ****   *         @arg @ref LL_RCC_SYSCLK_DIV_2
1190:Drivers/STM32WBxx_HAL_Driver/Inc/stm32wbxx_ll_rcc.h ****   *         @arg @ref LL_RCC_SYSCLK_DIV_3
1191:Drivers/STM32WBxx_HAL_Driver/Inc/stm32wbxx_ll_rcc.h ****   *         @arg @ref LL_RCC_SYSCLK_DIV_4
1192:Drivers/STM32WBxx_HAL_Driver/Inc/stm32wbxx_ll_rcc.h ****   *         @arg @ref LL_RCC_SYSCLK_DIV_5
1193:Drivers/STM32WBxx_HAL_Driver/Inc/stm32wbxx_ll_rcc.h ****   *         @arg @ref LL_RCC_SYSCLK_DIV_6
1194:Drivers/STM32WBxx_HAL_Driver/Inc/stm32wbxx_ll_rcc.h ****   *         @arg @ref LL_RCC_SYSCLK_DIV_8
1195:Drivers/STM32WBxx_HAL_Driver/Inc/stm32wbxx_ll_rcc.h ****   *         @arg @ref LL_RCC_SYSCLK_DIV_10
1196:Drivers/STM32WBxx_HAL_Driver/Inc/stm32wbxx_ll_rcc.h ****   *         @arg @ref LL_RCC_SYSCLK_DIV_16
1197:Drivers/STM32WBxx_HAL_Driver/Inc/stm32wbxx_ll_rcc.h ****   *         @arg @ref LL_RCC_SYSCLK_DIV_32
1198:Drivers/STM32WBxx_HAL_Driver/Inc/stm32wbxx_ll_rcc.h ****   *         @arg @ref LL_RCC_SYSCLK_DIV_64
1199:Drivers/STM32WBxx_HAL_Driver/Inc/stm32wbxx_ll_rcc.h ****   *         @arg @ref LL_RCC_SYSCLK_DIV_128
1200:Drivers/STM32WBxx_HAL_Driver/Inc/stm32wbxx_ll_rcc.h ****   *         @arg @ref LL_RCC_SYSCLK_DIV_256
1201:Drivers/STM32WBxx_HAL_Driver/Inc/stm32wbxx_ll_rcc.h ****   *         @arg @ref LL_RCC_SYSCLK_DIV_512
1202:Drivers/STM32WBxx_HAL_Driver/Inc/stm32wbxx_ll_rcc.h ****   * @retval HCLK4 clock frequency (in Hz)
1203:Drivers/STM32WBxx_HAL_Driver/Inc/stm32wbxx_ll_rcc.h ****   */
1204:Drivers/STM32WBxx_HAL_Driver/Inc/stm32wbxx_ll_rcc.h **** #define __LL_RCC_CALC_HCLK4_FREQ(__SYSCLKFREQ__, __AHB4PRESCALER__) ((__SYSCLKFREQ__) / AHBPrescTab
1205:Drivers/STM32WBxx_HAL_Driver/Inc/stm32wbxx_ll_rcc.h ****                                                                      & RCC_EXTCFGR_SHDHPRE) >>  RCC
1206:Drivers/STM32WBxx_HAL_Driver/Inc/stm32wbxx_ll_rcc.h **** 
1207:Drivers/STM32WBxx_HAL_Driver/Inc/stm32wbxx_ll_rcc.h **** 
1208:Drivers/STM32WBxx_HAL_Driver/Inc/stm32wbxx_ll_rcc.h **** /**
1209:Drivers/STM32WBxx_HAL_Driver/Inc/stm32wbxx_ll_rcc.h ****   * @brief  Helper macro to calculate the PCLK1 frequency (ABP1)
1210:Drivers/STM32WBxx_HAL_Driver/Inc/stm32wbxx_ll_rcc.h ****   * @param  __HCLKFREQ__ HCLK frequency
1211:Drivers/STM32WBxx_HAL_Driver/Inc/stm32wbxx_ll_rcc.h ****   * @param  __APB1PRESCALER__ This parameter can be one of the following values:
1212:Drivers/STM32WBxx_HAL_Driver/Inc/stm32wbxx_ll_rcc.h ****   *         @arg @ref LL_RCC_APB1_DIV_1
1213:Drivers/STM32WBxx_HAL_Driver/Inc/stm32wbxx_ll_rcc.h ****   *         @arg @ref LL_RCC_APB1_DIV_2
1214:Drivers/STM32WBxx_HAL_Driver/Inc/stm32wbxx_ll_rcc.h ****   *         @arg @ref LL_RCC_APB1_DIV_4
1215:Drivers/STM32WBxx_HAL_Driver/Inc/stm32wbxx_ll_rcc.h ****   *         @arg @ref LL_RCC_APB1_DIV_8
1216:Drivers/STM32WBxx_HAL_Driver/Inc/stm32wbxx_ll_rcc.h ****   *         @arg @ref LL_RCC_APB1_DIV_16
1217:Drivers/STM32WBxx_HAL_Driver/Inc/stm32wbxx_ll_rcc.h ****   * @retval PCLK1 clock frequency (in Hz)
1218:Drivers/STM32WBxx_HAL_Driver/Inc/stm32wbxx_ll_rcc.h ****   */
1219:Drivers/STM32WBxx_HAL_Driver/Inc/stm32wbxx_ll_rcc.h **** #define __LL_RCC_CALC_PCLK1_FREQ(__HCLKFREQ__, __APB1PRESCALER__) ((__HCLKFREQ__) >> (APBPrescTable
1220:Drivers/STM32WBxx_HAL_Driver/Inc/stm32wbxx_ll_rcc.h ****                                                                    & RCC_CFGR_PPRE1_Msk) >>  RCC_CF
1221:Drivers/STM32WBxx_HAL_Driver/Inc/stm32wbxx_ll_rcc.h **** 
1222:Drivers/STM32WBxx_HAL_Driver/Inc/stm32wbxx_ll_rcc.h **** /**
1223:Drivers/STM32WBxx_HAL_Driver/Inc/stm32wbxx_ll_rcc.h ****   * @brief  Helper macro to calculate the PCLK2 frequency (ABP2)
1224:Drivers/STM32WBxx_HAL_Driver/Inc/stm32wbxx_ll_rcc.h ****   * @param  __HCLKFREQ__ HCLK frequency
1225:Drivers/STM32WBxx_HAL_Driver/Inc/stm32wbxx_ll_rcc.h ****   * @param  __APB2PRESCALER__ This parameter can be one of the following values:
1226:Drivers/STM32WBxx_HAL_Driver/Inc/stm32wbxx_ll_rcc.h ****   *         @arg @ref LL_RCC_APB2_DIV_1
1227:Drivers/STM32WBxx_HAL_Driver/Inc/stm32wbxx_ll_rcc.h ****   *         @arg @ref LL_RCC_APB2_DIV_2
1228:Drivers/STM32WBxx_HAL_Driver/Inc/stm32wbxx_ll_rcc.h ****   *         @arg @ref LL_RCC_APB2_DIV_4
1229:Drivers/STM32WBxx_HAL_Driver/Inc/stm32wbxx_ll_rcc.h ****   *         @arg @ref LL_RCC_APB2_DIV_8
1230:Drivers/STM32WBxx_HAL_Driver/Inc/stm32wbxx_ll_rcc.h ****   *         @arg @ref LL_RCC_APB2_DIV_16
1231:Drivers/STM32WBxx_HAL_Driver/Inc/stm32wbxx_ll_rcc.h ****   * @retval PCLK2 clock frequency (in Hz)
1232:Drivers/STM32WBxx_HAL_Driver/Inc/stm32wbxx_ll_rcc.h ****   */
1233:Drivers/STM32WBxx_HAL_Driver/Inc/stm32wbxx_ll_rcc.h **** #define __LL_RCC_CALC_PCLK2_FREQ(__HCLKFREQ__, __APB2PRESCALER__) ((__HCLKFREQ__) >> (APBPrescTable
1234:Drivers/STM32WBxx_HAL_Driver/Inc/stm32wbxx_ll_rcc.h ****                                                                    & RCC_CFGR_PPRE2_Msk) >>  RCC_CF
1235:Drivers/STM32WBxx_HAL_Driver/Inc/stm32wbxx_ll_rcc.h **** 
1236:Drivers/STM32WBxx_HAL_Driver/Inc/stm32wbxx_ll_rcc.h **** /**
1237:Drivers/STM32WBxx_HAL_Driver/Inc/stm32wbxx_ll_rcc.h ****   * @brief  Helper macro to calculate the MSI frequency (in Hz)
1238:Drivers/STM32WBxx_HAL_Driver/Inc/stm32wbxx_ll_rcc.h ****   * @note __MSIRANGE__can be retrieved by @ref LL_RCC_MSI_GetRange()
1239:Drivers/STM32WBxx_HAL_Driver/Inc/stm32wbxx_ll_rcc.h ****   * @param  __MSIRANGE__ This parameter can be one of the following values:
1240:Drivers/STM32WBxx_HAL_Driver/Inc/stm32wbxx_ll_rcc.h ****   *         @arg @ref LL_RCC_MSIRANGE_0
1241:Drivers/STM32WBxx_HAL_Driver/Inc/stm32wbxx_ll_rcc.h ****   *         @arg @ref LL_RCC_MSIRANGE_1
1242:Drivers/STM32WBxx_HAL_Driver/Inc/stm32wbxx_ll_rcc.h ****   *         @arg @ref LL_RCC_MSIRANGE_2
ARM GAS  C:\Users\843E~1\AppData\Local\Temp\cchdyFZo.s 			page 32


1243:Drivers/STM32WBxx_HAL_Driver/Inc/stm32wbxx_ll_rcc.h ****   *         @arg @ref LL_RCC_MSIRANGE_3
1244:Drivers/STM32WBxx_HAL_Driver/Inc/stm32wbxx_ll_rcc.h ****   *         @arg @ref LL_RCC_MSIRANGE_4
1245:Drivers/STM32WBxx_HAL_Driver/Inc/stm32wbxx_ll_rcc.h ****   *         @arg @ref LL_RCC_MSIRANGE_5
1246:Drivers/STM32WBxx_HAL_Driver/Inc/stm32wbxx_ll_rcc.h ****   *         @arg @ref LL_RCC_MSIRANGE_6
1247:Drivers/STM32WBxx_HAL_Driver/Inc/stm32wbxx_ll_rcc.h ****   *         @arg @ref LL_RCC_MSIRANGE_7
1248:Drivers/STM32WBxx_HAL_Driver/Inc/stm32wbxx_ll_rcc.h ****   *         @arg @ref LL_RCC_MSIRANGE_8
1249:Drivers/STM32WBxx_HAL_Driver/Inc/stm32wbxx_ll_rcc.h ****   *         @arg @ref LL_RCC_MSIRANGE_9
1250:Drivers/STM32WBxx_HAL_Driver/Inc/stm32wbxx_ll_rcc.h ****   *         @arg @ref LL_RCC_MSIRANGE_10
1251:Drivers/STM32WBxx_HAL_Driver/Inc/stm32wbxx_ll_rcc.h ****   *         @arg @ref LL_RCC_MSIRANGE_11
1252:Drivers/STM32WBxx_HAL_Driver/Inc/stm32wbxx_ll_rcc.h ****   * @retval MSI clock frequency (in Hz)
1253:Drivers/STM32WBxx_HAL_Driver/Inc/stm32wbxx_ll_rcc.h ****   */
1254:Drivers/STM32WBxx_HAL_Driver/Inc/stm32wbxx_ll_rcc.h **** #define __LL_RCC_CALC_MSI_FREQ(__MSIRANGE__) MSIRangeTable[((__MSIRANGE__)\
1255:Drivers/STM32WBxx_HAL_Driver/Inc/stm32wbxx_ll_rcc.h ****                                                             & RCC_CR_MSIRANGE_Msk) >> RCC_CR_MSIRAN
1256:Drivers/STM32WBxx_HAL_Driver/Inc/stm32wbxx_ll_rcc.h **** /**
1257:Drivers/STM32WBxx_HAL_Driver/Inc/stm32wbxx_ll_rcc.h ****   * @}
1258:Drivers/STM32WBxx_HAL_Driver/Inc/stm32wbxx_ll_rcc.h ****   */
1259:Drivers/STM32WBxx_HAL_Driver/Inc/stm32wbxx_ll_rcc.h **** 
1260:Drivers/STM32WBxx_HAL_Driver/Inc/stm32wbxx_ll_rcc.h **** /**
1261:Drivers/STM32WBxx_HAL_Driver/Inc/stm32wbxx_ll_rcc.h ****   * @}
1262:Drivers/STM32WBxx_HAL_Driver/Inc/stm32wbxx_ll_rcc.h ****   */
1263:Drivers/STM32WBxx_HAL_Driver/Inc/stm32wbxx_ll_rcc.h **** 
1264:Drivers/STM32WBxx_HAL_Driver/Inc/stm32wbxx_ll_rcc.h **** /* Exported functions --------------------------------------------------------*/
1265:Drivers/STM32WBxx_HAL_Driver/Inc/stm32wbxx_ll_rcc.h **** /** @defgroup RCC_LL_Exported_Functions RCC Exported Functions
1266:Drivers/STM32WBxx_HAL_Driver/Inc/stm32wbxx_ll_rcc.h ****   * @{
1267:Drivers/STM32WBxx_HAL_Driver/Inc/stm32wbxx_ll_rcc.h ****   */
1268:Drivers/STM32WBxx_HAL_Driver/Inc/stm32wbxx_ll_rcc.h **** 
1269:Drivers/STM32WBxx_HAL_Driver/Inc/stm32wbxx_ll_rcc.h **** /** @defgroup RCC_LL_EF_HSE HSE
1270:Drivers/STM32WBxx_HAL_Driver/Inc/stm32wbxx_ll_rcc.h ****   * @{
1271:Drivers/STM32WBxx_HAL_Driver/Inc/stm32wbxx_ll_rcc.h ****   */
1272:Drivers/STM32WBxx_HAL_Driver/Inc/stm32wbxx_ll_rcc.h **** 
1273:Drivers/STM32WBxx_HAL_Driver/Inc/stm32wbxx_ll_rcc.h **** /**
1274:Drivers/STM32WBxx_HAL_Driver/Inc/stm32wbxx_ll_rcc.h ****   * @brief  Enable HSE sysclk and pll prescaler division by 2
1275:Drivers/STM32WBxx_HAL_Driver/Inc/stm32wbxx_ll_rcc.h ****   * @rmtoll CR           HSEPRE        LL_RCC_HSE_EnableDiv2
1276:Drivers/STM32WBxx_HAL_Driver/Inc/stm32wbxx_ll_rcc.h ****   * @retval None
1277:Drivers/STM32WBxx_HAL_Driver/Inc/stm32wbxx_ll_rcc.h ****   */
1278:Drivers/STM32WBxx_HAL_Driver/Inc/stm32wbxx_ll_rcc.h **** __STATIC_INLINE void LL_RCC_HSE_EnableDiv2(void)
1279:Drivers/STM32WBxx_HAL_Driver/Inc/stm32wbxx_ll_rcc.h **** {
1280:Drivers/STM32WBxx_HAL_Driver/Inc/stm32wbxx_ll_rcc.h ****   SET_BIT(RCC->CR, RCC_CR_HSEPRE);
1281:Drivers/STM32WBxx_HAL_Driver/Inc/stm32wbxx_ll_rcc.h **** }
1282:Drivers/STM32WBxx_HAL_Driver/Inc/stm32wbxx_ll_rcc.h **** 
1283:Drivers/STM32WBxx_HAL_Driver/Inc/stm32wbxx_ll_rcc.h **** /**
1284:Drivers/STM32WBxx_HAL_Driver/Inc/stm32wbxx_ll_rcc.h ****   * @brief  Disable HSE sysclk and pll prescaler
1285:Drivers/STM32WBxx_HAL_Driver/Inc/stm32wbxx_ll_rcc.h ****   * @rmtoll CR           HSEPRE        LL_RCC_HSE_DisableDiv2
1286:Drivers/STM32WBxx_HAL_Driver/Inc/stm32wbxx_ll_rcc.h ****   * @retval None
1287:Drivers/STM32WBxx_HAL_Driver/Inc/stm32wbxx_ll_rcc.h ****   */
1288:Drivers/STM32WBxx_HAL_Driver/Inc/stm32wbxx_ll_rcc.h **** __STATIC_INLINE void LL_RCC_HSE_DisableDiv2(void)
1289:Drivers/STM32WBxx_HAL_Driver/Inc/stm32wbxx_ll_rcc.h **** {
1290:Drivers/STM32WBxx_HAL_Driver/Inc/stm32wbxx_ll_rcc.h ****   CLEAR_BIT(RCC->CR, RCC_CR_HSEPRE);
1291:Drivers/STM32WBxx_HAL_Driver/Inc/stm32wbxx_ll_rcc.h **** }
1292:Drivers/STM32WBxx_HAL_Driver/Inc/stm32wbxx_ll_rcc.h **** 
1293:Drivers/STM32WBxx_HAL_Driver/Inc/stm32wbxx_ll_rcc.h **** /**
1294:Drivers/STM32WBxx_HAL_Driver/Inc/stm32wbxx_ll_rcc.h ****   * @brief  Get HSE sysclk and pll prescaler
1295:Drivers/STM32WBxx_HAL_Driver/Inc/stm32wbxx_ll_rcc.h ****   * @rmtoll CR           HSEPRE        LL_RCC_HSE_IsEnabledDiv2
1296:Drivers/STM32WBxx_HAL_Driver/Inc/stm32wbxx_ll_rcc.h ****   * @retval None
1297:Drivers/STM32WBxx_HAL_Driver/Inc/stm32wbxx_ll_rcc.h ****   */
1298:Drivers/STM32WBxx_HAL_Driver/Inc/stm32wbxx_ll_rcc.h **** __STATIC_INLINE uint32_t LL_RCC_HSE_IsEnabledDiv2(void)
1299:Drivers/STM32WBxx_HAL_Driver/Inc/stm32wbxx_ll_rcc.h **** {
ARM GAS  C:\Users\843E~1\AppData\Local\Temp\cchdyFZo.s 			page 33


1300:Drivers/STM32WBxx_HAL_Driver/Inc/stm32wbxx_ll_rcc.h ****   return ((READ_BIT(RCC->CR, RCC_CR_HSEPRE) == (RCC_CR_HSEPRE)) ? 1UL : 0UL);
1301:Drivers/STM32WBxx_HAL_Driver/Inc/stm32wbxx_ll_rcc.h **** }
1302:Drivers/STM32WBxx_HAL_Driver/Inc/stm32wbxx_ll_rcc.h **** 
1303:Drivers/STM32WBxx_HAL_Driver/Inc/stm32wbxx_ll_rcc.h **** /**
1304:Drivers/STM32WBxx_HAL_Driver/Inc/stm32wbxx_ll_rcc.h ****   * @brief  Enable the Clock Security System.
1305:Drivers/STM32WBxx_HAL_Driver/Inc/stm32wbxx_ll_rcc.h ****   * @rmtoll CR           CSSON         LL_RCC_HSE_EnableCSS
1306:Drivers/STM32WBxx_HAL_Driver/Inc/stm32wbxx_ll_rcc.h ****   * @retval None
1307:Drivers/STM32WBxx_HAL_Driver/Inc/stm32wbxx_ll_rcc.h ****   */
1308:Drivers/STM32WBxx_HAL_Driver/Inc/stm32wbxx_ll_rcc.h **** __STATIC_INLINE void LL_RCC_HSE_EnableCSS(void)
1309:Drivers/STM32WBxx_HAL_Driver/Inc/stm32wbxx_ll_rcc.h **** {
1310:Drivers/STM32WBxx_HAL_Driver/Inc/stm32wbxx_ll_rcc.h ****   SET_BIT(RCC->CR, RCC_CR_CSSON);
1311:Drivers/STM32WBxx_HAL_Driver/Inc/stm32wbxx_ll_rcc.h **** }
1312:Drivers/STM32WBxx_HAL_Driver/Inc/stm32wbxx_ll_rcc.h **** 
1313:Drivers/STM32WBxx_HAL_Driver/Inc/stm32wbxx_ll_rcc.h **** /**
1314:Drivers/STM32WBxx_HAL_Driver/Inc/stm32wbxx_ll_rcc.h ****   * @brief  Enable HSE crystal oscillator (HSE ON)
1315:Drivers/STM32WBxx_HAL_Driver/Inc/stm32wbxx_ll_rcc.h ****   * @rmtoll CR           HSEON         LL_RCC_HSE_Enable
1316:Drivers/STM32WBxx_HAL_Driver/Inc/stm32wbxx_ll_rcc.h ****   * @retval None
1317:Drivers/STM32WBxx_HAL_Driver/Inc/stm32wbxx_ll_rcc.h ****   */
1318:Drivers/STM32WBxx_HAL_Driver/Inc/stm32wbxx_ll_rcc.h **** __STATIC_INLINE void LL_RCC_HSE_Enable(void)
1319:Drivers/STM32WBxx_HAL_Driver/Inc/stm32wbxx_ll_rcc.h **** {
1320:Drivers/STM32WBxx_HAL_Driver/Inc/stm32wbxx_ll_rcc.h ****   SET_BIT(RCC->CR, RCC_CR_HSEON);
1321:Drivers/STM32WBxx_HAL_Driver/Inc/stm32wbxx_ll_rcc.h **** }
1322:Drivers/STM32WBxx_HAL_Driver/Inc/stm32wbxx_ll_rcc.h **** 
1323:Drivers/STM32WBxx_HAL_Driver/Inc/stm32wbxx_ll_rcc.h **** /**
1324:Drivers/STM32WBxx_HAL_Driver/Inc/stm32wbxx_ll_rcc.h ****   * @brief  Disable HSE crystal oscillator (HSE ON)
1325:Drivers/STM32WBxx_HAL_Driver/Inc/stm32wbxx_ll_rcc.h ****   * @rmtoll CR           HSEON         LL_RCC_HSE_Disable
1326:Drivers/STM32WBxx_HAL_Driver/Inc/stm32wbxx_ll_rcc.h ****   * @retval None
1327:Drivers/STM32WBxx_HAL_Driver/Inc/stm32wbxx_ll_rcc.h ****   */
1328:Drivers/STM32WBxx_HAL_Driver/Inc/stm32wbxx_ll_rcc.h **** __STATIC_INLINE void LL_RCC_HSE_Disable(void)
1329:Drivers/STM32WBxx_HAL_Driver/Inc/stm32wbxx_ll_rcc.h **** {
1330:Drivers/STM32WBxx_HAL_Driver/Inc/stm32wbxx_ll_rcc.h ****   CLEAR_BIT(RCC->CR, RCC_CR_HSEON);
1331:Drivers/STM32WBxx_HAL_Driver/Inc/stm32wbxx_ll_rcc.h **** }
1332:Drivers/STM32WBxx_HAL_Driver/Inc/stm32wbxx_ll_rcc.h **** 
1333:Drivers/STM32WBxx_HAL_Driver/Inc/stm32wbxx_ll_rcc.h **** /**
1334:Drivers/STM32WBxx_HAL_Driver/Inc/stm32wbxx_ll_rcc.h ****   * @brief  Check if HSE oscillator Ready
1335:Drivers/STM32WBxx_HAL_Driver/Inc/stm32wbxx_ll_rcc.h ****   * @rmtoll CR           HSERDY        LL_RCC_HSE_IsReady
1336:Drivers/STM32WBxx_HAL_Driver/Inc/stm32wbxx_ll_rcc.h ****   * @retval State of bit (1 or 0).
1337:Drivers/STM32WBxx_HAL_Driver/Inc/stm32wbxx_ll_rcc.h ****   */
1338:Drivers/STM32WBxx_HAL_Driver/Inc/stm32wbxx_ll_rcc.h **** __STATIC_INLINE uint32_t LL_RCC_HSE_IsReady(void)
1339:Drivers/STM32WBxx_HAL_Driver/Inc/stm32wbxx_ll_rcc.h **** {
1340:Drivers/STM32WBxx_HAL_Driver/Inc/stm32wbxx_ll_rcc.h ****   return ((READ_BIT(RCC->CR, RCC_CR_HSERDY) == (RCC_CR_HSERDY)) ? 1UL : 0UL);
1341:Drivers/STM32WBxx_HAL_Driver/Inc/stm32wbxx_ll_rcc.h **** }
1342:Drivers/STM32WBxx_HAL_Driver/Inc/stm32wbxx_ll_rcc.h **** 
1343:Drivers/STM32WBxx_HAL_Driver/Inc/stm32wbxx_ll_rcc.h **** /**
1344:Drivers/STM32WBxx_HAL_Driver/Inc/stm32wbxx_ll_rcc.h ****   * @brief  Check if HSE clock control register is locked or not
1345:Drivers/STM32WBxx_HAL_Driver/Inc/stm32wbxx_ll_rcc.h ****   * @rmtoll HSECR           UNLOCKED        LL_RCC_HSE_IsClockControlLocked
1346:Drivers/STM32WBxx_HAL_Driver/Inc/stm32wbxx_ll_rcc.h ****   * @retval State of bit (1 or 0).
1347:Drivers/STM32WBxx_HAL_Driver/Inc/stm32wbxx_ll_rcc.h ****   */
1348:Drivers/STM32WBxx_HAL_Driver/Inc/stm32wbxx_ll_rcc.h **** __STATIC_INLINE uint32_t LL_RCC_HSE_IsClockControlLocked(void)
1349:Drivers/STM32WBxx_HAL_Driver/Inc/stm32wbxx_ll_rcc.h **** {
1350:Drivers/STM32WBxx_HAL_Driver/Inc/stm32wbxx_ll_rcc.h ****   return ((READ_BIT(RCC->HSECR, RCC_HSECR_UNLOCKED) != (RCC_HSECR_UNLOCKED)) ? 1UL : 0UL);
1351:Drivers/STM32WBxx_HAL_Driver/Inc/stm32wbxx_ll_rcc.h **** }
1352:Drivers/STM32WBxx_HAL_Driver/Inc/stm32wbxx_ll_rcc.h **** 
1353:Drivers/STM32WBxx_HAL_Driver/Inc/stm32wbxx_ll_rcc.h **** /**
1354:Drivers/STM32WBxx_HAL_Driver/Inc/stm32wbxx_ll_rcc.h ****   * @brief  Set HSE capacitor tuning
1355:Drivers/STM32WBxx_HAL_Driver/Inc/stm32wbxx_ll_rcc.h ****   * @rmtoll HSECR        HSETUNE       LL_RCC_HSE_SetCapacitorTuning
1356:Drivers/STM32WBxx_HAL_Driver/Inc/stm32wbxx_ll_rcc.h ****   * @param  Value Between Min_Data = 0 and Max_Data = 63
ARM GAS  C:\Users\843E~1\AppData\Local\Temp\cchdyFZo.s 			page 34


1357:Drivers/STM32WBxx_HAL_Driver/Inc/stm32wbxx_ll_rcc.h ****   * @retval None
1358:Drivers/STM32WBxx_HAL_Driver/Inc/stm32wbxx_ll_rcc.h ****   */
1359:Drivers/STM32WBxx_HAL_Driver/Inc/stm32wbxx_ll_rcc.h **** __STATIC_INLINE void LL_RCC_HSE_SetCapacitorTuning(uint32_t Value)
1360:Drivers/STM32WBxx_HAL_Driver/Inc/stm32wbxx_ll_rcc.h **** {
1361:Drivers/STM32WBxx_HAL_Driver/Inc/stm32wbxx_ll_rcc.h ****   WRITE_REG(RCC->HSECR, HSE_CONTROL_UNLOCK_KEY);
1362:Drivers/STM32WBxx_HAL_Driver/Inc/stm32wbxx_ll_rcc.h ****   MODIFY_REG(RCC->HSECR, RCC_HSECR_HSETUNE, Value << RCC_HSECR_HSETUNE_Pos);
1363:Drivers/STM32WBxx_HAL_Driver/Inc/stm32wbxx_ll_rcc.h **** }
1364:Drivers/STM32WBxx_HAL_Driver/Inc/stm32wbxx_ll_rcc.h **** 
1365:Drivers/STM32WBxx_HAL_Driver/Inc/stm32wbxx_ll_rcc.h **** /**
1366:Drivers/STM32WBxx_HAL_Driver/Inc/stm32wbxx_ll_rcc.h ****   * @brief  Get HSE capacitor tuning
1367:Drivers/STM32WBxx_HAL_Driver/Inc/stm32wbxx_ll_rcc.h ****   * @rmtoll HSECR        HSETUNE       LL_RCC_HSE_GetCapacitorTuning
1368:Drivers/STM32WBxx_HAL_Driver/Inc/stm32wbxx_ll_rcc.h ****   * @retval Between Min_Data = 0 and Max_Data = 63
1369:Drivers/STM32WBxx_HAL_Driver/Inc/stm32wbxx_ll_rcc.h ****   */
1370:Drivers/STM32WBxx_HAL_Driver/Inc/stm32wbxx_ll_rcc.h **** __STATIC_INLINE uint32_t LL_RCC_HSE_GetCapacitorTuning(void)
1371:Drivers/STM32WBxx_HAL_Driver/Inc/stm32wbxx_ll_rcc.h **** {
1372:Drivers/STM32WBxx_HAL_Driver/Inc/stm32wbxx_ll_rcc.h ****   return (uint32_t)(READ_BIT(RCC->HSECR, RCC_HSECR_HSETUNE) >> RCC_HSECR_HSETUNE_Pos);
1373:Drivers/STM32WBxx_HAL_Driver/Inc/stm32wbxx_ll_rcc.h **** }
1374:Drivers/STM32WBxx_HAL_Driver/Inc/stm32wbxx_ll_rcc.h **** 
1375:Drivers/STM32WBxx_HAL_Driver/Inc/stm32wbxx_ll_rcc.h **** /**
1376:Drivers/STM32WBxx_HAL_Driver/Inc/stm32wbxx_ll_rcc.h ****   * @brief  Set HSE current control
1377:Drivers/STM32WBxx_HAL_Driver/Inc/stm32wbxx_ll_rcc.h ****   * @rmtoll HSECR        HSEGMC       LL_RCC_HSE_SetCurrentControl
1378:Drivers/STM32WBxx_HAL_Driver/Inc/stm32wbxx_ll_rcc.h ****   * @param  CurrentMax This parameter can be one of the following values:
1379:Drivers/STM32WBxx_HAL_Driver/Inc/stm32wbxx_ll_rcc.h ****   *         @arg @ref LL_RCC_HSE_CURRENTMAX_0
1380:Drivers/STM32WBxx_HAL_Driver/Inc/stm32wbxx_ll_rcc.h ****   *         @arg @ref LL_RCC_HSE_CURRENTMAX_1
1381:Drivers/STM32WBxx_HAL_Driver/Inc/stm32wbxx_ll_rcc.h ****   *         @arg @ref LL_RCC_HSE_CURRENTMAX_2
1382:Drivers/STM32WBxx_HAL_Driver/Inc/stm32wbxx_ll_rcc.h ****   *         @arg @ref LL_RCC_HSE_CURRENTMAX_3
1383:Drivers/STM32WBxx_HAL_Driver/Inc/stm32wbxx_ll_rcc.h ****   *         @arg @ref LL_RCC_HSE_CURRENTMAX_4
1384:Drivers/STM32WBxx_HAL_Driver/Inc/stm32wbxx_ll_rcc.h ****   *         @arg @ref LL_RCC_HSE_CURRENTMAX_5
1385:Drivers/STM32WBxx_HAL_Driver/Inc/stm32wbxx_ll_rcc.h ****   *         @arg @ref LL_RCC_HSE_CURRENTMAX_6
1386:Drivers/STM32WBxx_HAL_Driver/Inc/stm32wbxx_ll_rcc.h ****   *         @arg @ref LL_RCC_HSE_CURRENTMAX_7
1387:Drivers/STM32WBxx_HAL_Driver/Inc/stm32wbxx_ll_rcc.h ****   */
1388:Drivers/STM32WBxx_HAL_Driver/Inc/stm32wbxx_ll_rcc.h **** __STATIC_INLINE void LL_RCC_HSE_SetCurrentControl(uint32_t CurrentMax)
1389:Drivers/STM32WBxx_HAL_Driver/Inc/stm32wbxx_ll_rcc.h **** {
1390:Drivers/STM32WBxx_HAL_Driver/Inc/stm32wbxx_ll_rcc.h ****   WRITE_REG(RCC->HSECR, HSE_CONTROL_UNLOCK_KEY);
1391:Drivers/STM32WBxx_HAL_Driver/Inc/stm32wbxx_ll_rcc.h ****   MODIFY_REG(RCC->HSECR, RCC_HSECR_HSEGMC, CurrentMax);
1392:Drivers/STM32WBxx_HAL_Driver/Inc/stm32wbxx_ll_rcc.h **** }
1393:Drivers/STM32WBxx_HAL_Driver/Inc/stm32wbxx_ll_rcc.h **** 
1394:Drivers/STM32WBxx_HAL_Driver/Inc/stm32wbxx_ll_rcc.h **** /**
1395:Drivers/STM32WBxx_HAL_Driver/Inc/stm32wbxx_ll_rcc.h ****   * @brief  Get HSE current control
1396:Drivers/STM32WBxx_HAL_Driver/Inc/stm32wbxx_ll_rcc.h ****   * @rmtoll HSECR        HSEGMC       LL_RCC_HSE_GetCurrentControl
1397:Drivers/STM32WBxx_HAL_Driver/Inc/stm32wbxx_ll_rcc.h ****   * @retval Returned value can be one of the following values:
1398:Drivers/STM32WBxx_HAL_Driver/Inc/stm32wbxx_ll_rcc.h ****   *         @arg @ref LL_RCC_HSE_CURRENTMAX_0
1399:Drivers/STM32WBxx_HAL_Driver/Inc/stm32wbxx_ll_rcc.h ****   *         @arg @ref LL_RCC_HSE_CURRENTMAX_1
1400:Drivers/STM32WBxx_HAL_Driver/Inc/stm32wbxx_ll_rcc.h ****   *         @arg @ref LL_RCC_HSE_CURRENTMAX_2
1401:Drivers/STM32WBxx_HAL_Driver/Inc/stm32wbxx_ll_rcc.h ****   *         @arg @ref LL_RCC_HSE_CURRENTMAX_3
1402:Drivers/STM32WBxx_HAL_Driver/Inc/stm32wbxx_ll_rcc.h ****   *         @arg @ref LL_RCC_HSE_CURRENTMAX_4
1403:Drivers/STM32WBxx_HAL_Driver/Inc/stm32wbxx_ll_rcc.h ****   *         @arg @ref LL_RCC_HSE_CURRENTMAX_5
1404:Drivers/STM32WBxx_HAL_Driver/Inc/stm32wbxx_ll_rcc.h ****   *         @arg @ref LL_RCC_HSE_CURRENTMAX_6
1405:Drivers/STM32WBxx_HAL_Driver/Inc/stm32wbxx_ll_rcc.h ****   *         @arg @ref LL_RCC_HSE_CURRENTMAX_7
1406:Drivers/STM32WBxx_HAL_Driver/Inc/stm32wbxx_ll_rcc.h ****   */
1407:Drivers/STM32WBxx_HAL_Driver/Inc/stm32wbxx_ll_rcc.h **** __STATIC_INLINE uint32_t LL_RCC_HSE_GetCurrentControl(void)
1408:Drivers/STM32WBxx_HAL_Driver/Inc/stm32wbxx_ll_rcc.h **** {
1409:Drivers/STM32WBxx_HAL_Driver/Inc/stm32wbxx_ll_rcc.h ****   return (uint32_t)(READ_BIT(RCC->HSECR, RCC_HSECR_HSEGMC));
1410:Drivers/STM32WBxx_HAL_Driver/Inc/stm32wbxx_ll_rcc.h **** }
1411:Drivers/STM32WBxx_HAL_Driver/Inc/stm32wbxx_ll_rcc.h **** 
1412:Drivers/STM32WBxx_HAL_Driver/Inc/stm32wbxx_ll_rcc.h **** /**
1413:Drivers/STM32WBxx_HAL_Driver/Inc/stm32wbxx_ll_rcc.h ****   * @brief  Set HSE sense amplifier threshold
ARM GAS  C:\Users\843E~1\AppData\Local\Temp\cchdyFZo.s 			page 35


1414:Drivers/STM32WBxx_HAL_Driver/Inc/stm32wbxx_ll_rcc.h ****   * @rmtoll HSECR        HSES       LL_RCC_HSE_SetSenseAmplifier
1415:Drivers/STM32WBxx_HAL_Driver/Inc/stm32wbxx_ll_rcc.h ****   * @param  SenseAmplifier This parameter can be one of the following values:
1416:Drivers/STM32WBxx_HAL_Driver/Inc/stm32wbxx_ll_rcc.h ****   *         @arg @ref LL_RCC_HSEAMPTHRESHOLD_1_2
1417:Drivers/STM32WBxx_HAL_Driver/Inc/stm32wbxx_ll_rcc.h ****   *         @arg @ref LL_RCC_HSEAMPTHRESHOLD_3_4
1418:Drivers/STM32WBxx_HAL_Driver/Inc/stm32wbxx_ll_rcc.h ****   */
1419:Drivers/STM32WBxx_HAL_Driver/Inc/stm32wbxx_ll_rcc.h **** __STATIC_INLINE void LL_RCC_HSE_SetSenseAmplifier(uint32_t SenseAmplifier)
1420:Drivers/STM32WBxx_HAL_Driver/Inc/stm32wbxx_ll_rcc.h **** {
1421:Drivers/STM32WBxx_HAL_Driver/Inc/stm32wbxx_ll_rcc.h ****   WRITE_REG(RCC->HSECR, HSE_CONTROL_UNLOCK_KEY);
1422:Drivers/STM32WBxx_HAL_Driver/Inc/stm32wbxx_ll_rcc.h ****   MODIFY_REG(RCC->HSECR, RCC_HSECR_HSES, SenseAmplifier);
1423:Drivers/STM32WBxx_HAL_Driver/Inc/stm32wbxx_ll_rcc.h **** }
1424:Drivers/STM32WBxx_HAL_Driver/Inc/stm32wbxx_ll_rcc.h **** 
1425:Drivers/STM32WBxx_HAL_Driver/Inc/stm32wbxx_ll_rcc.h **** /**
1426:Drivers/STM32WBxx_HAL_Driver/Inc/stm32wbxx_ll_rcc.h ****   * @brief  Get HSE current control
1427:Drivers/STM32WBxx_HAL_Driver/Inc/stm32wbxx_ll_rcc.h ****   * @rmtoll HSECR        HSES       LL_RCC_HSE_GetSenseAmplifier
1428:Drivers/STM32WBxx_HAL_Driver/Inc/stm32wbxx_ll_rcc.h ****   * @retval Returned value can be one of the following values:
1429:Drivers/STM32WBxx_HAL_Driver/Inc/stm32wbxx_ll_rcc.h ****   *         @arg @ref LL_RCC_HSEAMPTHRESHOLD_1_2
1430:Drivers/STM32WBxx_HAL_Driver/Inc/stm32wbxx_ll_rcc.h ****   *         @arg @ref LL_RCC_HSEAMPTHRESHOLD_3_4
1431:Drivers/STM32WBxx_HAL_Driver/Inc/stm32wbxx_ll_rcc.h ****   */
1432:Drivers/STM32WBxx_HAL_Driver/Inc/stm32wbxx_ll_rcc.h **** __STATIC_INLINE uint32_t LL_RCC_HSE_GetSenseAmplifier(void)
1433:Drivers/STM32WBxx_HAL_Driver/Inc/stm32wbxx_ll_rcc.h **** {
1434:Drivers/STM32WBxx_HAL_Driver/Inc/stm32wbxx_ll_rcc.h ****   return (uint32_t)(READ_BIT(RCC->HSECR, RCC_HSECR_HSES));
1435:Drivers/STM32WBxx_HAL_Driver/Inc/stm32wbxx_ll_rcc.h **** }
1436:Drivers/STM32WBxx_HAL_Driver/Inc/stm32wbxx_ll_rcc.h **** /**
1437:Drivers/STM32WBxx_HAL_Driver/Inc/stm32wbxx_ll_rcc.h ****   * @}
1438:Drivers/STM32WBxx_HAL_Driver/Inc/stm32wbxx_ll_rcc.h ****   */
1439:Drivers/STM32WBxx_HAL_Driver/Inc/stm32wbxx_ll_rcc.h **** 
1440:Drivers/STM32WBxx_HAL_Driver/Inc/stm32wbxx_ll_rcc.h **** /** @defgroup RCC_LL_EF_HSI HSI
1441:Drivers/STM32WBxx_HAL_Driver/Inc/stm32wbxx_ll_rcc.h ****   * @{
1442:Drivers/STM32WBxx_HAL_Driver/Inc/stm32wbxx_ll_rcc.h ****   */
1443:Drivers/STM32WBxx_HAL_Driver/Inc/stm32wbxx_ll_rcc.h **** 
1444:Drivers/STM32WBxx_HAL_Driver/Inc/stm32wbxx_ll_rcc.h **** /**
1445:Drivers/STM32WBxx_HAL_Driver/Inc/stm32wbxx_ll_rcc.h ****   * @brief  Enable HSI even in stop mode
1446:Drivers/STM32WBxx_HAL_Driver/Inc/stm32wbxx_ll_rcc.h ****   * @note HSI oscillator is forced ON even in Stop mode
1447:Drivers/STM32WBxx_HAL_Driver/Inc/stm32wbxx_ll_rcc.h ****   * @rmtoll CR           HSIKERON      LL_RCC_HSI_EnableInStopMode
1448:Drivers/STM32WBxx_HAL_Driver/Inc/stm32wbxx_ll_rcc.h ****   * @retval None
1449:Drivers/STM32WBxx_HAL_Driver/Inc/stm32wbxx_ll_rcc.h ****   */
1450:Drivers/STM32WBxx_HAL_Driver/Inc/stm32wbxx_ll_rcc.h **** __STATIC_INLINE void LL_RCC_HSI_EnableInStopMode(void)
1451:Drivers/STM32WBxx_HAL_Driver/Inc/stm32wbxx_ll_rcc.h **** {
1452:Drivers/STM32WBxx_HAL_Driver/Inc/stm32wbxx_ll_rcc.h ****   SET_BIT(RCC->CR, RCC_CR_HSIKERON);
1453:Drivers/STM32WBxx_HAL_Driver/Inc/stm32wbxx_ll_rcc.h **** }
1454:Drivers/STM32WBxx_HAL_Driver/Inc/stm32wbxx_ll_rcc.h **** 
1455:Drivers/STM32WBxx_HAL_Driver/Inc/stm32wbxx_ll_rcc.h **** /**
1456:Drivers/STM32WBxx_HAL_Driver/Inc/stm32wbxx_ll_rcc.h ****   * @brief  Disable HSI in stop mode
1457:Drivers/STM32WBxx_HAL_Driver/Inc/stm32wbxx_ll_rcc.h ****   * @rmtoll CR           HSIKERON      LL_RCC_HSI_DisableInStopMode
1458:Drivers/STM32WBxx_HAL_Driver/Inc/stm32wbxx_ll_rcc.h ****   * @retval None
1459:Drivers/STM32WBxx_HAL_Driver/Inc/stm32wbxx_ll_rcc.h ****   */
1460:Drivers/STM32WBxx_HAL_Driver/Inc/stm32wbxx_ll_rcc.h **** __STATIC_INLINE void LL_RCC_HSI_DisableInStopMode(void)
1461:Drivers/STM32WBxx_HAL_Driver/Inc/stm32wbxx_ll_rcc.h **** {
1462:Drivers/STM32WBxx_HAL_Driver/Inc/stm32wbxx_ll_rcc.h ****   CLEAR_BIT(RCC->CR, RCC_CR_HSIKERON);
1463:Drivers/STM32WBxx_HAL_Driver/Inc/stm32wbxx_ll_rcc.h **** }
1464:Drivers/STM32WBxx_HAL_Driver/Inc/stm32wbxx_ll_rcc.h **** 
1465:Drivers/STM32WBxx_HAL_Driver/Inc/stm32wbxx_ll_rcc.h **** /**
1466:Drivers/STM32WBxx_HAL_Driver/Inc/stm32wbxx_ll_rcc.h ****   * @brief  Check if HSI in stop mode is ready
1467:Drivers/STM32WBxx_HAL_Driver/Inc/stm32wbxx_ll_rcc.h ****   * @rmtoll CR           HSIKERON        LL_RCC_HSI_IsEnabledInStopMode
1468:Drivers/STM32WBxx_HAL_Driver/Inc/stm32wbxx_ll_rcc.h ****   * @retval State of bit (1 or 0).
1469:Drivers/STM32WBxx_HAL_Driver/Inc/stm32wbxx_ll_rcc.h ****   */
1470:Drivers/STM32WBxx_HAL_Driver/Inc/stm32wbxx_ll_rcc.h **** __STATIC_INLINE uint32_t LL_RCC_HSI_IsEnabledInStopMode(void)
ARM GAS  C:\Users\843E~1\AppData\Local\Temp\cchdyFZo.s 			page 36


1471:Drivers/STM32WBxx_HAL_Driver/Inc/stm32wbxx_ll_rcc.h **** {
1472:Drivers/STM32WBxx_HAL_Driver/Inc/stm32wbxx_ll_rcc.h ****   return ((READ_BIT(RCC->CR, RCC_CR_HSIKERON) == (RCC_CR_HSIKERON)) ? 1UL : 0UL);
1473:Drivers/STM32WBxx_HAL_Driver/Inc/stm32wbxx_ll_rcc.h **** }
1474:Drivers/STM32WBxx_HAL_Driver/Inc/stm32wbxx_ll_rcc.h **** 
1475:Drivers/STM32WBxx_HAL_Driver/Inc/stm32wbxx_ll_rcc.h **** /**
1476:Drivers/STM32WBxx_HAL_Driver/Inc/stm32wbxx_ll_rcc.h ****   * @brief  Enable HSI oscillator
1477:Drivers/STM32WBxx_HAL_Driver/Inc/stm32wbxx_ll_rcc.h ****   * @rmtoll CR           HSION         LL_RCC_HSI_Enable
1478:Drivers/STM32WBxx_HAL_Driver/Inc/stm32wbxx_ll_rcc.h ****   * @retval None
1479:Drivers/STM32WBxx_HAL_Driver/Inc/stm32wbxx_ll_rcc.h ****   */
1480:Drivers/STM32WBxx_HAL_Driver/Inc/stm32wbxx_ll_rcc.h **** __STATIC_INLINE void LL_RCC_HSI_Enable(void)
1481:Drivers/STM32WBxx_HAL_Driver/Inc/stm32wbxx_ll_rcc.h **** {
1482:Drivers/STM32WBxx_HAL_Driver/Inc/stm32wbxx_ll_rcc.h ****   SET_BIT(RCC->CR, RCC_CR_HSION);
1483:Drivers/STM32WBxx_HAL_Driver/Inc/stm32wbxx_ll_rcc.h **** }
1484:Drivers/STM32WBxx_HAL_Driver/Inc/stm32wbxx_ll_rcc.h **** 
1485:Drivers/STM32WBxx_HAL_Driver/Inc/stm32wbxx_ll_rcc.h **** /**
1486:Drivers/STM32WBxx_HAL_Driver/Inc/stm32wbxx_ll_rcc.h ****   * @brief  Disable HSI oscillator
1487:Drivers/STM32WBxx_HAL_Driver/Inc/stm32wbxx_ll_rcc.h ****   * @rmtoll CR           HSION         LL_RCC_HSI_Disable
1488:Drivers/STM32WBxx_HAL_Driver/Inc/stm32wbxx_ll_rcc.h ****   * @retval None
1489:Drivers/STM32WBxx_HAL_Driver/Inc/stm32wbxx_ll_rcc.h ****   */
1490:Drivers/STM32WBxx_HAL_Driver/Inc/stm32wbxx_ll_rcc.h **** __STATIC_INLINE void LL_RCC_HSI_Disable(void)
1491:Drivers/STM32WBxx_HAL_Driver/Inc/stm32wbxx_ll_rcc.h **** {
1492:Drivers/STM32WBxx_HAL_Driver/Inc/stm32wbxx_ll_rcc.h ****   CLEAR_BIT(RCC->CR, RCC_CR_HSION);
1493:Drivers/STM32WBxx_HAL_Driver/Inc/stm32wbxx_ll_rcc.h **** }
1494:Drivers/STM32WBxx_HAL_Driver/Inc/stm32wbxx_ll_rcc.h **** 
1495:Drivers/STM32WBxx_HAL_Driver/Inc/stm32wbxx_ll_rcc.h **** /**
1496:Drivers/STM32WBxx_HAL_Driver/Inc/stm32wbxx_ll_rcc.h ****   * @brief  Check if HSI clock is ready
1497:Drivers/STM32WBxx_HAL_Driver/Inc/stm32wbxx_ll_rcc.h ****   * @rmtoll CR           HSIRDY        LL_RCC_HSI_IsReady
1498:Drivers/STM32WBxx_HAL_Driver/Inc/stm32wbxx_ll_rcc.h ****   * @retval State of bit (1 or 0).
1499:Drivers/STM32WBxx_HAL_Driver/Inc/stm32wbxx_ll_rcc.h ****   */
1500:Drivers/STM32WBxx_HAL_Driver/Inc/stm32wbxx_ll_rcc.h **** __STATIC_INLINE uint32_t LL_RCC_HSI_IsReady(void)
1501:Drivers/STM32WBxx_HAL_Driver/Inc/stm32wbxx_ll_rcc.h **** {
1502:Drivers/STM32WBxx_HAL_Driver/Inc/stm32wbxx_ll_rcc.h ****   return ((READ_BIT(RCC->CR, RCC_CR_HSIRDY) == (RCC_CR_HSIRDY)) ? 1UL : 0UL);
1503:Drivers/STM32WBxx_HAL_Driver/Inc/stm32wbxx_ll_rcc.h **** }
1504:Drivers/STM32WBxx_HAL_Driver/Inc/stm32wbxx_ll_rcc.h **** 
1505:Drivers/STM32WBxx_HAL_Driver/Inc/stm32wbxx_ll_rcc.h **** /**
1506:Drivers/STM32WBxx_HAL_Driver/Inc/stm32wbxx_ll_rcc.h ****   * @brief  Enable HSI Automatic from stop mode
1507:Drivers/STM32WBxx_HAL_Driver/Inc/stm32wbxx_ll_rcc.h ****   * @rmtoll CR           HSIASFS       LL_RCC_HSI_EnableAutoFromStop
1508:Drivers/STM32WBxx_HAL_Driver/Inc/stm32wbxx_ll_rcc.h ****   * @retval None
1509:Drivers/STM32WBxx_HAL_Driver/Inc/stm32wbxx_ll_rcc.h ****   */
1510:Drivers/STM32WBxx_HAL_Driver/Inc/stm32wbxx_ll_rcc.h **** __STATIC_INLINE void LL_RCC_HSI_EnableAutoFromStop(void)
1511:Drivers/STM32WBxx_HAL_Driver/Inc/stm32wbxx_ll_rcc.h **** {
1512:Drivers/STM32WBxx_HAL_Driver/Inc/stm32wbxx_ll_rcc.h ****   SET_BIT(RCC->CR, RCC_CR_HSIASFS);
1513:Drivers/STM32WBxx_HAL_Driver/Inc/stm32wbxx_ll_rcc.h **** }
1514:Drivers/STM32WBxx_HAL_Driver/Inc/stm32wbxx_ll_rcc.h **** 
1515:Drivers/STM32WBxx_HAL_Driver/Inc/stm32wbxx_ll_rcc.h **** /**
1516:Drivers/STM32WBxx_HAL_Driver/Inc/stm32wbxx_ll_rcc.h ****   * @brief  Disable HSI Automatic from stop mode
1517:Drivers/STM32WBxx_HAL_Driver/Inc/stm32wbxx_ll_rcc.h ****   * @rmtoll CR           HSIASFS       LL_RCC_HSI_DisableAutoFromStop
1518:Drivers/STM32WBxx_HAL_Driver/Inc/stm32wbxx_ll_rcc.h ****   * @retval None
1519:Drivers/STM32WBxx_HAL_Driver/Inc/stm32wbxx_ll_rcc.h ****   */
1520:Drivers/STM32WBxx_HAL_Driver/Inc/stm32wbxx_ll_rcc.h **** __STATIC_INLINE void LL_RCC_HSI_DisableAutoFromStop(void)
1521:Drivers/STM32WBxx_HAL_Driver/Inc/stm32wbxx_ll_rcc.h **** {
1522:Drivers/STM32WBxx_HAL_Driver/Inc/stm32wbxx_ll_rcc.h ****   CLEAR_BIT(RCC->CR, RCC_CR_HSIASFS);
1523:Drivers/STM32WBxx_HAL_Driver/Inc/stm32wbxx_ll_rcc.h **** }
1524:Drivers/STM32WBxx_HAL_Driver/Inc/stm32wbxx_ll_rcc.h **** /**
1525:Drivers/STM32WBxx_HAL_Driver/Inc/stm32wbxx_ll_rcc.h ****   * @brief  Get HSI Calibration value
1526:Drivers/STM32WBxx_HAL_Driver/Inc/stm32wbxx_ll_rcc.h ****   * @note When HSITRIM is written, HSICAL is updated with the sum of
1527:Drivers/STM32WBxx_HAL_Driver/Inc/stm32wbxx_ll_rcc.h ****   *       HSITRIM and the factory trim value
ARM GAS  C:\Users\843E~1\AppData\Local\Temp\cchdyFZo.s 			page 37


1528:Drivers/STM32WBxx_HAL_Driver/Inc/stm32wbxx_ll_rcc.h ****   * @rmtoll ICSCR        HSICAL        LL_RCC_HSI_GetCalibration
1529:Drivers/STM32WBxx_HAL_Driver/Inc/stm32wbxx_ll_rcc.h ****   * @retval Between Min_Data = 0x00 and Max_Data = 0xFF
1530:Drivers/STM32WBxx_HAL_Driver/Inc/stm32wbxx_ll_rcc.h ****   */
1531:Drivers/STM32WBxx_HAL_Driver/Inc/stm32wbxx_ll_rcc.h **** __STATIC_INLINE uint32_t LL_RCC_HSI_GetCalibration(void)
1532:Drivers/STM32WBxx_HAL_Driver/Inc/stm32wbxx_ll_rcc.h **** {
1533:Drivers/STM32WBxx_HAL_Driver/Inc/stm32wbxx_ll_rcc.h ****   return (uint32_t)(READ_BIT(RCC->ICSCR, RCC_ICSCR_HSICAL) >> RCC_ICSCR_HSICAL_Pos);
1534:Drivers/STM32WBxx_HAL_Driver/Inc/stm32wbxx_ll_rcc.h **** }
1535:Drivers/STM32WBxx_HAL_Driver/Inc/stm32wbxx_ll_rcc.h **** 
1536:Drivers/STM32WBxx_HAL_Driver/Inc/stm32wbxx_ll_rcc.h **** /**
1537:Drivers/STM32WBxx_HAL_Driver/Inc/stm32wbxx_ll_rcc.h ****   * @brief  Set HSI Calibration trimming
1538:Drivers/STM32WBxx_HAL_Driver/Inc/stm32wbxx_ll_rcc.h ****   * @note user-programmable trimming value that is added to the HSICAL
1539:Drivers/STM32WBxx_HAL_Driver/Inc/stm32wbxx_ll_rcc.h ****   * @note Default value is 64, which, when added to the HSICAL value,
1540:Drivers/STM32WBxx_HAL_Driver/Inc/stm32wbxx_ll_rcc.h ****   *       should trim the HSI to 16 MHz +/- 1 %
1541:Drivers/STM32WBxx_HAL_Driver/Inc/stm32wbxx_ll_rcc.h ****   * @rmtoll ICSCR        HSITRIM       LL_RCC_HSI_SetCalibTrimming
1542:Drivers/STM32WBxx_HAL_Driver/Inc/stm32wbxx_ll_rcc.h ****   * @param  Value Between Min_Data = 0 and Max_Data = 127
1543:Drivers/STM32WBxx_HAL_Driver/Inc/stm32wbxx_ll_rcc.h ****   * @retval None
1544:Drivers/STM32WBxx_HAL_Driver/Inc/stm32wbxx_ll_rcc.h ****   */
1545:Drivers/STM32WBxx_HAL_Driver/Inc/stm32wbxx_ll_rcc.h **** __STATIC_INLINE void LL_RCC_HSI_SetCalibTrimming(uint32_t Value)
1546:Drivers/STM32WBxx_HAL_Driver/Inc/stm32wbxx_ll_rcc.h **** {
1547:Drivers/STM32WBxx_HAL_Driver/Inc/stm32wbxx_ll_rcc.h ****   MODIFY_REG(RCC->ICSCR, RCC_ICSCR_HSITRIM, Value << RCC_ICSCR_HSITRIM_Pos);
1548:Drivers/STM32WBxx_HAL_Driver/Inc/stm32wbxx_ll_rcc.h **** }
1549:Drivers/STM32WBxx_HAL_Driver/Inc/stm32wbxx_ll_rcc.h **** 
1550:Drivers/STM32WBxx_HAL_Driver/Inc/stm32wbxx_ll_rcc.h **** /**
1551:Drivers/STM32WBxx_HAL_Driver/Inc/stm32wbxx_ll_rcc.h ****   * @brief  Get HSI Calibration trimming
1552:Drivers/STM32WBxx_HAL_Driver/Inc/stm32wbxx_ll_rcc.h ****   * @rmtoll ICSCR        HSITRIM       LL_RCC_HSI_GetCalibTrimming
1553:Drivers/STM32WBxx_HAL_Driver/Inc/stm32wbxx_ll_rcc.h ****   * @retval Between Min_Data = 0 and Max_Data = 127
1554:Drivers/STM32WBxx_HAL_Driver/Inc/stm32wbxx_ll_rcc.h ****   */
1555:Drivers/STM32WBxx_HAL_Driver/Inc/stm32wbxx_ll_rcc.h **** __STATIC_INLINE uint32_t LL_RCC_HSI_GetCalibTrimming(void)
1556:Drivers/STM32WBxx_HAL_Driver/Inc/stm32wbxx_ll_rcc.h **** {
1557:Drivers/STM32WBxx_HAL_Driver/Inc/stm32wbxx_ll_rcc.h ****   return (uint32_t)(READ_BIT(RCC->ICSCR, RCC_ICSCR_HSITRIM) >> RCC_ICSCR_HSITRIM_Pos);
1558:Drivers/STM32WBxx_HAL_Driver/Inc/stm32wbxx_ll_rcc.h **** }
1559:Drivers/STM32WBxx_HAL_Driver/Inc/stm32wbxx_ll_rcc.h **** 
1560:Drivers/STM32WBxx_HAL_Driver/Inc/stm32wbxx_ll_rcc.h **** /**
1561:Drivers/STM32WBxx_HAL_Driver/Inc/stm32wbxx_ll_rcc.h ****   * @}
1562:Drivers/STM32WBxx_HAL_Driver/Inc/stm32wbxx_ll_rcc.h ****   */
1563:Drivers/STM32WBxx_HAL_Driver/Inc/stm32wbxx_ll_rcc.h **** 
1564:Drivers/STM32WBxx_HAL_Driver/Inc/stm32wbxx_ll_rcc.h **** #if defined(RCC_HSI48_SUPPORT)
1565:Drivers/STM32WBxx_HAL_Driver/Inc/stm32wbxx_ll_rcc.h **** /** @defgroup RCC_LL_EF_HSI48 HSI48
1566:Drivers/STM32WBxx_HAL_Driver/Inc/stm32wbxx_ll_rcc.h ****   * @{
1567:Drivers/STM32WBxx_HAL_Driver/Inc/stm32wbxx_ll_rcc.h ****   */
1568:Drivers/STM32WBxx_HAL_Driver/Inc/stm32wbxx_ll_rcc.h **** 
1569:Drivers/STM32WBxx_HAL_Driver/Inc/stm32wbxx_ll_rcc.h **** /**
1570:Drivers/STM32WBxx_HAL_Driver/Inc/stm32wbxx_ll_rcc.h ****   * @brief  Enable HSI48
1571:Drivers/STM32WBxx_HAL_Driver/Inc/stm32wbxx_ll_rcc.h ****   * @rmtoll CRRCR          HSI48ON       LL_RCC_HSI48_Enable
1572:Drivers/STM32WBxx_HAL_Driver/Inc/stm32wbxx_ll_rcc.h ****   * @retval None
1573:Drivers/STM32WBxx_HAL_Driver/Inc/stm32wbxx_ll_rcc.h ****   */
1574:Drivers/STM32WBxx_HAL_Driver/Inc/stm32wbxx_ll_rcc.h **** __STATIC_INLINE void LL_RCC_HSI48_Enable(void)
1575:Drivers/STM32WBxx_HAL_Driver/Inc/stm32wbxx_ll_rcc.h **** {
1576:Drivers/STM32WBxx_HAL_Driver/Inc/stm32wbxx_ll_rcc.h ****   SET_BIT(RCC->CRRCR, RCC_CRRCR_HSI48ON);
1577:Drivers/STM32WBxx_HAL_Driver/Inc/stm32wbxx_ll_rcc.h **** }
1578:Drivers/STM32WBxx_HAL_Driver/Inc/stm32wbxx_ll_rcc.h **** 
1579:Drivers/STM32WBxx_HAL_Driver/Inc/stm32wbxx_ll_rcc.h **** /**
1580:Drivers/STM32WBxx_HAL_Driver/Inc/stm32wbxx_ll_rcc.h ****   * @brief  Disable HSI48
1581:Drivers/STM32WBxx_HAL_Driver/Inc/stm32wbxx_ll_rcc.h ****   * @rmtoll CRRCR          HSI48ON       LL_RCC_HSI48_Disable
1582:Drivers/STM32WBxx_HAL_Driver/Inc/stm32wbxx_ll_rcc.h ****   * @retval None
1583:Drivers/STM32WBxx_HAL_Driver/Inc/stm32wbxx_ll_rcc.h ****   */
1584:Drivers/STM32WBxx_HAL_Driver/Inc/stm32wbxx_ll_rcc.h **** __STATIC_INLINE void LL_RCC_HSI48_Disable(void)
ARM GAS  C:\Users\843E~1\AppData\Local\Temp\cchdyFZo.s 			page 38


1585:Drivers/STM32WBxx_HAL_Driver/Inc/stm32wbxx_ll_rcc.h **** {
1586:Drivers/STM32WBxx_HAL_Driver/Inc/stm32wbxx_ll_rcc.h ****   CLEAR_BIT(RCC->CRRCR, RCC_CRRCR_HSI48ON);
1587:Drivers/STM32WBxx_HAL_Driver/Inc/stm32wbxx_ll_rcc.h **** }
1588:Drivers/STM32WBxx_HAL_Driver/Inc/stm32wbxx_ll_rcc.h **** 
1589:Drivers/STM32WBxx_HAL_Driver/Inc/stm32wbxx_ll_rcc.h **** /**
1590:Drivers/STM32WBxx_HAL_Driver/Inc/stm32wbxx_ll_rcc.h ****   * @brief  Check if HSI48 oscillator Ready
1591:Drivers/STM32WBxx_HAL_Driver/Inc/stm32wbxx_ll_rcc.h ****   * @rmtoll CRRCR          HSI48RDY      LL_RCC_HSI48_IsReady
1592:Drivers/STM32WBxx_HAL_Driver/Inc/stm32wbxx_ll_rcc.h ****   * @retval State of bit (1 or 0).
1593:Drivers/STM32WBxx_HAL_Driver/Inc/stm32wbxx_ll_rcc.h ****   */
1594:Drivers/STM32WBxx_HAL_Driver/Inc/stm32wbxx_ll_rcc.h **** __STATIC_INLINE uint32_t LL_RCC_HSI48_IsReady(void)
1595:Drivers/STM32WBxx_HAL_Driver/Inc/stm32wbxx_ll_rcc.h **** {
1596:Drivers/STM32WBxx_HAL_Driver/Inc/stm32wbxx_ll_rcc.h ****   return ((READ_BIT(RCC->CRRCR, RCC_CRRCR_HSI48RDY) == (RCC_CRRCR_HSI48RDY)) ? 1UL : 0UL);
1597:Drivers/STM32WBxx_HAL_Driver/Inc/stm32wbxx_ll_rcc.h **** }
1598:Drivers/STM32WBxx_HAL_Driver/Inc/stm32wbxx_ll_rcc.h **** 
1599:Drivers/STM32WBxx_HAL_Driver/Inc/stm32wbxx_ll_rcc.h **** /**
1600:Drivers/STM32WBxx_HAL_Driver/Inc/stm32wbxx_ll_rcc.h ****   * @brief  Get HSI48 Calibration value
1601:Drivers/STM32WBxx_HAL_Driver/Inc/stm32wbxx_ll_rcc.h ****   * @rmtoll CRRCR          HSI48CAL      LL_RCC_HSI48_GetCalibration
1602:Drivers/STM32WBxx_HAL_Driver/Inc/stm32wbxx_ll_rcc.h ****   * @retval Between Min_Data = 0x00 and Max_Data = 0x1FF
1603:Drivers/STM32WBxx_HAL_Driver/Inc/stm32wbxx_ll_rcc.h ****   */
1604:Drivers/STM32WBxx_HAL_Driver/Inc/stm32wbxx_ll_rcc.h **** __STATIC_INLINE uint32_t LL_RCC_HSI48_GetCalibration(void)
1605:Drivers/STM32WBxx_HAL_Driver/Inc/stm32wbxx_ll_rcc.h **** {
1606:Drivers/STM32WBxx_HAL_Driver/Inc/stm32wbxx_ll_rcc.h ****   return (uint32_t)(READ_BIT(RCC->CRRCR, RCC_CRRCR_HSI48CAL) >> RCC_CRRCR_HSI48CAL_Pos);
1607:Drivers/STM32WBxx_HAL_Driver/Inc/stm32wbxx_ll_rcc.h **** }
1608:Drivers/STM32WBxx_HAL_Driver/Inc/stm32wbxx_ll_rcc.h **** 
1609:Drivers/STM32WBxx_HAL_Driver/Inc/stm32wbxx_ll_rcc.h **** /**
1610:Drivers/STM32WBxx_HAL_Driver/Inc/stm32wbxx_ll_rcc.h ****   * @}
1611:Drivers/STM32WBxx_HAL_Driver/Inc/stm32wbxx_ll_rcc.h ****   */
1612:Drivers/STM32WBxx_HAL_Driver/Inc/stm32wbxx_ll_rcc.h **** #endif /* RCC_HSI48_SUPPORT */
1613:Drivers/STM32WBxx_HAL_Driver/Inc/stm32wbxx_ll_rcc.h **** 
1614:Drivers/STM32WBxx_HAL_Driver/Inc/stm32wbxx_ll_rcc.h **** /** @defgroup RCC_LL_EF_LSE LSE
1615:Drivers/STM32WBxx_HAL_Driver/Inc/stm32wbxx_ll_rcc.h ****   * @{
1616:Drivers/STM32WBxx_HAL_Driver/Inc/stm32wbxx_ll_rcc.h ****   */
1617:Drivers/STM32WBxx_HAL_Driver/Inc/stm32wbxx_ll_rcc.h **** 
1618:Drivers/STM32WBxx_HAL_Driver/Inc/stm32wbxx_ll_rcc.h **** /**
1619:Drivers/STM32WBxx_HAL_Driver/Inc/stm32wbxx_ll_rcc.h ****   * @brief  Enable  Low Speed External (LSE) crystal.
1620:Drivers/STM32WBxx_HAL_Driver/Inc/stm32wbxx_ll_rcc.h ****   * @rmtoll BDCR         LSEON         LL_RCC_LSE_Enable
1621:Drivers/STM32WBxx_HAL_Driver/Inc/stm32wbxx_ll_rcc.h ****   * @retval None
1622:Drivers/STM32WBxx_HAL_Driver/Inc/stm32wbxx_ll_rcc.h ****   */
1623:Drivers/STM32WBxx_HAL_Driver/Inc/stm32wbxx_ll_rcc.h **** __STATIC_INLINE void LL_RCC_LSE_Enable(void)
1624:Drivers/STM32WBxx_HAL_Driver/Inc/stm32wbxx_ll_rcc.h **** {
1625:Drivers/STM32WBxx_HAL_Driver/Inc/stm32wbxx_ll_rcc.h ****   SET_BIT(RCC->BDCR, RCC_BDCR_LSEON);
1626:Drivers/STM32WBxx_HAL_Driver/Inc/stm32wbxx_ll_rcc.h **** }
1627:Drivers/STM32WBxx_HAL_Driver/Inc/stm32wbxx_ll_rcc.h **** 
1628:Drivers/STM32WBxx_HAL_Driver/Inc/stm32wbxx_ll_rcc.h **** /**
1629:Drivers/STM32WBxx_HAL_Driver/Inc/stm32wbxx_ll_rcc.h ****   * @brief  Disable  Low Speed External (LSE) crystal.
1630:Drivers/STM32WBxx_HAL_Driver/Inc/stm32wbxx_ll_rcc.h ****   * @rmtoll BDCR         LSEON         LL_RCC_LSE_Disable
1631:Drivers/STM32WBxx_HAL_Driver/Inc/stm32wbxx_ll_rcc.h ****   * @retval None
1632:Drivers/STM32WBxx_HAL_Driver/Inc/stm32wbxx_ll_rcc.h ****   */
1633:Drivers/STM32WBxx_HAL_Driver/Inc/stm32wbxx_ll_rcc.h **** __STATIC_INLINE void LL_RCC_LSE_Disable(void)
1634:Drivers/STM32WBxx_HAL_Driver/Inc/stm32wbxx_ll_rcc.h **** {
1635:Drivers/STM32WBxx_HAL_Driver/Inc/stm32wbxx_ll_rcc.h ****   CLEAR_BIT(RCC->BDCR, RCC_BDCR_LSEON);
1636:Drivers/STM32WBxx_HAL_Driver/Inc/stm32wbxx_ll_rcc.h **** }
1637:Drivers/STM32WBxx_HAL_Driver/Inc/stm32wbxx_ll_rcc.h **** 
1638:Drivers/STM32WBxx_HAL_Driver/Inc/stm32wbxx_ll_rcc.h **** /**
1639:Drivers/STM32WBxx_HAL_Driver/Inc/stm32wbxx_ll_rcc.h ****   * @brief  Check if Low Speed External (LSE) crystal has been enabled or not
1640:Drivers/STM32WBxx_HAL_Driver/Inc/stm32wbxx_ll_rcc.h ****   * @rmtoll BDCR         LSEON         LL_RCC_LSE_IsEnabled
1641:Drivers/STM32WBxx_HAL_Driver/Inc/stm32wbxx_ll_rcc.h ****   * @retval State of bit (1 or 0).
ARM GAS  C:\Users\843E~1\AppData\Local\Temp\cchdyFZo.s 			page 39


1642:Drivers/STM32WBxx_HAL_Driver/Inc/stm32wbxx_ll_rcc.h ****   */
1643:Drivers/STM32WBxx_HAL_Driver/Inc/stm32wbxx_ll_rcc.h **** __STATIC_INLINE uint32_t LL_RCC_LSE_IsEnabled(void)
1644:Drivers/STM32WBxx_HAL_Driver/Inc/stm32wbxx_ll_rcc.h **** {
1645:Drivers/STM32WBxx_HAL_Driver/Inc/stm32wbxx_ll_rcc.h ****   return ((READ_BIT(RCC->BDCR, RCC_BDCR_LSEON) == (RCC_BDCR_LSEON)) ? 1UL : 0UL);
1646:Drivers/STM32WBxx_HAL_Driver/Inc/stm32wbxx_ll_rcc.h **** }
1647:Drivers/STM32WBxx_HAL_Driver/Inc/stm32wbxx_ll_rcc.h **** 
1648:Drivers/STM32WBxx_HAL_Driver/Inc/stm32wbxx_ll_rcc.h **** /**
1649:Drivers/STM32WBxx_HAL_Driver/Inc/stm32wbxx_ll_rcc.h ****   * @brief  Enable external clock source (LSE bypass).
1650:Drivers/STM32WBxx_HAL_Driver/Inc/stm32wbxx_ll_rcc.h ****   * @rmtoll BDCR         LSEBYP        LL_RCC_LSE_EnableBypass
1651:Drivers/STM32WBxx_HAL_Driver/Inc/stm32wbxx_ll_rcc.h ****   * @retval None
1652:Drivers/STM32WBxx_HAL_Driver/Inc/stm32wbxx_ll_rcc.h ****   */
1653:Drivers/STM32WBxx_HAL_Driver/Inc/stm32wbxx_ll_rcc.h **** __STATIC_INLINE void LL_RCC_LSE_EnableBypass(void)
1654:Drivers/STM32WBxx_HAL_Driver/Inc/stm32wbxx_ll_rcc.h **** {
1655:Drivers/STM32WBxx_HAL_Driver/Inc/stm32wbxx_ll_rcc.h ****   SET_BIT(RCC->BDCR, RCC_BDCR_LSEBYP);
1656:Drivers/STM32WBxx_HAL_Driver/Inc/stm32wbxx_ll_rcc.h **** }
1657:Drivers/STM32WBxx_HAL_Driver/Inc/stm32wbxx_ll_rcc.h **** 
1658:Drivers/STM32WBxx_HAL_Driver/Inc/stm32wbxx_ll_rcc.h **** /**
1659:Drivers/STM32WBxx_HAL_Driver/Inc/stm32wbxx_ll_rcc.h ****   * @brief  Disable external clock source (LSE bypass).
1660:Drivers/STM32WBxx_HAL_Driver/Inc/stm32wbxx_ll_rcc.h ****   * @rmtoll BDCR         LSEBYP        LL_RCC_LSE_DisableBypass
1661:Drivers/STM32WBxx_HAL_Driver/Inc/stm32wbxx_ll_rcc.h ****   * @retval None
1662:Drivers/STM32WBxx_HAL_Driver/Inc/stm32wbxx_ll_rcc.h ****   */
1663:Drivers/STM32WBxx_HAL_Driver/Inc/stm32wbxx_ll_rcc.h **** __STATIC_INLINE void LL_RCC_LSE_DisableBypass(void)
1664:Drivers/STM32WBxx_HAL_Driver/Inc/stm32wbxx_ll_rcc.h **** {
1665:Drivers/STM32WBxx_HAL_Driver/Inc/stm32wbxx_ll_rcc.h ****   CLEAR_BIT(RCC->BDCR, RCC_BDCR_LSEBYP);
1666:Drivers/STM32WBxx_HAL_Driver/Inc/stm32wbxx_ll_rcc.h **** }
1667:Drivers/STM32WBxx_HAL_Driver/Inc/stm32wbxx_ll_rcc.h **** 
1668:Drivers/STM32WBxx_HAL_Driver/Inc/stm32wbxx_ll_rcc.h **** /**
1669:Drivers/STM32WBxx_HAL_Driver/Inc/stm32wbxx_ll_rcc.h ****   * @brief  Set LSE oscillator drive capability
1670:Drivers/STM32WBxx_HAL_Driver/Inc/stm32wbxx_ll_rcc.h ****   * @note The oscillator is in Xtal mode when it is not in bypass mode.
1671:Drivers/STM32WBxx_HAL_Driver/Inc/stm32wbxx_ll_rcc.h ****   * @rmtoll BDCR         LSEDRV        LL_RCC_LSE_SetDriveCapability
1672:Drivers/STM32WBxx_HAL_Driver/Inc/stm32wbxx_ll_rcc.h ****   * @param  LSEDrive This parameter can be one of the following values:
1673:Drivers/STM32WBxx_HAL_Driver/Inc/stm32wbxx_ll_rcc.h ****   *         @arg @ref LL_RCC_LSEDRIVE_LOW
1674:Drivers/STM32WBxx_HAL_Driver/Inc/stm32wbxx_ll_rcc.h ****   *         @arg @ref LL_RCC_LSEDRIVE_MEDIUMLOW
1675:Drivers/STM32WBxx_HAL_Driver/Inc/stm32wbxx_ll_rcc.h ****   *         @arg @ref LL_RCC_LSEDRIVE_MEDIUMHIGH
1676:Drivers/STM32WBxx_HAL_Driver/Inc/stm32wbxx_ll_rcc.h ****   *         @arg @ref LL_RCC_LSEDRIVE_HIGH
1677:Drivers/STM32WBxx_HAL_Driver/Inc/stm32wbxx_ll_rcc.h ****   * @retval None
1678:Drivers/STM32WBxx_HAL_Driver/Inc/stm32wbxx_ll_rcc.h ****   */
1679:Drivers/STM32WBxx_HAL_Driver/Inc/stm32wbxx_ll_rcc.h **** __STATIC_INLINE void LL_RCC_LSE_SetDriveCapability(uint32_t LSEDrive)
 138              		.loc 3 1679 22 view .LVU18
 139              	.LBB10:
1680:Drivers/STM32WBxx_HAL_Driver/Inc/stm32wbxx_ll_rcc.h **** {
1681:Drivers/STM32WBxx_HAL_Driver/Inc/stm32wbxx_ll_rcc.h ****   MODIFY_REG(RCC->BDCR, RCC_BDCR_LSEDRV, LSEDrive);
 140              		.loc 3 1681 3 view .LVU19
 141 0022 4FF0B042 		mov	r2, #1476395008
 142 0026 D2F89030 		ldr	r3, [r2, #144]
 143 002a 23F01803 		bic	r3, r3, #24
 144 002e 43F01003 		orr	r3, r3, #16
 145 0032 C2F89030 		str	r3, [r2, #144]
 146              	.LVL3:
 147              		.loc 3 1681 3 is_stmt 0 view .LVU20
 148              	.LBE10:
 149              	.LBE9:
 102:Core/Src/main.c **** 
 150              		.loc 1 102 3 is_stmt 1 view .LVU21
 151              	.LBB11:
 102:Core/Src/main.c **** 
 152              		.loc 1 102 3 view .LVU22
ARM GAS  C:\Users\843E~1\AppData\Local\Temp\cchdyFZo.s 			page 40


 102:Core/Src/main.c **** 
 153              		.loc 1 102 3 view .LVU23
 154 0036 02F58062 		add	r2, r2, #1024
 155 003a 1368     		ldr	r3, [r2]
 156 003c 23F4C063 		bic	r3, r3, #1536
 157 0040 43F40073 		orr	r3, r3, #512
 158 0044 1360     		str	r3, [r2]
 102:Core/Src/main.c **** 
 159              		.loc 1 102 3 view .LVU24
 160 0046 1368     		ldr	r3, [r2]
 161 0048 03F4C063 		and	r3, r3, #1536
 162 004c 0093     		str	r3, [sp]
 102:Core/Src/main.c **** 
 163              		.loc 1 102 3 view .LVU25
 164 004e 009B     		ldr	r3, [sp]
 165              	.LBE11:
 102:Core/Src/main.c **** 
 166              		.loc 1 102 3 view .LVU26
 104:Core/Src/main.c ****                               |RCC_OSCILLATORTYPE_LSE;
 167              		.loc 1 104 3 view .LVU27
 104:Core/Src/main.c ****                               |RCC_OSCILLATORTYPE_LSE;
 168              		.loc 1 104 36 is_stmt 0 view .LVU28
 169 0050 0723     		movs	r3, #7
 170 0052 0893     		str	r3, [sp, #32]
 106:Core/Src/main.c ****   RCC_OscInitStruct.LSEState = RCC_LSE_ON;
 171              		.loc 1 106 3 is_stmt 1 view .LVU29
 106:Core/Src/main.c ****   RCC_OscInitStruct.LSEState = RCC_LSE_ON;
 172              		.loc 1 106 30 is_stmt 0 view .LVU30
 173 0054 4FF48033 		mov	r3, #65536
 174 0058 0993     		str	r3, [sp, #36]
 107:Core/Src/main.c ****   RCC_OscInitStruct.HSIState = RCC_HSI_ON;
 175              		.loc 1 107 3 is_stmt 1 view .LVU31
 107:Core/Src/main.c ****   RCC_OscInitStruct.HSIState = RCC_HSI_ON;
 176              		.loc 1 107 30 is_stmt 0 view .LVU32
 177 005a 0123     		movs	r3, #1
 178 005c 0A93     		str	r3, [sp, #40]
 108:Core/Src/main.c ****   RCC_OscInitStruct.HSICalibrationValue = RCC_HSICALIBRATION_DEFAULT;
 179              		.loc 1 108 3 is_stmt 1 view .LVU33
 108:Core/Src/main.c ****   RCC_OscInitStruct.HSICalibrationValue = RCC_HSICALIBRATION_DEFAULT;
 180              		.loc 1 108 30 is_stmt 0 view .LVU34
 181 005e 4FF48073 		mov	r3, #256
 182 0062 0B93     		str	r3, [sp, #44]
 109:Core/Src/main.c ****   RCC_OscInitStruct.PLL.PLLState = RCC_PLL_ON;
 183              		.loc 1 109 3 is_stmt 1 view .LVU35
 109:Core/Src/main.c ****   RCC_OscInitStruct.PLL.PLLState = RCC_PLL_ON;
 184              		.loc 1 109 41 is_stmt 0 view .LVU36
 185 0064 4023     		movs	r3, #64
 186 0066 0C93     		str	r3, [sp, #48]
 110:Core/Src/main.c ****   RCC_OscInitStruct.PLL.PLLSource = RCC_PLLSOURCE_HSE;
 187              		.loc 1 110 3 is_stmt 1 view .LVU37
 110:Core/Src/main.c ****   RCC_OscInitStruct.PLL.PLLSource = RCC_PLLSOURCE_HSE;
 188              		.loc 1 110 34 is_stmt 0 view .LVU38
 189 0068 0223     		movs	r3, #2
 190 006a 1393     		str	r3, [sp, #76]
 111:Core/Src/main.c ****   RCC_OscInitStruct.PLL.PLLM = RCC_PLLM_DIV2;
 191              		.loc 1 111 3 is_stmt 1 view .LVU39
 111:Core/Src/main.c ****   RCC_OscInitStruct.PLL.PLLM = RCC_PLLM_DIV2;
ARM GAS  C:\Users\843E~1\AppData\Local\Temp\cchdyFZo.s 			page 41


 192              		.loc 1 111 35 is_stmt 0 view .LVU40
 193 006c 0323     		movs	r3, #3
 194 006e 1493     		str	r3, [sp, #80]
 112:Core/Src/main.c ****   RCC_OscInitStruct.PLL.PLLN = 8;
 195              		.loc 1 112 3 is_stmt 1 view .LVU41
 112:Core/Src/main.c ****   RCC_OscInitStruct.PLL.PLLN = 8;
 196              		.loc 1 112 30 is_stmt 0 view .LVU42
 197 0070 1023     		movs	r3, #16
 198 0072 1593     		str	r3, [sp, #84]
 113:Core/Src/main.c ****   RCC_OscInitStruct.PLL.PLLP = RCC_PLLP_DIV2;
 199              		.loc 1 113 3 is_stmt 1 view .LVU43
 113:Core/Src/main.c ****   RCC_OscInitStruct.PLL.PLLP = RCC_PLLP_DIV2;
 200              		.loc 1 113 30 is_stmt 0 view .LVU44
 201 0074 0823     		movs	r3, #8
 202 0076 1693     		str	r3, [sp, #88]
 114:Core/Src/main.c ****   RCC_OscInitStruct.PLL.PLLR = RCC_PLLR_DIV2;
 203              		.loc 1 114 3 is_stmt 1 view .LVU45
 114:Core/Src/main.c ****   RCC_OscInitStruct.PLL.PLLR = RCC_PLLR_DIV2;
 204              		.loc 1 114 30 is_stmt 0 view .LVU46
 205 0078 4FF40033 		mov	r3, #131072
 206 007c 1793     		str	r3, [sp, #92]
 115:Core/Src/main.c ****   RCC_OscInitStruct.PLL.PLLQ = RCC_PLLQ_DIV2;
 207              		.loc 1 115 3 is_stmt 1 view .LVU47
 115:Core/Src/main.c ****   RCC_OscInitStruct.PLL.PLLQ = RCC_PLLQ_DIV2;
 208              		.loc 1 115 30 is_stmt 0 view .LVU48
 209 007e 4FF00053 		mov	r3, #536870912
 210 0082 1993     		str	r3, [sp, #100]
 116:Core/Src/main.c ****   if (HAL_RCC_OscConfig(&RCC_OscInitStruct) != HAL_OK)
 211              		.loc 1 116 3 is_stmt 1 view .LVU49
 116:Core/Src/main.c ****   if (HAL_RCC_OscConfig(&RCC_OscInitStruct) != HAL_OK)
 212              		.loc 1 116 30 is_stmt 0 view .LVU50
 213 0084 4FF00073 		mov	r3, #33554432
 214 0088 1893     		str	r3, [sp, #96]
 117:Core/Src/main.c ****   {
 215              		.loc 1 117 3 is_stmt 1 view .LVU51
 117:Core/Src/main.c ****   {
 216              		.loc 1 117 7 is_stmt 0 view .LVU52
 217 008a 08A8     		add	r0, sp, #32
 218 008c FFF7FEFF 		bl	HAL_RCC_OscConfig
 219              	.LVL4:
 117:Core/Src/main.c ****   {
 220              		.loc 1 117 6 view .LVU53
 221 0090 88B9     		cbnz	r0, .L9
 122:Core/Src/main.c ****                               |RCC_CLOCKTYPE_HCLK|RCC_CLOCKTYPE_SYSCLK
 222              		.loc 1 122 3 is_stmt 1 view .LVU54
 122:Core/Src/main.c ****                               |RCC_CLOCKTYPE_HCLK|RCC_CLOCKTYPE_SYSCLK
 223              		.loc 1 122 31 is_stmt 0 view .LVU55
 224 0092 6F23     		movs	r3, #111
 225 0094 0193     		str	r3, [sp, #4]
 125:Core/Src/main.c ****   RCC_ClkInitStruct.AHBCLKDivider = RCC_SYSCLK_DIV1;
 226              		.loc 1 125 3 is_stmt 1 view .LVU56
 125:Core/Src/main.c ****   RCC_ClkInitStruct.AHBCLKDivider = RCC_SYSCLK_DIV1;
 227              		.loc 1 125 34 is_stmt 0 view .LVU57
 228 0096 0321     		movs	r1, #3
 229 0098 0291     		str	r1, [sp, #8]
 126:Core/Src/main.c ****   RCC_ClkInitStruct.APB1CLKDivider = RCC_HCLK_DIV1;
 230              		.loc 1 126 3 is_stmt 1 view .LVU58
ARM GAS  C:\Users\843E~1\AppData\Local\Temp\cchdyFZo.s 			page 42


 126:Core/Src/main.c ****   RCC_ClkInitStruct.APB1CLKDivider = RCC_HCLK_DIV1;
 231              		.loc 1 126 35 is_stmt 0 view .LVU59
 232 009a 0023     		movs	r3, #0
 233 009c 0393     		str	r3, [sp, #12]
 127:Core/Src/main.c ****   RCC_ClkInitStruct.APB2CLKDivider = RCC_HCLK_DIV1;
 234              		.loc 1 127 3 is_stmt 1 view .LVU60
 127:Core/Src/main.c ****   RCC_ClkInitStruct.APB2CLKDivider = RCC_HCLK_DIV1;
 235              		.loc 1 127 36 is_stmt 0 view .LVU61
 236 009e 0493     		str	r3, [sp, #16]
 128:Core/Src/main.c ****   RCC_ClkInitStruct.AHBCLK2Divider = RCC_SYSCLK_DIV2;
 237              		.loc 1 128 3 is_stmt 1 view .LVU62
 128:Core/Src/main.c ****   RCC_ClkInitStruct.AHBCLK2Divider = RCC_SYSCLK_DIV2;
 238              		.loc 1 128 36 is_stmt 0 view .LVU63
 239 00a0 0593     		str	r3, [sp, #20]
 129:Core/Src/main.c ****   RCC_ClkInitStruct.AHBCLK4Divider = RCC_SYSCLK_DIV1;
 240              		.loc 1 129 3 is_stmt 1 view .LVU64
 129:Core/Src/main.c ****   RCC_ClkInitStruct.AHBCLK4Divider = RCC_SYSCLK_DIV1;
 241              		.loc 1 129 36 is_stmt 0 view .LVU65
 242 00a2 8022     		movs	r2, #128
 243 00a4 0692     		str	r2, [sp, #24]
 130:Core/Src/main.c **** 
 244              		.loc 1 130 3 is_stmt 1 view .LVU66
 130:Core/Src/main.c **** 
 245              		.loc 1 130 36 is_stmt 0 view .LVU67
 246 00a6 0793     		str	r3, [sp, #28]
 132:Core/Src/main.c ****   {
 247              		.loc 1 132 3 is_stmt 1 view .LVU68
 132:Core/Src/main.c ****   {
 248              		.loc 1 132 7 is_stmt 0 view .LVU69
 249 00a8 01A8     		add	r0, sp, #4
 250 00aa FFF7FEFF 		bl	HAL_RCC_ClockConfig
 251              	.LVL5:
 132:Core/Src/main.c ****   {
 252              		.loc 1 132 6 view .LVU70
 253 00ae 20B9     		cbnz	r0, .L10
 136:Core/Src/main.c **** 
 254              		.loc 1 136 1 view .LVU71
 255 00b0 1BB0     		add	sp, sp, #108
 256              	.LCFI4:
 257              		.cfi_remember_state
 258              		.cfi_def_cfa_offset 4
 259              		@ sp needed
 260 00b2 5DF804FB 		ldr	pc, [sp], #4
 261              	.L9:
 262              	.LCFI5:
 263              		.cfi_restore_state
 119:Core/Src/main.c ****   }
 264              		.loc 1 119 5 is_stmt 1 view .LVU72
 265 00b6 FFF7FEFF 		bl	Error_Handler
 266              	.LVL6:
 267              	.L10:
 134:Core/Src/main.c ****   }
 268              		.loc 1 134 5 view .LVU73
 269 00ba FFF7FEFF 		bl	Error_Handler
 270              	.LVL7:
 271              		.cfi_endproc
 272              	.LFE1262:
ARM GAS  C:\Users\843E~1\AppData\Local\Temp\cchdyFZo.s 			page 43


 274              		.section	.text.PeriphCommonClock_Config,"ax",%progbits
 275              		.align	1
 276              		.global	PeriphCommonClock_Config
 277              		.syntax unified
 278              		.thumb
 279              		.thumb_func
 281              	PeriphCommonClock_Config:
 282              	.LFB1263:
 143:Core/Src/main.c ****   RCC_PeriphCLKInitTypeDef PeriphClkInitStruct = {0};
 283              		.loc 1 143 1 view -0
 284              		.cfi_startproc
 285              		@ args = 0, pretend = 0, frame = 80
 286              		@ frame_needed = 0, uses_anonymous_args = 0
 287 0000 00B5     		push	{lr}
 288              	.LCFI6:
 289              		.cfi_def_cfa_offset 4
 290              		.cfi_offset 14, -4
 291 0002 95B0     		sub	sp, sp, #84
 292              	.LCFI7:
 293              		.cfi_def_cfa_offset 88
 144:Core/Src/main.c **** 
 294              		.loc 1 144 3 view .LVU75
 144:Core/Src/main.c **** 
 295              		.loc 1 144 28 is_stmt 0 view .LVU76
 296 0004 5022     		movs	r2, #80
 297 0006 0021     		movs	r1, #0
 298 0008 6846     		mov	r0, sp
 299 000a FFF7FEFF 		bl	memset
 300              	.LVL8:
 146:Core/Src/main.c ****   PeriphClkInitStruct.RFWakeUpClockSelection = RCC_RFWKPCLKSOURCE_LSE;
 301              		.loc 1 146 3 is_stmt 1 view .LVU77
 146:Core/Src/main.c ****   PeriphClkInitStruct.RFWakeUpClockSelection = RCC_RFWKPCLKSOURCE_LSE;
 302              		.loc 1 146 44 is_stmt 0 view .LVU78
 303 000e 4FF44053 		mov	r3, #12288
 304 0012 0093     		str	r3, [sp]
 147:Core/Src/main.c ****   PeriphClkInitStruct.SmpsClockSelection = RCC_SMPSCLKSOURCE_HSE;
 305              		.loc 1 147 3 is_stmt 1 view .LVU79
 147:Core/Src/main.c ****   PeriphClkInitStruct.SmpsClockSelection = RCC_SMPSCLKSOURCE_HSE;
 306              		.loc 1 147 46 is_stmt 0 view .LVU80
 307 0014 4FF48043 		mov	r3, #16384
 308 0018 1193     		str	r3, [sp, #68]
 148:Core/Src/main.c ****   PeriphClkInitStruct.SmpsDivSelection = RCC_SMPSCLKDIV_RANGE1;
 309              		.loc 1 148 3 is_stmt 1 view .LVU81
 148:Core/Src/main.c ****   PeriphClkInitStruct.SmpsDivSelection = RCC_SMPSCLKDIV_RANGE1;
 310              		.loc 1 148 42 is_stmt 0 view .LVU82
 311 001a 0223     		movs	r3, #2
 312 001c 1293     		str	r3, [sp, #72]
 149:Core/Src/main.c **** 
 313              		.loc 1 149 3 is_stmt 1 view .LVU83
 149:Core/Src/main.c **** 
 314              		.loc 1 149 40 is_stmt 0 view .LVU84
 315 001e 1023     		movs	r3, #16
 316 0020 1393     		str	r3, [sp, #76]
 151:Core/Src/main.c ****   {
 317              		.loc 1 151 3 is_stmt 1 view .LVU85
 151:Core/Src/main.c ****   {
 318              		.loc 1 151 7 is_stmt 0 view .LVU86
ARM GAS  C:\Users\843E~1\AppData\Local\Temp\cchdyFZo.s 			page 44


 319 0022 6846     		mov	r0, sp
 320 0024 FFF7FEFF 		bl	HAL_RCCEx_PeriphCLKConfig
 321              	.LVL9:
 151:Core/Src/main.c ****   {
 322              		.loc 1 151 6 view .LVU87
 323 0028 10B9     		cbnz	r0, .L14
 155:Core/Src/main.c **** 
 324              		.loc 1 155 1 view .LVU88
 325 002a 15B0     		add	sp, sp, #84
 326              	.LCFI8:
 327              		.cfi_remember_state
 328              		.cfi_def_cfa_offset 4
 329              		@ sp needed
 330 002c 5DF804FB 		ldr	pc, [sp], #4
 331              	.L14:
 332              	.LCFI9:
 333              		.cfi_restore_state
 153:Core/Src/main.c ****   }
 334              		.loc 1 153 5 is_stmt 1 view .LVU89
 335 0030 FFF7FEFF 		bl	Error_Handler
 336              	.LVL10:
 337              		.cfi_endproc
 338              	.LFE1263:
 340              		.section	.text.main,"ax",%progbits
 341              		.align	1
 342              		.global	main
 343              		.syntax unified
 344              		.thumb
 345              		.thumb_func
 347              	main:
 348              	.LFB1261:
  56:Core/Src/main.c ****   HAL_Init();
 349              		.loc 1 56 1 view -0
 350              		.cfi_startproc
 351              		@ Volatile: function does not return.
 352              		@ args = 0, pretend = 0, frame = 0
 353              		@ frame_needed = 0, uses_anonymous_args = 0
 354 0000 08B5     		push	{r3, lr}
 355              	.LCFI10:
 356              		.cfi_def_cfa_offset 8
 357              		.cfi_offset 3, -8
 358              		.cfi_offset 14, -4
  57:Core/Src/main.c ****   MX_APPE_Config();
 359              		.loc 1 57 3 view .LVU91
 360 0002 FFF7FEFF 		bl	HAL_Init
 361              	.LVL11:
  58:Core/Src/main.c **** 
 362              		.loc 1 58 3 view .LVU92
 363 0006 FFF7FEFF 		bl	MX_APPE_Config
 364              	.LVL12:
  60:Core/Src/main.c ****   PeriphCommonClock_Config();
 365              		.loc 1 60 3 view .LVU93
 366 000a FFF7FEFF 		bl	SystemClock_Config
 367              	.LVL13:
  61:Core/Src/main.c **** 
 368              		.loc 1 61 3 view .LVU94
 369 000e FFF7FEFF 		bl	PeriphCommonClock_Config
ARM GAS  C:\Users\843E~1\AppData\Local\Temp\cchdyFZo.s 			page 45


 370              	.LVL14:
  63:Core/Src/main.c ****   MX_GPIO_Init();
 371              		.loc 1 63 3 view .LVU95
 372 0012 FFF7FEFF 		bl	MX_IPCC_Init
 373              	.LVL15:
  64:Core/Src/main.c ****   MX_RTC_Init();
 374              		.loc 1 64 3 view .LVU96
 375 0016 FFF7FEFF 		bl	MX_GPIO_Init
 376              	.LVL16:
  65:Core/Src/main.c ****   MX_I2C1_Init();
 377              		.loc 1 65 3 view .LVU97
 378 001a FFF7FEFF 		bl	MX_RTC_Init
 379              	.LVL17:
  66:Core/Src/main.c ****   MX_RF_Init();
 380              		.loc 1 66 3 view .LVU98
 381 001e FFF7FEFF 		bl	MX_I2C1_Init
 382              	.LVL18:
  67:Core/Src/main.c **** 
 383              		.loc 1 67 3 view .LVU99
 384 0022 FFF7FEFF 		bl	MX_RF_Init
 385              	.LVL19:
  73:Core/Src/main.c ****   /* PA4 drives the P-channel MOSFET gate: HIGH = sensor power OFF. */
 386              		.loc 1 73 3 view .LVU100
 387 0026 0022     		movs	r2, #0
 388 0028 4FF48061 		mov	r1, #1024
 389 002c 4FF09040 		mov	r0, #1207959552
 390 0030 FFF7FEFF 		bl	HAL_GPIO_WritePin
 391              	.LVL20:
  75:Core/Src/main.c **** 
 392              		.loc 1 75 3 view .LVU101
 393 0034 0122     		movs	r2, #1
 394 0036 1021     		movs	r1, #16
 395 0038 4FF09040 		mov	r0, #1207959552
 396 003c FFF7FEFF 		bl	HAL_GPIO_WritePin
 397              	.LVL21:
  81:Core/Src/main.c **** 
 398              		.loc 1 81 3 view .LVU102
 399 0040 FFF7FEFF 		bl	MX_APPE_Init
 400              	.LVL22:
 401              	.L16:
  83:Core/Src/main.c ****   {
 402              		.loc 1 83 3 discriminator 1 view .LVU103
  85:Core/Src/main.c ****   }
 403              		.loc 1 85 5 discriminator 1 view .LVU104
 404 0044 FFF7FEFF 		bl	MX_APPE_Process
 405              	.LVL23:
  83:Core/Src/main.c ****   {
 406              		.loc 1 83 9 discriminator 1 view .LVU105
 407 0048 FCE7     		b	.L16
 408              		.cfi_endproc
 409              	.LFE1261:
 411              		.text
 412              	.Letext0:
 413              		.file 4 "g:\\arm\\10 2021.10\\arm-none-eabi\\include\\machine\\_default_types.h"
 414              		.file 5 "g:\\arm\\10 2021.10\\arm-none-eabi\\include\\sys\\_stdint.h"
 415              		.file 6 "Drivers/CMSIS/Device/ST/STM32WBxx/Include/stm32wb55xx.h"
 416              		.file 7 "Drivers/STM32WBxx_HAL_Driver/Inc/stm32wbxx_hal_def.h"
ARM GAS  C:\Users\843E~1\AppData\Local\Temp\cchdyFZo.s 			page 46


 417              		.file 8 "Drivers/STM32WBxx_HAL_Driver/Inc/stm32wbxx_hal_gpio.h"
 418              		.file 9 "Drivers/STM32WBxx_HAL_Driver/Inc/stm32wbxx_hal_rcc.h"
 419              		.file 10 "Drivers/STM32WBxx_HAL_Driver/Inc/stm32wbxx_hal_rcc_ex.h"
 420              		.file 11 "Drivers/STM32WBxx_HAL_Driver/Inc/stm32wbxx_hal_pwr.h"
 421              		.file 12 "Drivers/STM32WBxx_HAL_Driver/Inc/stm32wbxx_hal.h"
 422              		.file 13 "Core/Inc/app_entry.h"
 423              		.file 14 "Core/Inc/ipcc.h"
 424              		.file 15 "Core/Inc/gpio.h"
 425              		.file 16 "Core/Inc/rtc.h"
 426              		.file 17 "Core/Inc/i2c.h"
 427              		.file 18 "Core/Inc/rf.h"
 428              		.file 19 "<built-in>"
ARM GAS  C:\Users\843E~1\AppData\Local\Temp\cchdyFZo.s 			page 47


DEFINED SYMBOLS
                            *ABS*:00000000 main.c
C:\Users\843E~1\AppData\Local\Temp\cchdyFZo.s:20     .text.Dbg_Print:00000000 $t
C:\Users\843E~1\AppData\Local\Temp\cchdyFZo.s:26     .text.Dbg_Print:00000000 Dbg_Print
C:\Users\843E~1\AppData\Local\Temp\cchdyFZo.s:57     .text.Error_Handler:00000000 $t
C:\Users\843E~1\AppData\Local\Temp\cchdyFZo.s:63     .text.Error_Handler:00000000 Error_Handler
C:\Users\843E~1\AppData\Local\Temp\cchdyFZo.s:95     .text.SystemClock_Config:00000000 $t
C:\Users\843E~1\AppData\Local\Temp\cchdyFZo.s:101    .text.SystemClock_Config:00000000 SystemClock_Config
C:\Users\843E~1\AppData\Local\Temp\cchdyFZo.s:275    .text.PeriphCommonClock_Config:00000000 $t
C:\Users\843E~1\AppData\Local\Temp\cchdyFZo.s:281    .text.PeriphCommonClock_Config:00000000 PeriphCommonClock_Config
C:\Users\843E~1\AppData\Local\Temp\cchdyFZo.s:341    .text.main:00000000 $t
C:\Users\843E~1\AppData\Local\Temp\cchdyFZo.s:347    .text.main:00000000 main

UNDEFINED SYMBOLS
memset
HAL_PWR_EnableBkUpAccess
HAL_RCC_OscConfig
HAL_RCC_ClockConfig
HAL_RCCEx_PeriphCLKConfig
HAL_Init
MX_APPE_Config
MX_IPCC_Init
MX_GPIO_Init
MX_RTC_Init
MX_I2C1_Init
MX_RF_Init
HAL_GPIO_WritePin
MX_APPE_Init
MX_APPE_Process
